118903,Say yes to the dress Danmark,da,3,10.0,2018-02-05,2018-04-30,false,962.0,[Reality]
82680,Diamantfamilien,da,2,10.0,2018-03-26,2023-09-06,true,3.128,["Comedy,  Reality"]
196844,Det rene vanvid,da,2,10.0,2022-04-04,2022-05-17,true,0.6,[Family]
220486,Hells Angels – storhed og fald,da,2,10.0,2023-02-15,2023-03-15,true,1.96,["Documentary,  Crime"]
249146,Stormester - en chance til,da,2,10.0,2024-03-16,2024-03-30,true,29.77,["Reality,  Comedy"]
215899,"Ingemann - Hitler, Stalin og Churchill",da,2,10.0,2022-12-07,2022-12-27,true,0.6,[Documentary]
38834,Politijagt,da,2,10.0,2009-10-15,2023-09-27,true,23.661,["Reality,  Documentary"]
211751,Sunday - Halloween Special,da,2,10.0,2022-10-06,2022-10-06,true,1.464,["Comedy,  Drama"]
203739,I hjernen på stjernen,da,2,10.0,2022-05-19,2022-06-16,true,0.6,[Reality]
212790,Curlerkongen - historien om en dansk verdenssucces,da,2,10.0,2022-10-16,2022-10-16,true,0.6,[Documentary]
153461,Hooligan,da,2,10.0,2021-11-26,2023-01-27,true,847.0,["Crime,  Action & Adventure,  Drama"]
198218,Linde på Langeland,da,2,10.0,2022-04-13,2023-06-08,true,616.0,[Family]
218108,Til salg i 100 år,da,2,10.0,2023-01-11,2023-02-22,true,0.6,[Reality]
97603,Så er der tegnefilm,da,2,10.0,2019-11-01,2020-06-12,true,1.514,["Animation,  Kids"]
213851,Grænsevagterne - Sverige,da,2,10.0,2022-11-05,2022-11-05,true,707.0,["Documentary,  Crime"]
111516,Boligkøb i blinde,da,2,10.0,2017-09-05,2022-11-29,true,1.107,["Reality,  Family"]
217485,Sirius,da,2,10.0,2023-01-02,2023-01-02,true,0.6,[Documentary]
209060,Stjerne Boksning - Talkshow,da,1,10.0,2022-08-27,2022-08-27,true,0.6,[Reality]
214148,True Love - Talkshowet,da,1,10.0,2022-11-08,2022-11-08,true,0.6,[Reality]
214142,De Stjålne Børn,da,1,10.0,2022-11-09,2022-11-23,true,0.6,[Documentary]
219698,Det fede fællesskab,da,1,10.0,2023-01-31,2023-01-31,true,0.6,["Reality,  Documentary"]
227336,Efterretningstjenesten,da,1,10.0,2023-05-28,2023-07-02,true,1.711,["Documentary,  Crime"]
137694,Jeg er her stadig,da,1,10.0,2018-08-29,2018-09-12,false,0.92,[Documentary]
219620,Danskere i verden,da,1,10.0,2023-03-12,2023-04-16,true,1.257,["Reality,  Documentary"]
215904,All Exclusive,da,1,10.0,2022-12-07,2023-06-15,true,1.569,["Comedy,  Documentary"]
136452,Juleklip med Jørgen Clevin,da,1,10.0,1992-12-01,1992-12-24,false,0.6,["Kids,  Family"]
218628,Reality Awards - Denmark,da,1,10.0,,2023-01-19,true,0.6,[Reality]
203561,Førstevælger - med Hav & Kamal,da,1,10.0,2022-06-06,2022-06-06,true,909.0,["Reality,  Comedy"]
124813,Curlingklubben begynder til,da,1,10.0,2021-05-03,2021-05-10,true,641.0,["Reality,  Documentary"]
231054,På eventyr i det ukendte,da,1,10.0,2023-07-20,2023-07-20,true,1.373,[Documentary]
229498,Kunstig intelligens,da,1,10.0,2023-06-27,2023-06-27,true,918.0,[Documentary]
232255,Rathsack og narkokrigen,da,1,10.0,2023-08-09,2023-08-30,true,792.0,[Documentary]
212632,Mørklagt,da,1,10.0,2022-10-18,2022-10-18,true,0.6,["Documentary,  Crime"]
213671,Sunday - VM Special,da,1,10.0,2022-11-02,2022-11-09,true,0.6,[Comedy]
119162,Retten indefra,da,1,10.0,2018-02-07,2018-03-21,false,0.6,["Reality,  Documentary"]
124036,Jan Hellesøe - Det store rygestop,da,1,10.0,2021-04-10,2021-04-22,true,0.6,["Talk,  Mystery"]
218903,Forladt,da,1,10.0,2023-01-23,2023-01-23,true,0.6,[Documentary]
212760,Pigerne på kanten,da,1,10.0,2022-10-26,2022-11-23,true,0.6,[Documentary]
220334,Cici & DeeDee - Dollars i Dubai,da,1,10.0,2023-02-13,2023-03-06,true,0.6,["Documentary,  Reality"]
219910,Øen VIP,da,1,10.0,2023-02-09,2023-02-23,true,1.247,[Reality]
226061,The Journey: 15 dage i Nepal,da,1,10.0,2023-05-08,2023-06-26,true,1.369,["Reality,  Action & Adventure"]
117282,Kære Tove Ditlevsen,da,1,10.0,2020-06-17,2020-06-17,false,0.6,[Documentary]
197346,Med livet i hænderne,da,1,10.0,2022-04-11,2022-04-11,true,615.0,[Reality]
117774,Når arven splitter os,da,1,10.0,2017-01-02,2022-08-25,true,0.6,[Documentary]
236248,Blev vores datter myrdet?,da,1,10.0,2023-10-02,2023-10-02,true,1.96,["Documentary,  Crime"]
117734,Hvorfor snakker vi ikke om mig?,da,1,10.0,2020-10-08,2023-01-14,true,2.446,[Comedy]
227974,Farlige forældre,da,1,10.0,2023-06-05,2023-06-12,true,0.6,[Documentary]
123892,Forenet med fjenden,da,1,10.0,2018-02-22,2018-03-01,true,0.6,[Reality]
123885,From 1-bedroom to Beach Road Villa,da,1,10.0,2020-01-29,2022-09-28,true,671.0,["Reality,  Family"]
221027,"Ups, vi er voksne",da,1,10.0,2023-02-23,2023-03-30,true,0.6,["Documentary,  Reality"]
66311,Hammerslag,da,1,10.0,2007-03-06,2023-05-16,true,9.305,["Reality,  Family"]
131819,Super Carla,da,1,10.0,1968-02-03,1968-03-02,false,2.386,["Family,  Kids"]
204260,Daniels Drive By - Skud ud til Vestegnen,da,1,10.0,2020-08-24,2021-01-04,true,0.6,["Talk,  Documentary,  Comedy"]
116494,Det store Ramasjang Mysterie,da,1,10.0,2019-10-05,2022-02-11,true,2.084,[Kids]
211540,Felix og Åmanden,da,1,10.0,2022-10-03,2022-10-03,true,1.849,["Family,  Mystery"]
100637,Danske mord,da,1,10.0,2008-03-02,2022-11-28,true,1.302,[Documentary]
117693,Fie,da,1,10.0,2021-01-24,2021-01-24,true,0.6,[Reality]
225240,De usynlige hjemløse,da,1,10.0,2023-04-25,2023-04-25,true,0.74,[Documentary]
235911,Gåden om Thyra,da,1,10.0,2023-09-27,2023-09-27,true,4.666,["Documentary,  Reality"]
104320,Komiker for en aften,da,1,10.0,2018-12-03,2018-12-20,false,829.0,["Comedy,  Reality"]
213716,Fjernet,da,1,10.0,2022-11-03,2022-11-03,true,0.6,[Documentary]
219427,Atomkraft - ja tak,da,1,10.0,2023-01-30,2023-01-30,true,0.6,[Documentary]
201321,Medina: Hele min historie,da,1,10.0,2022-05-05,2022-06-16,true,744.0,["Documentary,  Reality"]
201319,Herlufsholms hemmeligheder,da,1,10.0,2022-05-05,2022-05-05,false,1.276,[Documentary]
119548,2 Days,da,1,10.0,2021-02-22,2022-04-11,true,1.609,[Action & Adventure]
235387,Importeret til misbrug,da,1,10.0,2023-09-20,2023-09-20,true,2.106,[Documentary]
203219,Buch Thorborg,da,1,10.0,2022-05-31,2022-07-12,true,0.6,[Reality]
127689,Efterskolen,da,1,10.0,2021-06-13,2021-06-13,true,0.6,[Documentary]
217610,Alkoholeksperimentet,da,1,10.0,2023-01-03,2023-01-03,true,0.6,[Reality]
238434,Børn på druk,da,1,10.0,2023-10-30,2023-10-30,true,2.744,[Documentary]
221864,Curlingklubben på sabbatårsrejse,da,1,10.0,2023-03-10,2023-03-10,true,0.6,["Reality,  Documentary"]
237885,Sagt med sjov,da,1,10.0,2023-10-23,2023-10-30,true,1.714,["Reality,  Comedy"]
127283,DM i stand-up,da,1,10.0,2004-01-12,2021-11-25,true,2.138,[Comedy]
237885,Sagt med sjov,da,1,10.0,2023-10-23,2023-10-30,true,9.39,["Reality,  Comedy"]
238434,Børn på druk,da,1,10.0,2023-10-30,2023-10-30,true,1.677,[Documentary]
238427,Min far slog min familie ihjel,da,1,10.0,2023-10-30,2023-10-30,true,2.744,[Documentary]
239546,Knoglerne fra KZ-lejren,da,1,10.0,2023-11-14,2023-11-14,true,1.96,[Documentary]
247065,Mysteriet på Bornholm,da,1,10.0,2024-02-23,2024-03-29,true,69.63,["Action & Adventure,  Kids,  Family"]
248939,Et helvedes børnehjem,da,1,10.0,2024-03-13,2024-03-20,true,1.876,[Documentary]
213557,Mads til grænsen,da,1,10.0,2022-10-31,2022-10-31,true,927.0,["Documentary,  Comedy,  Action & Adventure"]
207362,Anja blev skudt i fields,da,1,10.0,2022-08-03,2022-08-03,true,0.6,["Documentary,  Crime"]
237711,Slædepatruljen,da,1,10.0,2023-10-20,2023-10-27,true,4.251,[Documentary]
237711,Slædepatruljen,da,1,10.0,2023-10-20,2023-10-27,true,1.25,[Documentary]
239664,Nu' det jul igen,da,1,10.0,2023-11-16,,true,0.0,["Comedy,  Family"]
238427,Min far slog min familie ihjel,da,1,10.0,2023-10-30,2023-10-30,true,1.677,[Documentary]
239400,Jagten - hvor er Mike?,da,1,10.0,2023-11-13,2023-11-13,true,2.744,[Documentary]
239239,Ikke et ord,da,1,10.0,2023-11-09,2023-11-09,true,5.353,["Crime,  Drama"]
232567,"Ja, jeg er dværg!",da,1,10.0,2023-08-14,2023-09-04,true,1.114,[Documentary]
207381,Krypto,da,1,10.0,2022-05-05,2022-05-05,true,0.84,[Documentary]
231832,Hemmeligheden i skyggearkivet,da,1,10.0,2023-08-02,2023-08-09,true,1.154,[Documentary]
237177,Politi i forfald,da,1,10.0,2023-10-15,2023-10-15,true,2.744,["Reality,  Crime"]
104307,Fristet,da,1,10.0,2011-09-05,2012-11-15,false,1.218,[Reality]
198081,Druknet,da,1,10.0,2022-04-21,2022-05-19,true,0.6,["Documentary,  Crime"]
158212,Højt til hest,da,1,10.0,2022-02-21,2022-03-21,true,0.6,[Reality]
198010,Vild kærlighed,da,1,10.0,2022-04-10,2022-05-08,true,721.0,[Reality]
196782,Drabet på færgen,da,1,10.0,2022-04-03,2022-04-03,true,0.6,["Documentary,  Crime"]
232701,Presset ungdom,da,1,10.0,2023-08-16,2023-08-23,true,0.76,[Documentary]
209284,MasterChef: De unge talenter,da,1,10.0,2022-08-25,2022-09-08,true,0.6,["Family,  Reality"]
43795,Bamses julerejse,da,1,10.0,1996-12-01,1996-12-24,false,4.303,[Kids]
122083,Anna og Lotte,da,1,10.0,2002-10-04,2005-12-02,true,1.4,[Kids]
209279,Gennem Grand Canyon - Det vildeste eventyr,da,1,10.0,2022-09-01,2022-10-20,true,1.804,["Reality,  Action & Adventure"]
229145,Mareridtet på Sneppevej,da,1,10.0,2023-06-21,2023-06-28,true,0.6,[Documentary]
218429,De danske kamppiloter,da,1,10.0,2023-01-16,2023-01-23,true,0.6,["Documentary,  War & Politics"]
229453,"Da vi troede, vi skulle dø",da,1,10.0,2023-06-26,2023-06-26,true,0.6,[Documentary]
226556,The IT bubble - ecstasy and collapse,da,1,10.0,2023-05-15,2023-06-19,true,1.376,[Documentary]
226557,Fantino vs Bonde,da,1,10.0,2023-05-13,2023-05-20,true,0.6,[Comedy]
227040,Bachelorette,da,1,10.0,2023-05-23,2023-07-25,true,703.0,[Reality]
112462,Vild Vild Vestkyst,da,1,10.0,2019-09-01,2020-11-05,false,0.6,[Reality]
228813,Magnus & Myggen,da,1,10.0,2001-06-15,2001-06-15,true,745.0,[Animation]
197091,Overlev ødemarken - Kaukasus,da,1,10.0,2022-04-07,2022-05-19,true,919.0,[Reality]
123107,Forsvundne arvinger,da,1,10.0,2018-01-30,2023-05-08,true,1.041,["Documentary,  Family,  Mystery"]
223757,Jada,da,1,10.0,2023-05-22,2023-06-19,true,802.0,[Documentary]
234220,Nogen ved noget om Emilie Meng – Special,da,1,10.0,2023-09-06,2023-09-20,true,3.995,["Documentary,  Crime"]
223507,Bag forbrydelsen med Janni Pedersen,da,1,10.0,2022-01-14,2022-01-14,true,0.6,["Documentary,  Crime"]
210083,Den Bedste Tid,da,1,10.0,2022-01-31,2022-03-14,true,1.974,[Comedy]
228854,Længe leve de 100-årige,da,1,10.0,2023-06-16,2023-06-16,true,0.6,[Documentary]
136309,Cirkus Julius,da,1,10.0,1988-12-01,1988-12-24,false,5.106,["Family,  Kids"]
201731,Den falske mig,da,1,10.0,2022-05-11,2022-05-25,true,0.6,["Documentary,  Crime"]
222700,The Priest From Hell,da,1,10.0,2023-03-21,2023-03-21,false,6.99,["Documentary,  Crime"]
228815,Sunes verden,da,1,10.0,2002-02-15,2002-02-15,true,621.0,[Animation]
137771,Fantomforhold,da,1,10.0,2021-11-01,2021-12-13,true,665.0,["Drama,  Comedy"]
222406,Paraplymordet - Historien om Agent Piccadilly,da,1,10.0,2023-03-16,2023-03-16,true,737.0,["Documentary,  Crime"]
227488,Drugged i nattelivet,da,1,10.0,2023-05-30,2023-06-06,true,682.0,["Documentary,  Crime"]
231334,Balladen om kolonihaven,da,1,10.0,2023-07-25,2023-08-15,true,1.269,[Documentary]
231392,Børste,da,1,10.0,2021-03-29,2021-03-29,true,0.6,["Animation,  Kids"]
223267,Oprør,da,1,10.0,2023-03-27,2023-03-27,true,0.6,[Documentary]
227490,Vores vilde oplevelser,da,1,10.0,2023-05-30,2023-05-30,true,0.6,[Documentary]
223269,"Incels - mænd, der hader kvinder",da,1,10.0,2023-03-27,2023-03-27,true,0.6,[Documentary]
214435,Ørnedræberne,da,1,10.0,2022-11-13,2022-11-13,true,0.6,[Documentary]
214430,Bad Bitch,da,1,10.0,2022-11-11,2022-11-11,true,1.67,["Drama,  Comedy"]
135073,Politijagt USA,da,1,10.0,2018-09-25,2018-11-06,false,921.0,[Documentary]
223218,Killjoy,da,1,10.0,2023-04-02,2023-05-07,true,1.037,[Drama]
195013,2 Døgn - Et Juleeventyr,da,1,10.0,2021-12-01,2021-12-01,true,0.6,["Crime,  Action & Adventure"]
226972,Låst inde for livet,da,1,10.0,2023-05-22,2023-05-29,true,772.0,["Documentary,  Crime"]
133164,Pludselig boede jeg hos Sussi og Leo,da,1,10.0,2021-05-24,2021-05-24,true,896.0,[Reality]
227207,Sussi uden Leo,da,1,10.0,2023-05-26,2023-05-26,true,0.6,[Documentary]
202557,Dag & Nat,da,1,10.0,2022-05-29,2022-07-24,true,3.746,[Drama]
195806,Reality Awards,da,1,10.0,2022-03-19,2022-03-19,true,0.6,[Reality]
233599,Danskeren bag bomben,da,1,10.0,2023-08-28,2023-08-28,true,997.0,[Documentary]
120702,Løvens hule - velkommen til virkeligheden,da,1,10.0,2020-08-19,2023-08-30,true,6.313,["Reality,  Documentary"]
137875,Linse på tur,da,1,10.0,2021-11-02,2021-11-02,true,0.6,[Reality]
197000,For farlig til frihed?,da,1,10.0,2022-04-06,2022-04-27,true,674.0,["Crime,  Documentary"]
224300,Sidney,da,1,10.0,2023-04-11,2023-04-25,true,0.74,[Documentary]
197985,Bro og Jasmin,da,1,10.0,2022-04-12,2022-10-18,true,0.6,[Reality]
225594,The rally,da,1,10.0,2023-04-30,2023-05-14,true,0.6,[Documentary]
223913,Ombord,da,1,10.0,2023-04-05,2023-06-07,true,828.0,[Reality]
120876,Cirkus Summarum,da,1,10.0,2010-08-01,2023-08-06,true,2.115,["Kids,  Family"]
118149,Historien om mennesket - med Rane Willerslev,da,1,10.0,2020-12-27,2020-12-30,false,638.0,[Documentary]
210296,Jagten på elefantordenen,da,1,10.0,2022-09-15,2022-09-15,true,0.6,[Documentary]
210300,Mor er major,da,1,10.0,1985-11-09,1985-12-14,true,0.62,[Drama]
101467,29,da,1,10.0,2018-05-03,2021-01-01,true,2.583,["Comedy,  Drama"]
233563,Tre sultne mænd,da,1,10.0,2023-08-28,2023-09-18,true,1.976,["Documentary,  Talk"]
158670,Efter lukketid,da,1,10.0,2022-02-28,2022-03-28,true,0.6,["Comedy,  Reality"]
210127,True Love - Danmark,da,1,10.0,2022-09-13,2022-09-13,true,0.6,[Reality]
214202,Nissen flytter altid med,da,1,10.0,2022-11-10,2022-11-17,false,1.068,[Documentary]
60598,Animal Life: Young & Wild,da,1,10.0,2002-01-01,2002-01-12,false,702.0,[Documentary]
202713,Den Sorte Box,da,1,10.0,2007-03-27,2007-03-27,true,622.0,["Documentary,  Crime"]
226672,Spionerne bag skærmen,da,1,10.0,2023-05-17,2023-05-24,false,0.6,[Documentary]
217173,Sunday - Nytårsspecial,da,1,10.0,2022-12-26,2022-12-26,true,1.188,[Comedy]
213280,De Uduelige,da,1,10.0,2022-10-27,2022-12-01,true,0.95,["Reality,  Comedy"]
210152,Noget i ærmet,da,1,10.0,2019-07-17,2019-07-17,true,0.6,["Reality,  Comedy"]
213284,Danmarks stærkeste hænder,da,1,10.0,2022-10-27,2022-10-27,true,676.0,[Reality]
231120,Klar med svar,da,1,10.0,2023-07-22,2023-09-09,true,2.481,["Comedy,  Reality"]
221332,Lima - Indsatsledere I Aktion,da,1,10.0,2023-02-28,2023-05-02,true,1.68,["Documentary,  Reality"]
122508,Odderen Svenn,da,1,10.0,2021-04-05,2021-04-05,true,696.0,["Kids,  Documentary"]
219195,Når livet tager en drejning,da,1,10.0,2023-01-27,2023-01-27,true,0.6,[Documentary]
227547,Eks-rockeren og de løsladte fanger,da,1,10.0,2023-05-31,2023-06-21,true,0.6,[Documentary]
227566,Hundens verden,da,1,10.0,2021-01-14,2021-01-14,true,0.6,["Documentary,  Reality"]
235116,Iran i hjertet,da,1,10.0,2023-09-14,2023-09-14,true,1.938,[Documentary]
126535,Skru Tiden Tilbage,da,1,10.0,2016-08-23,2017-09-27,true,627.0,["Family,  Documentary"]
227589,Villum & Schmidt i Danmark,da,1,10.0,2019-01-04,2019-01-04,true,0.6,[Documentary]
211978,De kødædende bakterier,da,1,10.0,2021-10-10,2021-10-24,true,0.6,[Documentary]
212000,The Boy who Hacked The Pentagon,da,1,10.0,2022-10-10,2022-10-10,false,0.6,[Documentary]
227579,Villum & Schmidt - Vinter i Geilo,da,1,10.0,2017-07-11,2017-07-11,true,1.4,[Documentary]
227597,Villum & Schmidt til søs,da,1,10.0,2018-03-06,2018-03-06,true,894.0,[Documentary]
219121,Danmarks rareste rockere,da,1,10.0,2021-12-20,2021-12-20,true,0.6,[Documentary]
227581,Villum & Schmidt - Sommer i Geilo,da,1,10.0,2017-09-06,2017-09-06,true,1.4,[Documentary]
227594,Bubber & Villum til søs,da,1,10.0,2021-03-26,2021-03-26,true,0.64,[Documentary]
231630,Dansk fodbold til salg,da,1,10.0,2023-07-30,2023-07-30,true,784.0,[Documentary]
213897,The National Team Coaches,da,1,10.0,2022-10-17,2022-11-15,false,0.6,[Documentary]
118816,Sommertogtet - Lyden af vores land,da,1,10.0,2020-07-05,2020-08-09,false,655.0,["Talk,  Family"]
8056,Hvem vil være millionær?,da,1,10.0,2019-10-13,2021-02-21,true,2.253,["Family,  Talk"]
207861,Supersælgerne,da,1,10.0,2002-08-10,2004-04-27,true,621.0,[Reality]
206652,Fantino og Bonde på Dansktoppen,da,1,10.0,2022-07-15,2022-07-15,true,0.6,["Comedy,  Reality"]
121440,I Danmark er jeg født,da,1,10.0,2019-03-04,2019-03-25,true,0.6,[Documentary]
74158,Voice Junior,da,1,10.0,2014-04-12,2017-11-11,true,1.404,["Kids,  Reality,  Family"]
204406,Ingemann og Bornholm,da,1,10.0,2022-06-20,2022-06-27,false,661.0,["Documentary,  Reality"]
121153,Ramasjang Club,da,1,10.0,2014-05-06,2014-10-14,true,0.6,[Kids]
216598,Min egen kurs,da,1,10.0,2022-12-19,2023-06-06,true,0.64,["Action & Adventure,  Talk,  Reality,  Documentary"]
118606,Stjernekigger,da,1,10.0,2017-02-05,2017-04-10,false,762.0,["Comedy,  Talk"]
126631,Demens i familien,da,1,10.0,2017-12-27,2021-05-30,false,0.6,[Documentary]
158449,Forgiftet af konen?,da,1,10.0,2022-03-03,2022-03-10,true,0.6,["Documentary,  Crime"]
231478,Forræder,da,1,10.0,2023-07-28,2023-09-15,true,2.404,["Reality,  Drama,  Mystery"]
224917,Hold mig fast. Før jeg forsvinder,da,1,10.0,2023-04-20,2023-04-20,true,0.6,[Documentary]
235222,Historiske forbrydelser,da,1,10.0,2023-09-19,2023-09-19,true,2.473,["Documentary,  Crime"]
216874,Nicklas Pranker,da,1,10.0,2022-12-16,2022-12-16,true,1.4,[Comedy]
220086,Team Pedersen,da,1,10.0,2023-02-09,2023-02-16,true,0.6,["Family,  Reality"]
208895,Som sunket i jorden - de nye spor,da,1,10.0,2022-08-25,2022-08-25,true,0.6,[Documentary]
117178,Øgendahl og de store forfattere,da,1,10.0,2018-05-09,2019-10-01,false,681.0,[Documentary]
216842,Gigis 100 problemer,da,1,10.0,2022-12-21,2022-12-21,true,687.0,["Animation,  Comedy"]
201470,Sunday Julespecial,da,1,10.0,2020-12-01,2020-12-08,true,888.0,[Comedy]
116537,MGP,da,1,10.0,2015-02-14,2023-02-18,true,5.002,[Kids]
232405,Flaskehalsen peger på,da,1,10.0,2023-08-11,2023-08-11,true,0.6,["Comedy,  Reality"]
202174,Linda P og stjerneskuddene,da,1,10.0,2022-05-17,2022-06-21,true,0.6,["Comedy,  Reality"]
204331,Dokumentarer med Milan,da,1,10.0,2022-05-25,2022-05-25,true,0.6,[Documentary]
219904,Den sidste breddegrad,da,1,10.0,2023-02-06,2023-02-20,true,0.6,["Action & Adventure,  Documentary"]
218768,Get a Life,da,1,10.0,2023-01-20,2023-01-20,true,1.852,["Comedy,  Drama"]
121030,Joe Tech,da,1,10.0,2017-07-02,2017-08-20,true,0.6,[Comedy]
74045,"Location, location, location",da,1,10.0,2014-03-06,2023-09-21,true,5.9,["Reality,  Family"]
200795,Rejsen til isens indre,da,1,10.0,2022-04-28,2022-04-28,true,0.6,[Documentary]
219320,Dansegarderoben,da,1,10.0,2023-02-05,2023-03-26,true,6.339,[Drama]
201487,Stjerne Boksning,da,1,10.0,2021-08-27,2021-08-27,true,0.6,[Reality]
130004,Virkelighedens rejsehold,da,1,10.0,2021-07-28,2021-09-15,true,0.84,["Documentary,  Crime"]
218132,Ulla & Ingemann,da,1,10.0,2023-01-25,2023-03-01,true,1.272,[Documentary]
222079,The Mystery of Odin,da,1,10.0,2023-03-08,2023-03-08,false,1.4,[Documentary]
217486,Nyrup - søn af en udstødt,da,1,10.0,2023-01-02,2023-01-02,true,0.84,[Documentary]
230056,Mistænkeligt spil,da,1,10.0,2023-07-05,2023-07-12,true,647.0,[Documentary]
122101,Godsejerne,da,1,10.0,2015-02-18,2016-03-30,false,0.6,["Reality,  Family"]
210792,Influencers,da,1,10.0,2018-07-15,2018-07-15,true,0.6,[Reality]
229521,Fuck! Vi har tourette,da,1,10.0,2023-06-27,2023-07-11,true,3.176,[Documentary]
206772,518 piger,da,1,10.0,2022-07-26,2022-08-23,true,0.6,[Documentary]
218393,Hjernevaskeren,da,1,10.0,2023-01-16,2023-01-16,true,0.6,["Documentary,  War & Politics"]
226283,Emil Lange bliver rig,da,1,10.0,2023-05-11,2023-05-11,true,1.11,[Documentary]
106593,Plejehjemmene bag facaden,da,1,10.0,2020-07-30,2020-07-30,false,0.6,[Documentary]
226203,En gang narkostrømer,da,1,10.0,2023-05-10,2023-05-24,true,766.0,["Documentary,  Crime"]
200999,Live fra Wallenberg,da,1,10.0,2022-05-01,2022-05-01,true,656.0,["Family,  Documentary,  Action & Adventure"]
120352,Max Pinlig,da,1,10.0,2007-01-13,2008-03-22,false,992.0,[Kids]
237177,Politi i forfald,da,1,10.0,2023-10-15,2023-10-22,true,9.239,["Reality,  Crime"]
226299,Mit Liv Som Betjent,da,1,10.0,2023-05-11,2023-05-11,true,0.6,["Documentary,  Crime"]
197415,Niels Bohrs hemmelighed,da,1,10.0,2022-04-11,2022-04-11,true,0.6,["Documentary,  Mystery"]
228170,Inger og det dårlige selskab,da,1,10.0,2023-06-07,2023-06-14,true,817.0,[Documentary]
237885,Sagt med sjov,da,1,10.0,2023-10-23,2023-10-23,true,1.96,["Reality,  Comedy"]
157902,Panik,da,1,10.0,2021-12-05,2022-01-23,true,0.6,[Comedy]
237711,Slædepatruljen,da,1,10.0,2023-10-20,2023-10-20,true,4.773,[Documentary]
238427,Min far slog min familie ihjel,da,1,10.0,2023-10-30,2023-10-30,true,2.458,[Documentary]
228168,Frontlinje Bornholm,da,1,10.0,2023-06-07,2023-06-07,true,811.0,["Documentary,  War & Politics"]
238434,Børn på druk,da,1,10.0,2023-10-30,2023-10-30,true,3.284,[Documentary]
242703,Alle elsker Sinan,da,1,10.0,2023-11-30,2023-11-30,true,0.6,[Reality]
243102,Vilde eventyr - med Vicky og Rane,da,1,10.0,2024-01-07,2024-01-07,true,1.28,["Documentary,  Reality"]
237711,Slædepatruljen,da,1,10.0,2023-10-20,2023-10-27,true,1.893,[Documentary]
221110,Guldfeber,da,1,10.0,2023-02-24,2023-02-24,true,0.84,["Comedy,  Drama"]
237885,Sagt med sjov,da,1,10.0,2023-10-23,2023-10-30,true,2.459,["Reality,  Comedy"]
93390,Minkavlerne,da,6,9.667,2019-09-01,2023-10-02,true,19.036,[Comedy]
85834,Dahlgårds Tivoli,da,2,9.5,1999-06-20,1999-08-08,false,0.6,[Documentary]
99685,SUSPEKT,da,2,9.5,2020-02-19,2020-03-11,false,0.84,[Documentary]
69351,Nana,da,2,9.5,1988-10-22,1988-11-26,false,1.429,["Family,  Kids,  Comedy"]
114248,Verdens Lykkeligste Landshold,da,2,9.5,2020-01-07,2020-12-07,false,0.6,[Documentary]
94562,Gæsten og Hesten,da,2,9.5,2019-07-06,2021-07-24,true,1.383,["Reality,  Comedy"]
207740,Vold og kontrol bag sløret,da,2,9.5,2022-08-08,2022-08-08,true,0.6,[Documentary]
127905,Comedy kuren,da,2,9.5,2008-08-28,2008-11-13,false,2.149,["Reality,  Comedy"]
99706,Tæt på sandheden med Jonatan Spang,da,2,9.5,2017-09-17,2023-09-30,true,13.019,["News,  Comedy"]
69576,Korpset,da,3,9.3,2017-01-04,2023-09-13,true,3.911,[Reality]
4395,Matador,da,26,9.115,1978-11-11,1982-01-02,false,7.078,[Drama]
32718,Robinson Ekspeditionen,da,4,9.0,1998-09-21,2023-10-02,true,28.245,[Reality]
197288,Det forsvundne ravkammer,da,2,9.0,2022-04-10,2022-04-17,true,2.671,["Family,  Mystery"]
119189,Profil af en morder,da,2,9.0,2018-02-14,2019-03-13,true,0.71,["Documentary,  Crime"]
203283,Dyreværnet - bag facaden,da,2,9.0,2022-06-02,2022-07-14,true,0.6,[Documentary]
100180,Scandinavian Star,da,2,9.0,2020-03-08,2020-04-06,false,1.96,[Documentary]
42857,Absalons secret,da,2,9.0,2006-12-01,2006-12-24,false,10.745,["Family,  Action & Adventure,  Drama,  Kids"]
46814,Spise med Price,da,2,9.0,2009-02-27,2023-09-11,true,6.439,["Documentary,  Talk"]
69937,Danmark har talent,da,1,9.0,2014-12-20,2019-11-23,true,4.361,["Family,  Reality"]
43637,Anstalten,da,1,9.0,2011-04-11,2011-05-16,false,676.0,[Comedy]
121532,Hitlers danske soldater,da,1,9.0,2020-12-28,2022-05-18,true,0.84,[Documentary]
51760,Pyrus: Alletiders eventyr,da,1,9.0,2000-12-01,2000-12-24,false,7.755,["Family,  Kids"]
207791,Grænseløst forelsket,da,1,9.0,2022-08-07,2022-09-11,true,1.181,[Reality]
128016,Jason and Noah - Another Chance,da,1,9.0,2017-04-10,2017-04-17,false,877.0,[Documentary]
117135,Kærlighed hvor kragerne vender,da,1,9.0,2020-03-04,2022-04-12,true,2.209,[Reality]
116483,Bertil & Bæltetasken,da,1,9.0,2020-12-01,2020-12-01,true,887.0,["Kids,  Family"]
120414,Maden flytter ind,da,1,9.0,2020-11-12,2020-12-03,true,0.6,["Reality,  Family,  Documentary"]
106860,Det sidste ord,da,1,9.0,2020-08-03,2023-06-17,true,905.0,["Documentary,  Talk"]
116487,Det Store Kaffemysterie,da,1,9.0,2020-10-30,2020-10-30,true,0.6,[Kids]
78006,Krimi5,da,1,9.0,2009-10-15,2011-02-24,true,873.0,[Crime]
209235,Besættelsens danske filmkonger,da,1,9.0,2017-11-29,2017-12-06,false,0.6,[Documentary]
130828,Jægerkorpset,da,1,9.0,2021-08-09,2021-09-13,true,0.6,[Documentary]
135221,Nogen ved noget om Emilie Meng,da,1,9.0,2021-09-29,2021-10-27,true,0.6,[Crime]
135248,Vi er ordbildne,da,1,9.0,2021-09-29,2021-09-29,true,715.0,[Documentary]
118141,Stjerner i trøjen,da,1,9.0,2021-02-11,2021-03-18,true,2.298,[Reality]
139498,Kenya på egen krop,da,1,9.0,2021-11-01,2021-11-01,true,0.6,[Documentary]
209184,En stor aften med Simon Talbot,da,1,9.0,2022-08-30,2023-07-29,true,1.761,[Comedy]
112818,When Mom or Dad is mentally ill,da,1,9.0,2020-10-26,2020-11-16,true,0.6,[Documentary]
116668,Ud af mørket med Daniel Rye,da,1,9.0,2020-11-10,2021-10-21,true,0.84,[Documentary]
134340,Hunden Ib,da,1,9.0,2019-01-01,2019-06-25,false,0.84,["Kids,  Animation"]
152681,Togulykken,da,1,9.0,2021-11-28,2021-11-28,true,0.6,[Documentary]
124471,Rosa Redder Frøerne,da,1,9.0,2021-04-09,2021-04-23,true,0.6,[Kids]
121041,Kendisfamilier,da,1,9.0,2019-02-04,2021-05-24,true,2.58,[Documentary]
117803,Curlingklubbens obligatoriske naturtur,da,1,9.0,2021-01-29,2021-01-29,false,0.6,[Documentary]
128783,På sporet af de hemmelige koldkrigskasser,da,1,9.0,2021-07-05,2021-07-05,true,0.6,[Documentary]
98727,Familien Asbæk,da,1,9.0,2020-01-26,2020-03-01,true,919.0,[Reality]
45391,Nissernes Ø,da,1,9.0,2003-12-01,2003-12-24,false,6.712,["Kids,  Family"]
204536,I fronten,da,4,8.75,2022-06-11,2022-06-11,true,0.6,["Documentary,  Crime"]
40662,Pagten,da,3,8.7,2009-12-01,2009-12-24,false,5.561,["Family,  Kids,  Drama"]
207901,Boys,da,3,8.7,2022-08-14,2022-08-14,true,1.628,[Drama]
104347,Forbrydelser der rystede Danmark,da,3,8.7,2019-03-27,2023-05-03,true,1.752,[Documentary]
42669,Jesus & Josefine,da,3,8.7,2003-12-01,2003-12-24,false,9.217,["Kids,  Family,  Sci-Fi & Fantasy"]
68850,Ditte & Louise,da,4,8.5,2015-06-05,2016-12-16,false,1.906,[Comedy]
84630,Theo and the magic talisman,da,4,8.5,2018-12-01,2018-12-24,true,18.392,["Drama,  Family,  Sci-Fi & Fantasy"]
214147,Dødsdømt,da,2,8.5,2022-11-09,2022-11-09,false,0.6,["Documentary,  Crime"]
226598,One of the Boys,da,2,8.5,2023-05-18,2023-05-18,false,7.657,[Drama]
121641,Historier fra en politistation,da,2,8.5,2000-02-23,2000-05-24,false,1.623,["Documentary,  Crime"]
209229,Nogen ved noget om Louise Borglit,da,2,8.5,2022-08-31,2022-09-28,true,0.6,["Documentary,  Crime"]
197342,Operarejsen,da,2,8.5,2022-03-06,2023-02-19,true,852.0,["Reality,  Comedy"]
211936,Pendlerkids,da,2,8.5,2012-10-22,2014-11-18,false,3.346,["Kids,  Drama,  Family,  Comedy"]
42725,Brødrene Mortensens jul,da,2,8.5,1998-12-01,1998-12-24,false,2.13,["Family,  Comedy,  Kids"]
67543,Kurs mod fjerne kyster,da,1,8.5,2014-03-18,2017-03-21,false,926.0,["Documentary,  Reality"]
367,Klovn,da,18,8.389,2005-02-07,2022-09-05,false,9.366,[Comedy]
111417,The Mole - Infiltrating North Korea,da,3,8.333,2020-10-11,2020-10-13,false,2.53,[Documentary]
8988,The House at Christianshavn,da,12,8.2,1970-05-16,1977-12-31,false,2.852,["Comedy,  Drama"]
219590,Agent,da,4,8.2,2023-07-09,2023-08-27,true,2.442,[Drama]
32368,The Killing,da,194,8.041,2007-01-07,2012-11-25,false,21.623,["Crime,  Mystery,  Drama"]
62474,Seaside Hotel,da,10,8.0,2013-12-30,2022-03-06,true,30.771,["Comedy,  Drama"]
69304,Nissebanden i Grønland,da,5,8.0,1989-12-01,1989-12-24,false,992.0,["Kids,  Family"]
51138,Performances,da,3,8.0,2007-03-18,2007-04-22,false,1.696,[Drama]
75505,Tinkas Christmas Adventures,da,3,8.0,2017-12-01,2017-12-24,false,6.045,["Family,  Kids"]
202721,Paradise,da,3,8.0,2022-05-24,2022-08-18,true,1.093,[Reality]
42730,Olsen-bandens første kup,da,3,8.0,1999-12-01,1999-12-24,false,1.6,["Kids,  Family"]
43329,P.I.S. - Politiets indsatsstyrke,da,2,8.0,2000-10-22,2001-05-06,false,2.716,[Comedy]
88128,Kiwi & Strit,da,2,8.0,,,true,3.229,["Animation,  Kids"]
69999,Hotellet,da,2,8.0,2000-10-12,2002-11-20,true,4.967,[Drama]
214615,Klostrets mørke hemmeligheder,da,2,8.0,2022-11-16,2022-11-16,true,0.6,[Documentary]
79568,Danmarks Største Youtuber,da,2,8.0,2018-04-19,2018-04-19,true,931.0,["Kids,  Comedy"]
203458,Salsa,da,2,8.0,2022-06-03,2022-06-17,true,1.438,[Drama]
113916,Julefeber,da,2,8.0,2020-12-01,2020-12-24,false,6.768,["Family,  Mystery"]
139499,Over grænsen,da,2,8.0,2020-11-06,2021-12-17,true,1.658,[Drama]
118607,Snitch,da,2,8.0,2020-05-08,2020-05-29,false,1.917,["Kids,  Drama"]
62053,Mørk & Jul,da,2,8.0,2009-01-19,2009-11-02,false,0.84,["Comedy,  News"]
233855,Huset,da,2,8.0,2023-09-01,2023-09-29,true,9.813,["Documentary,  Drama"]
205372,Vi drukner i rod,da,2,8.0,2022-07-04,2023-08-21,true,642.0,[Reality]
38146,Pandaerne,da,1,8.0,2011-01-19,2012-07-14,false,2.144,["Animation,  Comedy"]
54672,The Left Wing Gang,da,1,8.0,2009-12-06,2010-01-01,false,2.744,[Crime]
126023,Far,da,1,8.0,2020-12-31,2020-12-31,true,683.0,[Comedy]
109314,De hemmelige optagelser med Peter Madsen,da,1,8.0,2020-09-09,2020-10-07,true,642.0,[Documentary]
136527,Jul i kommunen,da,1,8.0,2012-12-01,2012-12-24,false,7.452,[Comedy]
74929,Jul på slottet,da,1,8.0,1986-12-01,1986-12-24,true,1.839,[Family]
69333,Ude på noget,da,1,8.0,1984-09-01,1984-11-24,false,1.803,["Kids,  Family"]
35719,Comedy fight club,da,1,8.0,2007-02-15,2009-11-26,false,3.206,["Comedy,  Reality"]
99694,Station 2,da,1,8.0,,2022-05-30,true,2.395,["Crime,  Documentary"]
121640,Piger i Vestre Fængsel,da,1,8.0,1996-04-26,1996-05-10,false,0.62,[Documentary]
127290,Dine fulde fem,da,1,8.0,2020-08-16,2021-10-02,true,1.265,[Family]
239562,"Se mig, hør mig, elsk mig",da,1,8.0,2023-11-14,2023-11-14,true,1.96,[Reality]
169581,Vilde stemmer,da,1,8.0,2022-02-20,2022-03-26,true,1.274,[Comedy]
123639,LEGO Masters Danmark,da,1,8.0,2021-04-16,2022-10-22,true,1.519,["Family,  Reality"]
114531,Kontant,da,1,8.0,,2023-08-24,true,39.493,["News,  Documentary,  Crime"]
120515,Lufthavnens beredskab,da,1,8.0,2019-10-17,2020-02-27,true,0.6,[Reality]
120029,Akavet,da,1,8.0,2020-01-31,2022-06-10,false,26.949,[Kids]
102429,Med kniven for struben,da,1,8.0,2007-03-06,2020-05-26,true,1.233,[Reality]
152686,Gåden om Danmarks første konge,da,1,8.0,2021-11-03,2021-12-01,true,0.6,[Documentary]
114418,På eventyr med familien Hvidt Kessler,da,1,8.0,2020-12-09,2020-12-09,true,0.6,[Reality]
127842,Sonny Soufflé chok show,da,1,8.0,1987-01-09,1987-02-06,false,1.179,["Family,  Action & Adventure,  Comedy,  Crime,  Mystery"]
54523,Mit liv som Bent,da,1,8.0,2001-03-26,2001-05-28,false,3.451,["Comedy,  Drama"]
42445,Borgen,da,175,7.997,2010-09-26,2013-03-10,false,36.963,[Drama]
8086,The Julekalender,da,14,7.964,1991-12-01,1991-12-24,false,3.757,[Comedy]
203281,Borgen - Power & Glory,da,27,7.87,2022-02-13,2022-04-01,false,9.771,["Drama,  War & Politics"]
1243,Casper & Mandrilaftalen,da,8,7.8,1999-03-01,1999-11-03,false,16.352,[Comedy]
64717,Hjørdis,da,6,7.8,2015-05-18,2015-06-08,false,1.951,["Comedy,  Drama"]
95549,Tinka og Kongespillet,da,4,7.8,2019-12-01,2019-12-24,false,3.905,[Kids]
70600,Mercur,da,2,7.8,2017-03-06,2017-05-07,false,1.063,[Drama]
111410,Cry Wolf,da,13,7.769,2020-10-11,2020-11-29,false,4.757,["Drama,  Crime,  Mystery"]
51823,The Legacy,da,19,7.7,2014-01-01,2017-02-26,false,7.111,[Drama]
55486,Dybvaaaaad!,da,5,7.7,2012-09-10,2022-11-21,true,11.829,[Comedy]
84246,Doggystyle,da,3,7.7,2018-11-11,2022-01-01,true,2.971,["Drama,  Comedy"]
14537,Jul i Valhal,da,3,7.7,2005-12-01,2005-12-24,false,9.765,[Family]
54297,Pyrus: The Greatest Christmas,da,3,7.7,1994-12-01,1994-12-24,false,5.625,[Family]
51761,Pyrus: The Greatest Santa Clause,da,3,7.7,1997-12-01,1997-12-24,false,9.481,["Kids,  Family,  Sci-Fi & Fantasy"]
111959,My Different Ways,da,3,7.7,2020-10-23,2020-11-20,false,1.381,[Drama]
87809,Stormester,da,7,7.6,2018-08-25,2023-07-28,true,17.927,["Comedy,  Family,  Reality"]
127865,The Chestnut Man,da,455,7.584,2021-09-29,2021-09-29,false,15.75,["Crime,  Drama"]
51078,Rita,da,73,7.575,2012-02-09,2020-07-20,false,22.118,["Drama,  Comedy"]
14208,Anna Pihl,da,11,7.5,2006-02-13,2008-03-10,false,3.644,["Crime,  Drama"]
213036,Tinka and the mirror of the soul,da,6,7.5,2022-12-01,2022-12-24,true,9.98,["Kids,  Family"]
136366,Den hemmelige tunnel,da,2,7.5,1997-12-01,1997-12-24,false,13.811,["Family,  Kids"]
51139,Kristian,da,2,7.5,2009-11-16,2011-12-17,false,0.6,[Comedy]
158623,Dødens drenge,da,2,7.5,2022-02-27,2022-02-27,true,0.6,[Documentary]
42859,Bamses billedbog,da,2,7.5,,1988-01-31,true,1.839,[Kids]
72934,Ludvig & julemanden,da,2,7.5,2011-12-01,2011-12-24,false,7.488,["Family,  Kids"]
108479,Cold Hawaii,da,2,7.5,2020-08-31,2020-10-12,true,2.649,[Drama]
69162,Vinterbyøster,da,2,7.5,1973-12-01,1973-12-24,false,2.902,["Animation,  Kids"]
74145,Ride Upon the Storm,da,13,7.4,2017-09-24,2018-12-15,false,3.25,[Drama]
113600,Equinox,da,237,7.344,2020-12-30,2020-12-30,false,9.437,["Sci-Fi & Fantasy,  Drama"]
76719,The Rain,da,1113,7.342,2018-05-04,2020-08-06,false,46.773,["Sci-Fi & Fantasy,  Drama"]
221802,The Nurse,da,47,7.3,2023-04-27,2023-04-27,false,15.2,["Crime,  Drama"]
51828,Dicte,da,31,7.3,2013-01-07,2016-10-20,false,11.614,["Crime,  Drama"]
4484,Better Times,da,7,7.3,2004-01-04,2007-01-01,false,4.903,[Drama]
30844,The Fairytaler,da,7,7.3,2004-01-01,2004-01-01,false,42.112,["Animation,  Sci-Fi & Fantasy"]
54068,Nissebanden,da,3,7.3,1984-12-01,1984-12-24,false,8.658,["Kids,  Family"]
77484,Greyzone,da,17,7.235,2018-02-25,2018-04-29,false,6.288,["Drama,  Crime"]
54296,Pyrus: Alletiders nisse,da,4,7.2,1995-11-30,1995-12-24,false,5.856,["Family,  Kids"]
71369,The History of Denmark,da,3,7.2,2017-04-02,2017-10-21,false,1.484,[Documentary]
85326,A Fortunate Man,da,3,7.2,2018-12-26,2019-01-16,false,2.103,[Drama]
74824,The Class,da,6,7.167,2016-08-22,2023-09-28,true,104.333,[Family]
110333,The Investigation,da,55,7.155,2020-09-28,2020-11-02,false,6.321,["Crime,  Drama"]
4267,The Kingdom,da,29,7.1,1994-11-24,2022-10-30,false,10.541,["Mystery,  Drama,  Comedy"]
1633,Far from Las Vegas,da,11,7.1,2001-02-27,2003-11-25,false,3.053,[Comedy]
63997,Norskov,da,9,7.1,2015-09-21,2017-11-30,false,1.875,["Drama,  Crime"]
93286,DNA,da,27,7.0,2019-09-02,2023-01-22,true,12.719,["Drama,  Crime,  Mystery"]
43193,Those Who Kill,da,27,7.0,2011-03-13,2011-05-15,false,7.434,["Drama,  Crime"]
11924,Unit One,da,20,7.0,2000-10-01,2004-01-01,false,16.538,["Drama,  Crime"]
217419,Matadorerne,da,4,7.0,2023-01-01,2023-01-22,true,1.197,["Documentary,  Drama"]
200762,The Viking - Downfall of a Drug Lord,da,4,7.0,2022-04-28,2022-05-19,true,3.408,["Crime,  Documentary"]
53463,En by i provinsen,da,3,7.0,1977-04-09,1980-05-17,false,3.542,["Crime,  Drama"]
55273,Kill & Eat,da,3,7.0,2010-10-24,2020-08-20,true,2.12,["Talk,  Reality"]
51261,Taxa,da,2,7.0,1997-09-14,1999-12-12,false,5.687,[Drama]
50976,Live fra Bremen,da,2,7.0,2009-09-25,2013-10-27,false,6.266,[Comedy]
234232,Den bitre smag af Michelin,da,2,7.0,2023-09-06,2023-09-13,true,1.435,[Documentary]
221026,Pigen på den lukkede,da,2,7.0,2023-02-23,2023-03-16,true,751.0,[Documentary]
68396,Splitting Up Together,da,2,7.0,2016-02-29,2016-05-02,false,1.354,["Comedy,  Drama"]
118492,The Darkness Between Us,da,2,7.0,2020-12-25,2020-12-25,true,1.224,["Sci-Fi & Fantasy,  Mystery"]
196000,Fatal Injections,da,2,7.0,2022-03-31,2022-05-12,false,3.161,[Drama]
70956,Park Road,da,2,7.0,2009-09-24,2010-11-25,false,2.309,[Comedy]
104924,Comedy Central stand-up uden grænser,da,1,7.0,2017-10-07,2017-12-09,false,0.6,[Comedy]
113467,Backstage,da,1,7.0,2015-01-05,2015-12-30,false,1.805,["Comedy,  Family,  Kids"]
54299,Een stor familie,da,1,7.0,1982-12-11,1983-12-10,false,2.933,[Drama]
233150,Rejseholdet,da,1,7.0,1983-04-30,1985-08-12,true,2.628,["Crime,  Mystery,  Drama"]
127677,"Silas, Johannes og Louise",da,1,7.0,2015-02-04,2016-03-16,true,914.0,[Documentary]
125537,Er du på,da,1,7.0,2021-05-14,2021-06-18,true,959.0,[Drama]
37079,The Man with the Golden Ears,da,1,7.0,2009-11-04,2009-12-23,false,1.796,["Drama,  Comedy"]
201517,Liv og død,da,1,7.0,2020-07-21,2020-07-21,true,1.4,[Documentary]
119800,Losers United,da,1,7.0,2015-12-14,2015-12-18,true,1.359,[Comedy]
122930,Guru,da,1,7.0,2021-04-08,2022-12-09,true,1.866,["Comedy,  Drama"]
72894,Det sene sommershow,da,1,7.0,2016-07-11,2017-07-31,false,1.581,["Talk,  Comedy"]
126755,Bachelor,da,1,7.0,2021-05-25,2021-07-15,true,0.6,[Reality]
67209,Simon Talbots sketch show,da,1,7.0,2016-02-01,2016-04-04,false,1.457,[Comedy]
67409,Størst,da,1,7.0,2015-05-26,2019-11-19,false,1.4,[Documentary]
54385,Niels Hausgaard: I alle de rige lande,da,1,7.0,2008-11-07,2008-11-07,false,0.6,["Comedy,  Talk"]
128321,"Beliggenhed, beliggenhed, beliggenhed - Sommerhuse",da,1,7.0,2020-06-03,2021-06-16,true,0.65,["Reality,  Family"]
85102,Rita & Crocodile,da,1,7.0,2013-10-10,2013-10-10,false,3.271,["Animation,  Kids"]
213231,Salamiboy,da,1,7.0,2021-09-28,2021-09-28,false,0.6,["Comedy,  Drama"]
114434,Peter Madsens flugt,da,1,7.0,2020-12-09,2020-12-09,false,0.6,[Documentary]
89052,PEK - Pranksters Elite Club,da,1,7.0,2019-04-06,2019-10-20,false,7.522,["Family,  Comedy"]
121158,Guilty,da,1,7.0,2019-05-24,2022-02-18,true,5.892,[Kids]
222296,My 50/50 Life,da,1,7.0,2016-03-19,2016-03-23,true,1.58,["Comedy,  Kids,  Family"]
99847,Top Gear Danmark,da,1,7.0,2020-02-27,2020-04-16,true,1.4,[Reality]
73525,Landmand søger kærlighed,da,1,7.0,2015-04-22,2023-09-19,true,4.214,["Family,  Reality"]
208683,Dansk films bedste,da,1,7.0,2022-03-02,2022-04-20,true,3.811,["Documentary,  Talk"]
77253,BaseBoys,da,1,7.0,2018-02-16,2019-12-20,false,11.905,[Family]
77256,The Executioner,da,1,7.0,2013-02-27,2013-03-01,false,1.4,[Drama]
96593,Tonny Toupé show,da,1,7.0,1985-12-20,1986-01-17,false,1.331,["Family,  Comedy,  Crime,  Action & Adventure"]
118436,Indsatslederne,da,1,7.0,2021-02-09,2021-03-16,true,0.6,[Documentary]
103588,Seriemordere med Sebastian Richelsen,da,1,7.0,2020-04-15,2020-09-28,true,636.0,["Documentary,  Crime"]
120400,Manipulator,da,1,7.0,2018-11-01,2019-10-01,true,924.0,["Reality,  Documentary"]
107631,Lørdagshjørnet,da,1,7.0,1976-10-16,1985-06-08,false,2.735,[Talk]
120312,Mord i familien,da,1,7.0,2019-10-22,2019-11-19,false,0.6,["Documentary,  Crime"]
98911,When the Dust Settles,da,43,6.942,2020-02-02,2020-04-05,false,4.541,[Drama]
135864,Elves,da,198,6.902,2021-11-28,2021-11-28,false,12.495,["Drama,  Mystery,  Sci-Fi & Fantasy"]
2873,The Eagle: A Crime Odyssey,da,11,6.9,2004-10-10,2006-11-26,false,6.992,["Crime,  Drama"]
45380,Christmas on Vesterbro,da,8,6.9,2003-12-01,2003-12-24,false,10.007,[Comedy]
83524,The New Nurses,da,7,6.9,2018-10-21,2022-10-30,true,8.841,[Drama]
135386,Red Election,da,9,6.875,2021-10-03,2021-10-03,true,5.139,["Crime,  Drama"]
64726,Follow the Money,da,46,6.826,2016-01-03,2019-03-10,false,13.822,["Crime,  Drama"]
206510,Copenhagen Cowboy,da,64,6.8,2023-01-05,2023-01-05,false,8.595,["Crime,  Drama"]
113664,Kamikaze,da,7,6.8,2021-11-14,2021-12-05,false,3.487,["Drama,  Comedy"]
205180,The Orchestra,da,5,6.8,2022-07-01,2022-07-01,true,3.254,["Drama,  Comedy"]
54104,Jul i Gammelby,da,4,6.8,1979-12-01,1979-12-24,false,5.879,["Family,  Kids"]
53664,The Family of Bryggen,da,2,6.8,2011-09-13,2021-06-10,true,1.449,[Reality]
211280,Carmen Curlers,da,5,6.6,2022-09-30,2022-11-18,true,5.906,[Drama]
14463,Troldspejlet,da,6,6.5,1989-02-03,2014-12-28,false,9.649,["Kids,  News,  Talk"]
68822,Time travels,da,6,6.5,2014-12-01,2014-12-24,false,4.159,["Kids,  Family,  Sci-Fi & Fantasy"]
207300,Nærpolitiet,da,2,6.5,2022-06-01,2022-09-14,true,0.6,[Reality]
208745,Vanvidsbilisterne,da,2,6.5,2022-08-23,2022-10-18,true,0.6,["Documentary,  Crime"]
67950,Broke,da,2,6.5,2014-10-16,2014-12-29,false,3.092,["Comedy,  Drama"]
116100,Julestjerner,da,2,6.5,2012-12-01,2012-12-25,false,3.701,[Family]
87069,Rockerne,da,2,6.5,2003-12-03,2003-12-23,false,1.884,[Comedy]
102667,Fanget på politiets kamera,da,2,6.5,2019-09-03,2022-12-13,true,1.41,["Documentary,  Reality,  Crime"]
62044,Flemming og Berit,da,1,6.5,1994-01-20,1994-02-24,false,2.736,["Drama,  Family"]
54357,1864,da,31,6.4,2014-10-12,2014-11-30,false,8.632,["Drama,  War & Politics"]
62288,Heartless,da,15,6.4,2014-04-28,2015-11-22,false,4.353,["Drama,  Mystery"]
54151,Nikolaj and Julie,da,5,6.4,2002-09-29,2003-11-02,false,10.392,[Drama]
81917,Ex On The Beach,da,5,6.4,2018-08-20,2023-01-29,true,3.117,[Reality]
51001,Chosen,da,93,6.387,2022-01-27,2022-01-27,false,20.375,["Sci-Fi & Fantasy,  Drama,  Mystery,  Crime"]
122104,Giv os naturen tilbage,da,3,6.333,2020-09-16,2020-10-07,true,758.0,[Documentary]
19892,Strisser på Samsø,da,3,6.3,1997-02-17,1998-11-21,false,1.272,["Drama,  Crime"]
157525,Trom,da,15,6.267,2022-02-13,2022-02-13,true,4.701,["Crime,  Drama"]
87542,Darkness: Those Who Kill,da,47,6.234,2019-03-01,2023-02-19,true,22.54,[Crime]
83110,Warrior,da,23,6.2,2018-10-08,2018-11-12,false,8.479,["Action & Adventure,  Drama,  Crime"]
73101,MasterChef,da,7,6.2,2015-01-19,2023-01-30,true,30.685,[Reality]
61912,The Protectors,da,6,6.2,2009-01-01,2010-03-07,false,3.701,["Drama,  Crime,  Mystery"]
136449,Kometernes jul,da,6,6.2,2021-12-01,2021-12-24,true,3.987,["Family,  Kids"]
51868,The Spider,da,5,6.2,2000-03-26,2000-04-30,false,2.38,["Drama,  Crime"]
71302,Below the Surface,da,24,6.104,2017-04-02,2019-05-13,false,14.349,["Crime,  Drama"]
69995,Lykke,da,4,6.0,2011-01-02,2012-03-11,false,3.393,["Drama,  Comedy"]
51038,Natholdet,da,4,6.0,2010-09-27,2022-09-26,true,43.934,["Comedy,  Talk"]
76159,Alone in the Wilderness,da,3,6.0,2017-01-01,2023-04-27,true,1.48,[Reality]
85344,Pros and Cons,da,2,6.0,2018-10-24,2021-01-03,true,2.723,["Crime,  Drama,  Comedy"]
207294,Pitzner Sisters,da,2,6.0,2022-08-02,2022-09-13,true,1.176,[Reality]
214565,Drømmen om landsholdet,da,2,6.0,2022-11-16,2022-11-16,true,0.6,[Documentary]
95535,Tvillingerne og Julemanden,da,2,6.0,2013-12-01,2013-12-24,true,2.097,["Kids,  Family"]
212899,MASKULIN,da,2,6.0,2022-10-21,2022-10-21,true,0.6,[Comedy]
103744,Grænseland,da,2,6.0,2020-05-17,2020-06-14,false,1.4,["Documentary,  Drama"]
68357,Skibet i Skilteskoven,da,2,6.0,1992-12-01,1992-12-24,true,5.439,["Kids,  Family"]
125841,Klaphat,da,2,6.0,2018-12-16,2019-02-03,false,0.6,[Comedy]
50954,Divaer i junglen,da,1,6.0,2012-02-27,2019-06-10,true,8.42,[Reality]
95223,Between Us,da,1,6.0,2019-11-06,2019-12-16,true,2.06,[Drama]
82113,Couple Trouble,da,1,6.0,2018-08-30,2020-03-26,true,2.256,["Comedy,  Family"]
146105,MeToo: Sexisme bag skærmen,da,1,6.0,2021-11-29,2021-11-29,false,0.6,[Documentary]
76003,Klipfiskerne,da,1,6.0,2013-03-09,2022-04-02,true,2.993,["Family,  Comedy"]
117275,Længe leve,da,1,6.0,2019-11-30,2019-12-21,false,0.6,[Documentary]
207793,Limbo,da,1,6.0,2012-03-03,2014-04-24,true,2.592,["Drama,  Comedy"]
57079,Lulu & Leon,da,1,6.0,2009-09-30,2010-05-19,false,687.0,["Action & Adventure,  Comedy"]
6354,Det Røde Kapel,da,1,6.0,2006-12-01,2006-12-22,false,882.0,["Documentary,  Comedy"]
213534,Elvira,da,1,6.0,2022-11-13,2023-01-25,true,2.281,["Drama,  Crime"]
114513,Boss ladies,da,1,6.0,2018-12-01,2020-12-29,true,1.225,[Reality]
211097,Replay,da,1,6.0,2019-12-20,2019-12-20,true,969.0,["Family,  Sci-Fi & Fantasy"]
217733,Klassen: Juletyven,da,1,6.0,2016-12-19,2016-12-22,true,0.6,["Drama,  Kids"]
113092,Forelsket i en morder,da,1,6.0,2020-08-05,2020-09-02,true,636.0,[Documentary]
94216,Blodspor,da,1,6.0,2019-09-03,2019-10-01,true,637.0,["Documentary,  Crime"]
152677,Klassens jul,da,1,6.0,2017-11-24,2017-12-26,true,2.754,[Kids]
126356,Flokken,da,1,6.0,2020-07-03,2020-08-07,true,2.127,["Family,  Kids"]
114432,Hvem Dræbte Stine Geisler?,da,1,6.0,2020-11-25,2020-12-16,true,0.6,["Documentary,  Crime"]
138360,Britta og de forsvundne millioner,da,1,6.0,2021-11-10,2021-11-17,true,647.0,[Documentary]
217848,Mabinooz,da,1,6.0,2023-01-06,2023-02-10,true,1.072,["Family,  Drama"]
53509,Hvor fanden er Herning?,da,1,6.0,2009-10-22,2009-11-26,false,1.431,[Comedy]
72023,Min fede træner,da,1,6.0,2017-04-19,2017-05-24,false,1.646,[Reality]
94597,Face to Face,da,29,5.862,2019-11-15,2023-04-09,false,12.63,["Drama,  Crime,  Mystery"]
94346,Deliver Us,da,5,5.8,2019-10-06,2019-11-24,true,2.521,["Drama,  Crime"]
211481,Julehjertets hemmelighed,da,4,5.8,2022-12-01,2022-12-24,true,8.096,[Family]
112712,Sex,da,46,5.793,2020-02-03,2020-02-07,false,21.241,[Drama]
94899,Thanks for the evening - with Øgendahl & Klan,da,2,5.5,2007-02-15,2008-12-08,false,1.4,[Comedy]
1735,FC Zulu,da,2,5.5,2004-09-13,2020-10-29,true,713.0,[Reality]
208217,Brittas store svindelnummer,da,2,5.5,2022-08-15,2022-09-05,true,0.6,[Documentary]
51015,Frank & Kastaniegaarden,da,2,5.5,2008-03-23,2023-06-14,true,17.478,[Documentary]
202311,Baby Fever,da,14,5.464,2022-06-08,2022-06-08,true,3.323,[Drama]
92606,Originalos,da,3,5.3,2010-07-10,2015-04-06,false,6.469,["Comedy,  Animation,  Family"]
66175,I Am the Ambassador,da,3,5.3,2014-11-06,2015-11-06,true,735.0,[Reality]
99969,The Sommerdahl Murders,da,19,5.211,2020-03-01,2023-07-02,true,24.508,["Crime,  Drama"]
68322,Veni Vidi Vici,da,6,5.2,2017-04-13,2017-04-20,true,2.306,["Comedy,  Drama"]
124601,White Sands,da,5,5.2,2021-05-03,2021-06-21,true,4.899,["Crime,  Drama"]
77510,Liberty,da,3,5.0,2018-02-25,2018-03-25,true,2.504,["Drama,  Crime"]
208195,Where Were You?,da,2,5.0,2022-08-21,2022-08-21,true,0.84,[Drama]
69368,DR3 Says Goodbye,da,2,5.0,2016-10-05,2016-11-09,false,1.242,["Reality,  Documentary"]
44177,Bryggeren,da,2,5.0,1996-12-29,1997-03-16,false,3.124,[Drama]
73564,Luxury Trap,da,2,5.0,2008-08-26,2023-09-26,true,48.705,[Reality]
96502,Natholdets julekalender,da,2,5.0,2017-12-01,2021-12-24,true,3.102,["Comedy,  Talk"]
103872,Smuglerne,da,1,5.0,1970-12-27,1971-01-02,true,1.224,["Crime,  Drama"]
53950,Danish Dynamite,da,1,5.0,2012-02-18,2014-05-12,false,3.48,[Comedy]
68868,Prinsesser fra Blokken,da,1,5.0,2016-11-14,2016-12-05,false,662.0,[Documentary]
130970,To ens - med Ingemann,da,1,5.0,2021-08-11,2023-08-29,true,1.574,[Family]
93545,Perfekte steder,da,1,5.0,2017-10-10,2019-07-01,false,1.448,[Drama]
113904,Jul i verdensrummet,da,1,5.0,2006-12-01,2006-12-24,false,6.668,["Comedy,  Sci-Fi & Fantasy"]
71653,Danmarks modigste,da,1,5.0,2017-03-13,2017-05-15,false,0.6,[Reality]
99700,ENTEN/ELLER,da,2,4.5,2020-02-23,2020-04-05,true,1.954,[Drama]
114005,Christmas Wishes,da,2,4.5,2015-12-01,2015-12-24,true,6.804,["Family,  Sci-Fi & Fantasy"]
71362,Real Men,da,2,4.5,2015-10-24,2021-03-31,true,1.247,["Documentary,  Reality,  Comedy"]
215366,Breinholts julekalender,da,3,4.3,2022-12-01,2022-12-24,true,3.842,["Comedy,  Talk"]
20823,X Factor Dk,da,3,4.3,2008-01-04,2021-04-09,true,24.745,["Family,  Reality"]
210009,The Dreamer - Becoming Karen Blixen,da,2,4.0,2022-09-18,2022-10-16,false,1.918,[Drama]
120289,Thomas14,da,2,4.0,2018-02-04,2018-02-06,true,1.351,[Drama]
72886,Sukkertoppen,da,1,4.0,2017-07-10,2018-08-19,true,1.129,["Family,  Reality"]
237247,Oxen,da,1,4.0,2023-10-22,2023-10-29,true,11.827,[War & Politics]
76913,Nybyggerne,da,1,4.0,2013-10-09,2023-09-28,true,12.919,["Reality,  Family"]
92172,Krummernes jul,da,1,4.0,1996-12-01,1996-12-24,false,9.931,["Family,  Comedy"]
51025,Paradise Hotel,da,4,3.5,2005-09-14,2021-11-02,true,40.887,[Reality]
104337,MasterChef Jul,da,1,3.0,2013-11-04,2021-11-17,true,1.535,["Family,  Reality"]
126850,Ramasjang Mysteriet,da,1,2.0,2013-03-04,2016-10-19,true,676.0,[Kids]
121963,Karens Kagebord det så du ikke i Juniorbagedysten,da,1,2.0,2021-03-20,2021-03-27,true,0.6,[Kids]
103871,Renters rente,da,1,2.0,1996-04-06,1996-04-07,true,3.007,["Crime,  Drama"]
105439,80 dage til sommerhus,da,1,2.0,2020-06-29,2020-08-03,true,0.6,[Reality]
117005,Dronningerne af neglekunst,da,1,2.0,2020-10-27,2020-10-27,true,0.6,[Reality]
117016,De skjulte talenter,da,1,2.0,2017-01-23,2021-01-18,true,931.0,[Documentary]
117782,Anne og Anders vender hjem,da,1,2.0,2020-08-27,2020-09-17,true,0.6,[Reality]
116093,180 dage i ghettoen,da,1,2.0,2019-09-25,2019-10-30,false,0.6,["Documentary,  Reality"]
208138,Kære nabo - gør bras til bolig,da,1,2.0,2014-10-28,2016-06-21,false,0.6,[Family]
137201,CS-Talenterne,da,1,2.0,2020-11-11,2020-12-23,true,888.0,[Documentary]
123887,Forført af en svindler,da,1,2.0,2015-04-13,2019-09-30,true,0.6,[Documentary]
73837,Klædt af,da,1,2.0,2015-01-14,2015-02-18,false,0.6,["Family,  Reality"]
89526,Through Greenland - With Nikolaj Coster-Waldau,da,1,2.0,2019-05-08,2019-05-15,false,1.145,[Documentary]
123821,Gamerne - Danmarks nye sportsstjerner,da,1,2.0,2017-09-03,2017-10-08,true,0.6,["Reality,  Documentary"]
138048,Sådan overlever du et voldeligt forhold,da,1,2.0,2021-11-02,2021-11-02,true,1.4,[Documentary]
127228,Drengene på kanten,da,1,2.0,2016-10-03,2017-09-10,false,627.0,[Reality]
118909,Sønderjysk for begyndere,da,1,2.0,2020-05-17,2020-05-31,false,0.6,[Documentary]
61802,Ramajetterne,da,1,2.0,2015-01-01,2016-12-02,true,636.0,[Kids]
123609,Sarah Mahfouds hemmelighed,da,1,2.0,2021-04-18,2021-04-18,true,896.0,[Documentary]
88120,Panik før lukketid,da,1,2.0,2018-04-26,2018-05-24,false,0.6,[Documentary]
137773,Vores sidste sommer,da,1,2.0,2021-10-29,2021-10-29,true,1.492,[Drama]
122370,Tyrkersvin,da,1,2.0,2019-04-14,2019-04-14,true,0.6,[Documentary]
121778,Hvem var det nu vi var,da,1,2.0,2013-03-27,2020-08-07,true,1.4,[Family]
120859,Hjernemassage med Jan Hellesøe,da,1,2.0,2021-03-16,2021-03-30,true,1.312,[Family]
133760,Konspirationsfolket har ordet,da,1,2.0,2021-09-16,2021-09-16,true,0.6,[Documentary]
124427,Gintberg - De sidste patriarker,da,1,2.0,2021-04-28,2021-06-02,true,0.6,[Comedy]
126347,Fordi du er kvinde,da,1,2.0,2020-11-11,2020-12-23,true,0.6,[Documentary]
128973,De dyre piger,da,1,2.0,2021-07-11,2023-08-28,true,2.946,["Reality,  Documentary"]
121439,Hypnodating,da,1,2.0,2018-08-26,2018-09-30,true,636.0,[Mystery]
122271,Gamle mænd i nye forklæder,da,1,2.0,2019-10-15,2019-10-29,true,0.6,[Reality]
118897,Sex med Maja,da,1,2.0,2019-08-05,2019-08-19,false,1.4,[Documentary]
222021,Dødelige drømmekroppe,da,1,2.0,2023-02-12,2023-02-12,false,702.0,[Documentary]
51064,Aftenshowet,da,1,2.0,2007-01-01,2007-12-21,true,1.122,["News,  Talk"]
123738,Try Hard,da,1,2.0,2021-05-16,2021-05-16,true,3.194,[Comedy]
120399,Shameless,da,1,2.0,2021-03-07,2021-03-07,true,3.99,[Documentary]
51037,Go' morgen Danmark,da,1,2.0,1997-03-10,2022-01-03,true,1.149,[News]
107066,Om natten lyver jeg aldrig,da,2,1.0,2020-08-07,2020-09-01,false,1.036,[Drama]
27984,2900 Happiness,da,2,1.0,2007-09-18,2009-11-19,false,5.22,[Drama]
126845,Dinolaboratoriet,da,1,1.0,2021-02-01,2021-02-01,true,1.627,["Kids,  Documentary"]
126832,Stjernekokke,da,1,1.0,2015-10-19,2015-11-02,true,0.6,[Documentary]
38831,Til middag hos...,da,1,1.0,2010-01-25,2021-10-21,true,2.982,[Reality]
111935,Partiernes skjulte overgreb,da,1,1.0,2020-10-22,2020-11-05,false,0.6,[Documentary]
116299,Krysters kartel,da,1,1.0,2009-09-16,2011-05-25,false,1.791,[Comedy]
105481,Danish dynamite - legenden om de bedste,da,1,1.0,2020-06-30,2020-07-21,false,0.6,[Documentary]
133334,Trex,da,1,1.0,2019-12-05,2021-02-25,true,902.0,[Kids]
208117,Pornoquizzen,da,1,1.0,2015-03-03,2015-04-21,false,0.6,[Talk]
117289,Atombomberne over Danmark,da,1,1.0,2020-11-09,2020-12-14,true,681.0,[Documentary]
117281,Krigerne i det jyske narkoland,da,1,1.0,2018-09-02,2018-09-16,false,0.6,[Documentary]
117137,Barn af balletten,da,1,1.0,2020-03-09,2020-04-13,true,0.6,["Reality,  Documentary"]
120415,Maddysten,da,1,1.0,2019-03-13,2020-05-06,true,1.96,["Reality,  Family"]
131352,Vi kommer og dræber dig...,da,1,1.0,2021-08-16,2021-09-06,true,0.6,[Documentary]
127631,De unge brugtvognsforhandlere,da,1,1.0,2017-04-05,2017-05-10,false,0.6,["Reality,  Documentary"]
118012,Cornflakes med lort og død ved kølle - humoren der formede dig,da,1,1.0,2020-01-22,2020-02-19,false,2.992,[Documentary]
208283,Mini MGP Musik-værkstedet,da,1,1.0,2018-10-11,2018-10-18,true,0.6,[Kids]
51263,Hvide løgne,da,1,1.0,1998-03-01,2001-06-20,false,23.852,[Soap]
118152,Pøllehullet - det brune værtshus,da,1,1.0,2020-10-08,2020-10-08,false,1.507,[Comedy]
120861,Designtalenterne,da,1,1.0,2016-05-03,2020-12-14,true,646.0,[Kids]
152493,Diplomaterne,da,1,1.0,2021-11-15,2021-12-06,true,0.6,[Documentary]
137577,Hvem holder masken?,da,1,1.0,2021-11-06,2022-06-11,true,1.641,[Family]
118155,Simons Superkræfter,da,1,1.0,2018-11-29,2018-12-20,false,0.6,[Documentary]
129300,Små øer - store historier,da,1,1.0,2020-07-02,2021-07-28,true,893.0,[Documentary]
120035,Når storken flyver forbi,da,1,1.0,2020-08-10,2020-08-31,false,0.6,[Documentary]
120279,Mor laver porno,da,1,1.0,2020-03-10,2020-04-07,false,3.554,["Documentary,  Reality"]
122507,Jonahs dyreverden,da,1,1.0,2021-04-05,2021-04-05,true,0.6,["Kids,  Documentary"]
132063,Motor Mille og Børnebanden,da,1,1.0,2015-12-24,2023-02-03,true,1.422,[Kids]
121154,Ramasjang yoga med Motor Mille,da,1,1.0,2020-03-30,2020-04-09,true,1.96,[Kids]
137197,Fri os fra kontanthjælp,da,1,1.0,2021-11-12,2021-12-03,true,648.0,[Documentary]
121027,Klædt af på nettet,da,1,1.0,2019-08-26,2019-09-09,true,0.6,[Documentary]
121431,Idas fede fatcamp,da,1,1.0,2019-11-17,2019-12-22,true,0.6,["Reality,  Documentary"]
111583,"Gintberg, Eskelund og den dybe tallerken",da,1,1.0,2020-10-20,2020-11-10,true,0.6,["Documentary,  Reality"]
131751,Våde veninder,da,1,1.0,2021-08-22,2021-08-22,true,0.6,[Documentary]
127902,Cougarjagt - Ung mand søger moden kvinde,da,1,1.0,2019-12-31,2020-01-12,true,0.6,[Documentary]
120345,MesterSkaberne,da,1,1.0,2019-06-26,2019-08-14,false,0.6,[Reality]
