95977,Até o Fim - Flamengo Campeão da Libertadores 2019,pt,4,10.0,2019-11-29,2019-12-27,false,895.0,[Documentary]
116407,The Slave Mother,pt,3,10.0,2016-05-31,2017-01-06,false,2.146,["Drama,  Soap"]
158871,Rest Home,pt,3,10.0,2022-03-08,2022-03-25,true,0.6,[Mystery]
219637,Conexão Models,pt,3,10.0,2016-03-20,2018-04-01,false,704.0,[Reality]
104725,Fazendas Históricas,pt,3,10.0,2020-02-05,2020-04-08,true,0.84,[Documentary]
58631,Destino: São Paulo,pt,2,10.0,2012-11-25,2012-12-30,false,0.6,[Drama]
124397,Tunadas,pt,2,10.0,2019-10-16,2019-12-18,true,916.0,["Action & Adventure,  Documentary,  Reality"]
124395,Transplantes,pt,2,10.0,2019-11-13,2020-01-29,true,1.26,["Documentary,  Drama,  Family"]
95969,"Eu, a Vó e a Boi",pt,2,10.0,2019-11-29,2019-11-29,false,1.302,[Comedy]
195533,O Fura-Vidas,pt,2,10.0,1999-04-04,2001-01-31,false,3.769,[Comedy]
123904,Os C&D,pt,2,10.0,2013-11-20,2014-02-12,false,0.92,[Comedy]
123991,À Brasileira,pt,2,10.0,2019-10-08,2020-02-18,true,1.4,[Reality]
67252,Mister Brau,pt,2,10.0,2015-09-22,2018-06-12,false,2.836,[Comedy]
123995,DH - Divisão de Homicídios,pt,2,10.0,2015-03-26,2017-04-09,true,1.74,["Crime,  Documentary,  Mystery,  Reality"]
123992,Guardian Angels,pt,2,10.0,2015-08-04,2015-11-17,false,1.4,["Action & Adventure,  Reality"]
17430,Another Power,pt,2,10.0,2009-04-14,2010-03-10,false,10.169,["Soap,  Drama"]
124068,Crimes Perversos,pt,2,10.0,2019-12-01,2020-05-17,true,4.707,["Crime,  Documentary"]
99087,Scared Sims,pt,2,10.0,2018-11-24,2020-10-09,false,1.4,["Mystery,  Animation"]
238770,asfolhas,pt,2,10.0,2023-09-13,2023-09-13,false,1.614,[Comedy]
106557,Amoreal.com,pt,2,10.0,2020-06-13,2020-06-27,true,712.0,[Drama]
123848,Força de Elite,pt,2,10.0,2014-02-04,2014-02-25,true,0.99,["Action & Adventure,  Drama,  Crime"]
123824,Terra Brasil - Trilhas,pt,2,10.0,2020-04-06,2020-08-17,true,2.36,["Action & Adventure,  Documentary,  Reality"]
215788,Sou Corinthians,pt,2,10.0,2023-01-13,2023-01-13,false,2.223,[Documentary]
92844,Beyond the Island,pt,2,10.0,2018-09-06,2018-11-08,false,1.011,[Comedy]
90025,A Guerra do Brasil,pt,2,10.0,2019-06-03,2019-07-01,true,0.6,[Documentary]
71172,Boo! A Call for Adventure,pt,2,10.0,2015-03-09,2015-04-11,false,6.868,[Kids]
91865,"Mundo Ripilica: As Aventuras de Lilica, a Coala",pt,2,10.0,2017-11-19,2018-11-10,true,1.815,["Animation,  Kids"]
73079,Los Supergenios de la Mesa Cuadrada,pt,2,10.0,1968-11-08,1970-12-31,false,4.292,[Comedy]
124266,Os Hermanos Perdidos no Brasil,pt,2,10.0,2013-07-18,2013-10-03,true,1.024,["Comedy,  Action & Adventure,  Reality"]
118850,Os Sonhos Não Têm Teto,pt,2,10.0,2021-02-06,2021-03-06,true,1.4,[Documentary]
112801,Extremos da Cidade,pt,2,10.0,2014-11-07,2014-11-28,false,0.6,[Documentary]
238770,RACCORD,pt,2,10.0,2023-09-13,2023-09-13,false,2.199,[Comedy]
97739,Chacrinha: A Minissérie,pt,1,10.0,2020-01-14,2020-01-17,false,1.792,[Drama]
95509,Patrulha Salvadora,pt,1,10.0,2014-01-11,2014-07-05,false,8.76,["Action & Adventure,  Family,  Kids"]
124057,Mulheres em Ação,pt,1,10.0,2019-10-09,2020-01-15,true,0.6,["Documentary,  Reality,  Crime"]
119036,Topíssima,pt,1,10.0,2019-05-21,2019-12-09,false,16.596,["Action & Adventure,  Comedy,  Crime,  Drama,  Soap"]
95229,Vítimas Digitais,pt,1,10.0,2019-11-04,2019-12-16,false,984.0,["Drama,  Crime"]
86308,O Enigma,pt,1,10.0,2018-11-18,2019-02-10,false,897.0,["Mystery,  Action & Adventure"]
127365,O Dono do Lar,pt,1,10.0,2019-07-10,2023-07-21,true,6.895,[Comedy]
86301,Foca no Verão,pt,1,10.0,2019-01-07,2019-01-28,false,0.63,["Comedy,  Talk"]
75858,Política no Brasil,pt,1,10.0,2016-12-02,2017-08-04,true,0.6,["Documentary,  News,  War & Politics"]
105458,Mini Joe,pt,1,10.0,2020-06-01,2020-06-08,false,0.6,["Animation,  Kids,  Comedy"]
41605,Horizontes da Memória,pt,1,10.0,1996-10-05,2003-02-15,false,4.597,[Documentary]
69991,PILLITRIP ÁSIA,pt,1,10.0,2017-01-26,2017-02-20,true,0.6,[Documentary]
231095,Inspiração Fora da Curva,pt,1,10.0,2021-11-08,2021-12-23,true,0.6,[Documentary]
230638,Loquendo Girlz,pt,1,10.0,2023-07-12,2023-07-12,true,649.0,["Comedy,  Drama"]
197272,Os Aventureiros,pt,1,10.0,2018-03-23,2023-05-31,true,2.183,["Comedy,  Action & Adventure,  Family"]
218928,Macho Man,pt,1,10.0,2011-04-08,2011-12-16,false,1.878,[Comedy]
114897,Terra Nossa,pt,1,10.0,2018-05-27,2023-09-23,true,7.129,["Comedy,  Documentary"]
113963,Imperial Brazil,pt,1,10.0,2020-11-10,2021-01-12,true,1.4,[Drama]
113486,Sankofa - A África que te Habita,pt,1,10.0,2020-05-01,2020-07-03,false,0.6,[Documentary]
8127,High School Musical: A Seleção,pt,1,10.0,2008-03-15,2008-06-22,false,971.0,[Reality]
204023,EAD com Dragbox,pt,1,10.0,2021-06-18,2021-09-21,true,0.6,["Comedy,  Talk"]
86230,De Carona com os Óvnis,pt,1,10.0,2018-12-07,2019-03-08,true,1.1,[Documentary]
201297,Que Seja Doce,pt,1,10.0,2015-04-13,2022-05-20,true,2.125,[Reality]
123843,Making Of,pt,1,10.0,2020-03-02,2020-07-13,true,986.0,[Comedy]
123837,Série A3,pt,1,10.0,2021-01-15,2021-02-26,true,1.22,["Drama,  Comedy,  Mystery"]
68364,Dentro,pt,1,10.0,2016-09-08,2016-12-01,false,1.585,[Drama]
210661,Border Control: Brazil,pt,1,10.0,2022-10-08,2023-09-30,true,9.64,["Documentary,  Reality"]
82099,Pesadelo na Cozinha,pt,1,10.0,2017-03-12,2018-10-28,false,879.0,[Reality]
200686,Escola Fantástica,pt,1,10.0,2018-04-26,2023-04-05,true,0.6,["Comedy,  Family,  Action & Adventure"]
20885,Quatro por Quatro,pt,1,10.0,1994-10-24,1995-07-21,false,3.3,[Soap]
221474,Eu que fiz,pt,1,10.0,2019-03-25,2019-04-02,false,0.63,["Animation,  Mystery"]
46299,The Voice Brasil,pt,1,10.0,2012-09-23,2022-12-29,true,14.847,[Reality]
209368,Popverso,pt,1,10.0,,2022-06-06,true,1.067,[News]
211789,As Grandes Minorias,pt,1,10.0,2021-10-05,2021-10-19,false,0.6,[Documentary]
211790,Fim Das Nações,pt,1,10.0,2020-10-03,2020-10-17,true,0.6,[Documentary]
207320,Rock In Rio – A História,pt,1,10.0,2022-08-02,2022-08-02,false,952.0,[Documentary]
79527,Tocando o Oculto,pt,1,10.0,2015-04-04,2016-08-16,true,0.6,[Talk]
237353,Leandro e Leonardo,pt,1,10.0,1992-01-01,1992-01-01,false,1.4,["Drama,  Comedy"]
113242,O Programa do Aleixo,pt,1,10.0,2008-11-08,2012-12-10,false,0.6,["Comedy,  Talk"]
217935,Sítio do Picapau Amarelo,pt,1,10.0,2012-01-07,2015-07-06,false,1.4,["Kids,  Family,  Action & Adventure"]
69701,"Sim, Chef!",pt,1,10.0,2017-01-04,2017-12-13,false,3.029,[Comedy]
229287,Evidências com Rodrigo Silva,pt,1,10.0,2017-04-02,2017-07-20,true,0.6,[Documentary]
76616,Ferdinando Show,pt,1,10.0,2015-08-10,2016-06-22,true,4.055,[Talk]
247641,PodCrente,pt,1,10.0,2024-02-27,2024-04-03,true,6.8,[Talk]
237201,Girls In The House,pt,1,10.0,2014-11-19,2023-10-05,true,1.152,["Comedy,  Drama"]
237353,Leandro e Leonardo,pt,1,10.0,1992-01-01,1992-01-01,false,0.6,["Drama,  Comedy"]
237201,Girls In The House,pt,1,10.0,2014-11-19,2023-10-05,true,1.832,["Comedy,  Drama"]
239179,O Barata Flamejante,pt,1,10.0,,2011-07-29,false,0.84,[Comedy]
69553,Sem Volta,pt,1,10.0,2017-01-04,2017-01-20,false,919.0,["Action & Adventure,  Drama"]
198234,Proibido Para Maiores,pt,1,10.0,2018-11-16,2019-01-04,false,2.002,["Comedy,  Drama"]
135454,Acesso Total: Corinthians,pt,1,10.0,2021-03-01,2021-03-22,false,0.6,[Documentary]
117529,Saltibum,pt,1,10.0,2014-04-05,2016-12-17,false,683.0,[Reality]
122651,Telerural,pt,1,10.0,2008-06-10,2010-09-06,false,873.0,[Comedy]
88737,V Series,pt,1,10.0,2019-04-01,2019-07-22,true,2.871,[Talk]
230682,Caminhos dos Orixás,pt,1,10.0,2023-06-08,2023-06-08,false,0.6,[Documentary]
117583,Ljubomir Stanisic - Coração na Boca,pt,1,10.0,2021-01-26,2021-01-26,false,639.0,["Drama,  Documentary"]
83327,Zumbis em Brasília,pt,1,10.0,2018-09-06,2018-11-10,true,1.129,[Animation]
115898,Tetelestai,pt,1,10.0,2018-01-03,2018-03-14,true,1.457,[Documentary]
123988,Eu Odeio Meu Chefe!,pt,1,10.0,2015-04-01,2015-09-23,false,0.6,[Comedy]
226554,HIV 40 anos: AIDS e Suas Histórias,pt,1,10.0,2022-07-08,2022-07-08,false,0.6,[Documentary]
65486,Meu Passado Me Condena,pt,1,10.0,2012-10-10,2014-02-05,false,0.6,[Comedy]
78809,Filhos da Pátria,pt,1,10.0,2017-09-19,2019-12-10,false,1.253,["Comedy,  Soap"]
219823,The Doll on the House,pt,1,10.0,2023-02-06,2023-02-27,false,0.6,[Mystery]
81339,Liga dos Últimos,pt,1,10.0,2004-09-22,2010-12-26,false,1.135,[Talk]
135104,We Won't Dine,pt,1,10.0,2022-03-28,2022-03-28,false,1.594,[Drama]
223503,Os Traidores,pt,1,10.0,2023-04-09,2023-06-11,true,1.684,[Reality]
228095,Eu Amo o Benfica,pt,1,10.0,2023-06-06,2023-06-11,false,1.039,[Documentary]
227639,Onde Está Tim Lopes?,pt,1,10.0,2023-06-29,2023-06-29,true,0.6,[Documentary]
227661,Power Dance,pt,1,10.0,,2023-06-01,true,0.6,[Animation]
206820,First Round,pt,1,10.0,2022-07-23,2022-07-23,true,1.4,["Drama,  Action & Adventure"]
121706,A Turma do Sextou,pt,1,10.0,2020-07-01,2021-01-20,true,1.506,[Animation]
234030,Vendetta: Year One,pt,1,10.0,2023-09-03,2023-09-17,true,1.459,["Drama,  Sci-Fi & Fantasy,  War & Politics"]
83067,Adorável Psicose,pt,1,10.0,2010-10-17,2014-08-01,false,1.015,[Comedy]
83725,Queridos Amigos,pt,1,10.0,2008-02-18,2008-03-28,false,8.128,[Drama]
158229,Vidas em Jogo,pt,1,10.0,2011-05-03,2012-04-09,false,4.494,["Drama,  Soap"]
195859,Floribella,pt,1,10.0,2005-04-04,2006-08-11,false,1.196,["Comedy,  Kids"]
227239,Transgender Twins,pt,1,10.0,2023-06-01,2023-06-22,true,2.317,["Documentary,  Reality"]
67289,BBQ Brasil: Churrasco na Brasa,pt,1,10.0,2016-02-13,2018-12-08,false,1.56,[Reality]
213118,A Sétima Arte,pt,1,10.0,2021-11-07,2021-12-19,false,1.4,[Documentary]
137805,Desliga a Televisão,pt,1,10.0,2019-09-08,2019-12-15,false,1.483,[Comedy]
226429,À Conversa com Ana Rita Clara,pt,1,10.0,2022-03-26,2023-09-02,true,5.023,[Talk]
213105,O Fim da Beleza,pt,1,10.0,2022-02-21,2022-02-21,false,1.4,[Documentary]
68159,Ayrton: Retratos e Memórias,pt,1,10.0,2015-09-12,2015-11-14,false,1.701,[Documentary]
67928,Unidade Básica,pt,1,10.0,2016-09-11,2023-10-01,true,15.914,[Drama]
118133,Retro Gamers,pt,1,10.0,2020-12-20,2021-12-16,true,1.745,[Talk]
76890,Encontros Imediatos,pt,1,10.0,2008-04-06,2008-05-18,true,1.122,[Documentary]
73499,Romeu & Romeu,pt,1,10.0,2016-07-22,2016-11-23,true,0.6,[Drama]
128587,Os Compadres,pt,1,10.0,2011-09-24,2011-09-24,false,4.828,[Comedy]
81742,Caça Talentos,pt,1,10.0,1996-09-16,1998-11-20,false,35.801,[Soap]
202709,GATE Project,pt,1,10.0,2022-05-20,2022-07-01,true,978.0,["Documentary,  Reality"]
222811,A fé que vence o tempo,pt,1,10.0,2022-10-30,2022-10-30,true,0.6,["Documentary,  Drama"]
152595,Abrigados,pt,1,10.0,2021-10-05,2021-11-13,true,0.6,["Drama,  Mystery,  Sci-Fi & Fantasy"]
221525,Jessie e Colombo,pt,1,10.0,2023-03-29,2023-03-29,true,1.4,["Documentary,  Crime"]
91979,Brazil Untamed,pt,1,10.0,2016-04-16,2020-06-10,true,2.028,[Documentary]
72708,O (Sur)real Mundo de Any Malu,pt,1,10.0,2015-10-28,2017-07-06,true,0.6,[Animation]
79310,Trair e Coçar é Só Começar,pt,1,10.0,2014-11-24,2015-09-11,false,6.114,[Comedy]
129910,Pedro the Wanderer,pt,1,10.0,2016-03-07,2019-05-13,false,1.4,[Documentary]
126362,"Arqueologias, em Busca dos Primeiros Brasileiros",pt,1,10.0,2017-05-12,2017-05-12,false,0.6,[Documentary]
40533,Irmãos Coragem,pt,1,10.0,1970-06-08,1971-06-24,false,16.943,["Action & Adventure,  Drama"]
91631,A Invenção do Brasil,pt,1,10.0,2000-04-19,2000-04-19,false,1.25,[Comedy]
128914,Toque-me,pt,1,10.0,2014-11-27,2014-11-27,false,0.6,[Drama]
111790,"Osmar, a Primeira Fatia do Pão de Forma - A Série",pt,1,10.0,2013-11-15,2019-07-04,true,2.423,["Comedy,  Animation"]
121009,Transamazonica: A Highway to the Past,pt,1,10.0,2021-02-18,2021-03-18,false,937.0,[Documentary]
71440,Vade Retro,pt,1,10.0,2017-04-20,2017-06-29,false,0.6,["Comedy,  Mystery"]
67533,Massa Fresca,pt,1,10.0,2016-04-25,2016-05-19,false,5.089,[Soap]
99802,De Férias com o Ex Brasil: A Treta não Tira Férias,pt,1,10.0,2018-05-17,2021-09-16,false,3.868,[Reality]
84058,A Comédia da Vida Privada,pt,1,10.0,1994-08-03,1997-08-26,false,3.636,[Comedy]
225962,Cabelo Pantene - A Competição,pt,1,10.0,2019-05-04,2023-05-20,true,0.6,[Reality]
131239,Educação.doc,pt,1,10.0,2014-11-02,2014-11-26,false,625.0,[Documentary]
96493,Anitta Entrou no Grupo,pt,1,10.0,2018-04-03,2019-09-17,false,0.84,[Talk]
201497,Papa Concursos,pt,1,10.0,2021-01-01,2021-01-01,true,0.6,[Documentary]
201496,Alfacon,pt,1,10.0,2021-01-01,2021-01-01,true,0.6,[Documentary]
210767,Linhas Cruzadas,pt,1,10.0,2021-01-28,2021-03-11,true,639.0,["Talk,  News,  War & Politics"]
158478,Roupa dá em árvore?,pt,1,10.0,,,false,0.6,[Animation]
71633,Alta Definição,pt,1,10.0,2009-09-12,2023-08-19,true,10.71,[Talk]
128138,Colônia,pt,1,10.0,2021-06-25,2021-08-27,false,1.499,[Drama]
108855,História Secreta do Pop Brasileiro,pt,1,10.0,2019-10-11,2019-10-11,true,1.441,[Documentary]
210933,Matéria de Capa,pt,1,10.0,2011-09-04,2011-09-04,true,0.6,[Documentary]
156862,Sex...ual,pt,1,10.0,2011-10-02,2011-10-02,false,623.0,[Comedy]
85752,Estoy Dentro – Las Vegas,pt,1,10.0,2014-11-13,2014-12-11,false,0.6,["Reality,  Comedy"]
156542,PinkOver Recipes,pt,1,10.0,2022-01-25,2022-02-01,true,0.6,[News]
92937,A Very Nutty Boy,pt,1,10.0,2006-03-19,2006-09-10,false,9.124,["Comedy,  Drama,  Kids"]
217073,Marco Paulo,pt,1,10.0,2023-01-01,2023-01-01,false,2.88,["Documentary,  Drama"]
86126,Deborah Campioni,pt,1,10.0,2017-01-22,2018-12-20,true,0.6,["Comedy,  Family"]
236810,Minha Arte de Viver,pt,1,10.0,2020-09-21,2020-09-21,false,1.884,[Documentary]
237201,Girls In The House,pt,1,10.0,2014-11-19,2023-10-05,true,2.11,["Comedy,  Drama"]
103534,On Behalf of My Parents,pt,1,10.0,2020-03-04,2020-03-25,false,1.134,[Documentary]
237353,Leandro e Leonardo,pt,1,10.0,1992-01-01,1992-01-01,false,1.12,["Drama,  Comedy"]
19865,Capitu,pt,3,9.8,2008-12-09,2008-12-13,false,1.474,["Crime,  Drama,  Mystery"]
212350,The Childhood of Romeo and Juliet,pt,3,9.8,2023-05-07,2023-10-01,true,122.665,["Drama,  Family,  Soap"]
99499,Jorge Mautner: Kaos Em Ação,pt,2,9.8,2020-02-13,2020-02-13,true,0.76,[Documentary]
50731,Pé na Jaca,pt,2,9.8,2006-11-20,2007-06-15,false,6.455,[Soap]
207627,O Tempo e o Vento,pt,2,9.75,2014-01-01,2014-01-03,false,1.832,[Drama]
206419,The Superfantastic Story of Balão,pt,3,9.667,2023-07-12,2023-07-12,false,3.343,[Documentary]
105454,Ninja Chibi Adventures,pt,3,9.667,,2019-09-28,false,747.0,["Comedy,  Animation,  Kids"]
154370,O Canto Livre de Nara Leão,pt,4,9.5,2022-01-07,2022-01-07,false,608.0,[Documentary]
46156,Side by Side,pt,4,9.5,2012-09-10,2013-03-08,false,87.293,["Drama,  Family,  Soap"]
41802,Anjo Mau,pt,4,9.5,1997-09-08,1998-03-27,false,14.999,["Drama,  Soap"]
122884,A Corrida das Vacinas,pt,2,9.5,2021-04-08,2021-05-12,false,1.189,["Documentary,  News"]
68303,World's Last Show,pt,2,9.5,2013-07-15,2016-09-22,true,1.257,[Comedy]
130396,The Masked Singer Brasil,pt,2,9.5,2021-08-10,2023-04-09,true,4.696,[Reality]
129489,The Missing,pt,2,9.5,2021-07-22,2021-07-22,false,2.417,["Crime,  Drama"]
83896,Tempos Modernos,pt,1,9.5,2010-01-11,2010-07-16,false,31.57,["Soap,  Drama,  Family"]
65812,A Fabulosa Vida de Bolzan,pt,1,9.5,2016-03-03,2016-03-13,true,0.88,["Comedy,  Drama"]
85747,Cara & Coroa,pt,1,9.5,1995-07-24,1996-03-29,false,13.563,["Soap,  Drama"]
202429,The Bridge Brazil,pt,3,9.333,2022-06-09,2022-06-23,true,0.78,[Reality]
210026,Stupid Wife,pt,8,9.3,2022-08-04,2023-07-06,true,23.444,["Family,  Drama"]
63100,Family Matters,pt,3,9.3,2014-04-09,2017-05-31,true,2.652,[Drama]
67405,Psi,pt,8,9.25,2014-03-23,2019-05-26,false,1.528,[Drama]
124407,O Caso Evandro,pt,11,9.2,2021-05-13,2021-07-08,false,1.585,["Documentary,  Crime"]
77110,Choque de Cultura,pt,6,9.2,2016-11-21,2023-07-17,true,2.555,[Comedy]
91630,O Auto da Compadecida,pt,58,9.095,1999-01-05,1999-01-08,false,5.502,["Comedy,  Drama,  Sci-Fi & Fantasy"]
46019,Roque Santeiro,pt,13,9.0,1985-06-24,1986-02-21,false,26.592,["Soap,  Comedy"]
94281,Second Call,pt,11,9.0,2019-10-08,2021-09-10,false,2.384,[Drama]
104617,Julie and the phantoms,pt,7,9.0,2011-10-17,2012-04-09,false,11.843,["Sci-Fi & Fantasy,  Family,  Drama"]
5068,Os Aspones,pt,7,9.0,2004-11-05,2004-12-17,false,4.008,[Comedy]
82156,Anatomia do Crime,pt,6,9.0,2017-05-27,2020-04-27,true,3.884,["Documentary,  Crime"]
83595,Time After Time,pt,5,9.0,2015-07-13,2016-01-15,false,63.224,["Soap,  Drama"]
78701,Pride and Passion,pt,4,9.0,2018-03-20,2018-09-24,false,44.726,["Soap,  Drama"]
87515,Equador,pt,4,9.0,2008-12-21,2009-07-19,false,4.899,[Drama]
71171,Blue Building Detectives,pt,4,9.0,2012-07-15,2023-08-28,true,39.642,["Kids,  Action & Adventure,  Comedy"]
106741,Larica Total,pt,3,9.0,2008-10-10,2012-10-02,false,985.0,["Comedy,  Reality"]
80000,Memórias do Chumbo - O Futebol nos Tempos do Condor,pt,3,9.0,2012-12-18,2012-12-21,false,0.6,[Documentary]
118101,Hackers,pt,2,9.0,2016-08-13,2019-06-18,false,973.0,[Documentary]
124324,Série Saúde,pt,2,9.0,2015-02-12,2015-04-09,true,655.0,[Documentary]
85946,Porn,pt,2,9.0,2018-06-12,2018-07-17,false,0.0,["Drama,  Comedy"]
93524,Agosto,pt,2,9.0,1993-08-24,1993-09-17,false,2.458,["Crime,  Drama,  Mystery"]
115074,Família Imperial,pt,2,9.0,2012-09-12,2013-01-23,false,2.593,["Drama,  Sci-Fi & Fantasy"]
94989,Xingu,pt,2,9.0,2012-04-06,2012-04-27,false,989.0,["Action & Adventure,  Documentary,  Drama"]
95184,Turma da Mônica Jovem,pt,2,9.0,2019-11-07,2020-04-30,true,2.737,["Animation,  Comedy,  Action & Adventure,  Family"]
139416,Acesso Total: Botafogo,pt,2,9.0,2021-11-23,2021-12-21,false,0.6,[Documentary]
85442,Terrores Urbanos,pt,2,9.0,2018-10-11,2018-11-08,false,827.0,["Sci-Fi & Fantasy,  Mystery"]
55813,Pedro e Bianca,pt,2,9.0,2012-11-11,2014-03-02,false,2.744,["Family,  Drama"]
42920,These Women,pt,1,9.0,2005-05-02,2005-10-21,false,29.009,[Soap]
228656,Out of the Box,pt,1,9.0,2011-05-13,2012-07-12,false,1.264,[Comedy]
224785,Israel - Nos Passos de Jesus,pt,1,9.0,2023-04-14,2023-04-14,false,838.0,[Documentary]
204215,Escola dos Youtubers,pt,1,9.0,2018-09-16,2019-11-30,false,1.4,[Comedy]
196611,Improvável,pt,1,9.0,,2022-04-28,true,0.0,[Comedy]
78948,Sou Menino Para Ir,pt,1,9.0,2018-01-30,2022-12-29,true,2.753,[Comedy]
229998,Flaps,pt,1,9.0,2009-08-08,2011-04-04,true,623.0,["Animation,  Comedy,  Action & Adventure"]
78965,Maluco Beleza,pt,1,9.0,2015-08-14,2018-04-16,true,9.967,["Comedy,  Talk"]
207399,Anjo Mau,pt,1,9.0,1976-02-02,1976-08-24,false,9.935,["Drama,  Soap"]
117525,The Voice +,pt,1,9.0,2021-01-17,2022-01-30,false,737.0,[Reality]
93575,O Processo dos Távoras,pt,1,9.0,2001-01-01,2001-01-01,false,927.0,["Crime,  Drama"]
222689,Conhecendo Israel - Josi Boccoli,pt,1,9.0,2021-12-11,2022-10-11,true,0.6,[Documentary]
154651,Bia & Jean,pt,1,9.0,2021-12-01,2022-03-23,true,0.94,["Animation,  Comedy"]
215508,Elas por Elas,pt,1,9.0,1982-05-10,1982-11-26,false,7.616,["Soap,  Comedy,  Crime,  Drama"]
93536,Desejo,pt,1,9.0,1990-05-27,1990-06-22,false,1.996,[Drama]
231969,Casa Brasileira,pt,1,9.0,,2012-12-22,true,0.6,[Documentary]
128266,A Queda Argentina,pt,1,9.0,2021-02-22,2021-02-24,false,0.6,[Documentary]
221587,Locomotivas,pt,1,9.0,1977-03-01,1977-09-12,false,6.891,["Comedy,  Soap,  Drama"]
91607,Feras,pt,1,9.0,2019-01-21,2019-02-25,false,1.4,[Drama]
118771,Lúcia McCartney,pt,1,9.0,2016-11-21,2017-01-09,true,1.33,[Drama]
154546,Em Dezembro de 81,pt,1,9.0,2021-12-08,2021-12-14,false,0.6,[Documentary]
126593,Entregues à Sorte,pt,1,9.0,2019-07-24,2019-08-21,true,0.6,[Documentary]
227708,O Caso Escola Base,pt,1,9.0,2023-06-02,2023-06-02,false,777.0,[Documentary]
157909,Exathlon Brasil,pt,1,9.0,2017-09-25,2017-12-15,false,4.71,[Reality]
228277,My Magic Closet,pt,21,8.8,2023-07-20,2023-08-10,true,31.975,["Drama,  Sci-Fi & Fantasy"]
82901,Sara,pt,5,8.8,2018-10-07,2018-11-25,false,1.465,[Comedy]
84601,Maysa: Quando Fala o Coração,pt,4,8.8,2009-01-05,2009-01-16,false,1.677,[Drama]
135396,Doce,pt,2,8.8,2021-10-02,2021-11-13,false,2.192,[Drama]
197052,De Onde Vem?,pt,2,8.8,2001-01-01,2001-01-01,false,1.167,["Family,  Animation,  Kids"]
77448,Rio Heroes,pt,2,8.8,2018-02-24,2019-06-07,false,1.419,[Drama]
58566,Chiquititas,pt,31,8.758,2013-07-15,2015-08-14,false,57.965,["Kids,  Family,  Soap"]
118585,Doctor Castor,pt,8,8.75,2021-02-11,2021-02-11,false,894.0,[Documentary]
113616,The General,pt,4,8.75,2020-11-23,2020-12-24,false,1.46,[Action & Adventure]
81340,Investigação Criminal,pt,4,8.75,2012-10-09,2022-02-06,true,2.696,["Documentary,  Crime"]
88993,Cine Holliúdy: A Série,pt,4,8.75,2019-05-07,2023-07-13,true,3.348,["Comedy,  Action & Adventure"]
90281,Oswaldo,pt,4,8.75,2017-10-11,2021-01-27,true,4.386,[Animation]
64775,Conta-me Como Foi,pt,8,8.7,2007-04-22,2023-09-16,true,25.65,["Family,  Drama"]
46802,Odisseia,pt,6,8.7,2013-01-20,2013-03-09,false,2.759,["Drama,  Comedy,  Action & Adventure"]
63269,Conselho Tutelar,pt,3,8.7,2014-12-01,2018-01-05,true,1.042,[Drama]
212223,"Marcelo, Marmelo, Martelo",pt,3,8.7,2023-07-08,2023-07-08,true,1.652,[Family]
42336,A Casa das Sete Mulheres,pt,13,8.654,2003-01-07,2003-04-08,false,7.027,["Action & Adventure,  Drama"]
74606,Jorel's Brother,pt,39,8.641,2014-09-22,2022-01-27,true,19.171,["Animation,  Comedy,  Kids"]
137883,New Bandits,pt,20,8.6,2023-08-17,2023-08-31,true,38.286,["Drama,  Crime,  Western"]
46101,Senhora do Destino,pt,10,8.6,2004-06-28,2005-03-11,false,64.298,[Soap]
73976,1986,pt,8,8.6,2018-03-13,2018-06-05,false,984.0,["Drama,  Comedy"]
75803,#CasaDoCais,pt,5,8.6,2018-01-15,2020-03-23,false,3.308,[Comedy]
113225,The Party,pt,5,8.6,2014-07-14,2014-09-12,false,1.624,["Soap,  Mystery"]
84580,Velho Chico,pt,6,8.583,2016-03-14,2016-09-29,false,29.582,["Soap,  Drama"]
130350,Sunset,pt,8,8.5,2021-08-16,2022-09-02,false,7.811,[Comedy]
73667,Sandy & Junior,pt,8,8.5,1999-04-11,2002-12-29,false,17.548,["Comedy,  Kids,  Family"]
74175,Carcereiros,pt,6,8.5,2017-09-04,2021-01-22,false,3.535,["Crime,  Drama"]
82904,Gato Fedorento: Série Fonseca,pt,6,8.5,2003-03-03,2003-03-10,false,6.454,[Comedy]
45759,Renascer,pt,5,8.5,1993-03-08,1993-11-13,false,7.976,["Soap,  Drama"]
45776,Guerra dos Sexos,pt,4,8.5,1983-06-06,1984-01-06,false,12.089,["Soap,  Comedy"]
40817,O Bem-Amado,pt,4,8.5,1973-01-22,1973-10-03,false,44.478,["Soap,  Comedy"]
92077,Verão 90,pt,4,8.5,2019-01-29,2019-07-26,false,25.151,["Soap,  Comedy"]
83316,Herman Enciclopédia,pt,4,8.5,1997-04-15,2008-02-03,false,2.457,[Comedy]
58464,Um Só Coração,pt,2,8.5,2004-01-06,2004-04-08,false,32.848,[Drama]
77116,Brasil a Bordo,pt,2,8.5,2018-01-25,2018-04-12,false,1.924,[Comedy]
42975,Pecado Capital,pt,2,8.5,1975-11-24,1976-06-04,false,8.183,["Drama,  Soap"]
41743,História de Amor,pt,2,8.5,1995-07-03,1996-03-02,false,9.901,["Soap,  Drama"]
68367,Shark Tank Brasil: Negociando com Tubarões,pt,1,8.5,2016-10-12,2023-09-25,true,6.677,[Reality]
83391,3 Mulheres,pt,1,8.5,2018-10-26,2022-06-22,false,6.286,["Drama,  Documentary"]
105546,Isto é Gozar Com Quem Trabalha,pt,1,8.5,2020-03-01,2023-09-24,true,11.28,["Comedy,  Documentary"]
196421,The Others,pt,15,8.4,2023-05-31,2023-07-07,true,4.654,[Drama]
78951,Último a Sair,pt,9,8.4,2011-05-08,2018-06-11,false,17.254,[Comedy]
71637,Greg News,pt,7,8.4,2017-05-06,2023-09-29,true,14.589,["News,  Comedy"]
123840,Old Friends,pt,5,8.4,2018-05-09,2018-08-01,true,776.0,["Comedy,  Drama,  Family"]
105191,Em Nome de Deus,pt,5,8.4,2020-06-23,2020-06-25,false,1.4,[Documentary]
41698,Força de um Desejo,pt,5,8.4,1999-05-10,2000-01-28,false,10.898,["Drama,  Soap"]
82910,Gato Fedorento: Esmiúça os Sufrágios,pt,4,8.4,2009-09-14,2009-10-23,false,1.467,["Talk,  Comedy"]
157485,Turma da Mônica: A Série,pt,16,8.375,2022-07-21,2022-07-21,false,1.961,["Family,  Kids,  Drama,  Mystery,  Comedy"]
16183,A Grande Família,pt,30,8.333,2001-03-29,2014-09-11,false,93.199,["Comedy,  Family"]
98960,Beyond the Horizon,pt,3,8.333,2013-11-04,2014-05-02,false,58.727,["Soap,  Drama"]
46162,Gabriela,pt,11,8.318,2012-06-18,2012-10-26,false,21.353,["Comedy,  Drama,  Soap"]
96376,Hebe,pt,7,8.3,2019-12-13,2019-12-13,false,4.176,[Drama]
98728,Espelho da Vida,pt,7,8.3,2018-09-25,2019-05-04,false,23.465,["Soap,  Drama,  Family"]
78977,Sob Nova Direção,pt,3,8.3,2004-04-18,2006-12-17,false,24.724,[Comedy]
79156,Cilada,pt,3,8.3,2005-11-18,2009-12-19,true,2.017,[Comedy]
45762,"Pão-Pão, Beijo-Beijo",pt,3,8.3,1983-03-28,1983-10-07,false,10.045,["Soap,  Drama,  Family"]
80057,P.O.L.I.C.I.A,pt,3,8.3,2017-04-01,2020-09-02,true,1.316,[Documentary]
137940,Naked and Afraid: Brazil,pt,3,8.3,2021-11-09,2022-12-10,true,4.527,[Reality]
90111,It’s a Match,pt,7,8.286,2019-06-08,2019-06-08,false,2.013,[Comedy]
20613,A Viagem,pt,10,8.25,1994-04-11,1994-10-21,false,48.046,["Soap,  Drama"]
78074,Sintonia,pt,179,8.2,2019-08-09,2023-07-25,true,22.377,["Drama,  Crime"]
35254,Castelo Rá-Tim-Bum,pt,22,8.2,1994-05-02,1997-12-24,false,16.01,["Kids,  Comedy"]
65166,José do Egito,pt,15,8.2,2013-01-30,2013-10-09,false,50.337,[Drama]
82529,Harassment,pt,10,8.2,2018-09-21,2018-09-21,false,1.626,[Drama]
8361,O Cravo e a Rosa,pt,8,8.2,2000-06-26,2001-03-10,false,22.38,["Soap,  Comedy"]
91296,A Divisão,pt,6,8.2,2019-07-19,2023-09-29,true,17.195,["Crime,  Drama,  Action & Adventure"]
94449,Santos Dumont,pt,5,8.2,2019-11-10,2019-12-15,false,1.949,[Drama]
116887,Exterminadores do Além,pt,5,8.2,2021-08-18,2021-10-20,true,1.97,["Comedy,  Mystery"]
42928,Cabocla,pt,4,8.2,2004-05-10,2004-11-19,false,14.693,["Soap,  Drama,  Comedy"]
57553,Sessão de Terapia,pt,4,8.2,2012-10-01,2021-07-09,false,16.347,[Drama]
94696,Brotherhood,pt,41,8.159,2019-10-25,2022-05-11,true,7.071,["Drama,  Action & Adventure"]
45815,Brazil Avenue,pt,1154,8.1,2012-03-26,2012-10-19,false,111.7,["Drama,  Mystery,  Soap,  Crime"]
139396,The Endless Night,pt,39,8.1,2023-01-25,2023-01-25,false,9.77,[Drama]
72682,Juacas,pt,37,8.1,2017-07-03,2020-08-02,false,9.765,[Action & Adventure]
20724,Sai de Baixo,pt,20,8.1,1996-03-31,2013-07-02,false,25.092,[Comedy]
91748,A Life Worth Living,pt,8,8.1,2019-07-29,2019-12-14,false,28.669,["Drama,  Crime,  Soap,  Family"]
103972,Airport Brazil: Restricted Areas,pt,4,8.1,2017-05-29,2023-02-25,true,1.84,[Documentary]
124831,Where My Heart Is,pt,4,8.1,2021-05-04,2021-05-04,false,1.799,[Drama]
14853,The Clone,pt,320,8.088,2001-10-01,2002-06-14,false,35.906,["Soap,  Drama,  Sci-Fi & Fantasy"]
59092,The Life We Lead,pt,7,8.083,2011-09-26,2012-03-02,false,81.907,["Drama,  Soap"]
17109,"Toma Lá, Dá Cá",pt,19,8.0,2007-08-07,2009-12-22,false,20.321,["Comedy,  Family"]
73010,Under Pressure,pt,13,8.0,2017-07-25,2022-07-07,true,5.271,[Drama]
46161,Vale Tudo,pt,13,8.0,1988-05-16,1989-01-06,false,44.167,["Drama,  Soap"]
93159,The Awakener: The Series,pt,7,8.0,2019-09-01,2019-10-13,false,3.702,["Crime,  Action & Adventure,  Drama"]
82986,O Canto da Sereia,pt,7,8.0,2013-01-08,2013-01-11,false,4.167,["Drama,  Crime,  Mystery"]
153784,It's All Right!,pt,6,8.0,2023-04-12,2023-04-12,false,5.424,[Comedy]
104396,Rock Story,pt,6,8.0,2016-11-09,2017-06-05,false,110.94,["Drama,  Soap"]
46018,Tieta,pt,5,8.0,1989-08-14,1990-03-30,false,23.558,["Drama,  Soap,  Comedy"]
88523,A Vila,pt,5,8.0,2017-08-07,2018-11-02,true,5.186,[Comedy]
82906,Gato Fedorento: Série Meireles,pt,5,8.0,2004-04-22,2004-04-22,false,4.301,[Comedy]
51018,Kings,pt,5,8.0,2022-03-22,2023-10-02,true,67.136,["Action & Adventure,  Drama"]
82908,Gato Fedorento: Série Lopes da Silva,pt,4,8.0,2006-04-13,2006-08-24,false,1.456,[Comedy]
195531,Taskmaster,pt,4,8.0,2022-03-19,2023-09-30,true,10.609,[Comedy]
104687,Dancin' Days,pt,4,8.0,1978-07-10,1979-01-27,false,17.2,["Soap,  Drama"]
20022,Programa do Jô,pt,4,8.0,2000-04-03,2016-03-28,false,1.615,[Comedy]
88621,O Resto da Tua Vida,pt,3,8.0,2019-04-07,2019-06-16,false,0.6,["Documentary,  Comedy,  Drama"]
46152,Agora É Tarde,pt,3,8.0,2011-06-29,2015-03-03,true,3.738,[Talk]
109959,Floribella,pt,3,8.0,2006-03-31,2007-04-30,false,47.923,["Soap,  Kids,  Family,  Comedy"]
85604,Aline,pt,3,8.0,2008-12-30,2011-03-03,false,1.492,[Comedy]
139348,A Bíblia,pt,3,8.0,2021-11-23,2022-03-25,false,2.422,["Action & Adventure,  Drama,  Soap"]
82931,Gato Fedorento: Zé Carlos,pt,3,8.0,2008-10-05,2008-12-31,false,0.6,["Talk,  Comedy"]
194613,The Adventures of José & Durval,pt,3,8.0,2023-08-18,2023-09-22,true,8.99,[Drama]
216803,A Sucessora,pt,3,8.0,1978-10-09,1979-03-03,false,15.208,["Drama,  Soap"]
88213,Xilindró,pt,3,8.0,2016-07-25,2020-07-20,false,8.364,[Comedy]
106355,Torre de Babel,pt,2,8.0,1998-05-25,1998-10-12,false,5.384,["Soap,  Drama,  Mystery"]
202844,Casão: Num Jogo Sem Regras,pt,2,8.0,2022-05-25,2022-05-25,false,757.0,[Documentary]
42369,CQC - Custe o Que Custar,pt,2,8.0,2008-03-17,2015-03-09,false,1.53,["News,  Comedy"]
12093,Hermes & Renato,pt,2,8.0,2015-11-19,2016-02-04,true,917.0,[Comedy]
136169,Orgulho Além da Tela,pt,2,8.0,2021-10-11,2021-10-11,false,699.0,[Documentary]
67416,Haunted Tales for Wicked Kids,pt,2,8.0,2013-03-04,2016-04-25,true,2.176,["Action & Adventure,  Animation,  Comedy"]
214560,Portugal Tal & Qual,pt,2,8.0,2011-03-23,2011-07-28,false,914.0,[Comedy]
125092,Stone Circle,pt,2,8.0,2008-05-05,2008-05-05,false,1.4,["Soap,  Drama"]
78947,Sal,pt,2,8.0,2014-08-09,2014-09-27,false,1.101,["Comedy,  Drama"]
46022,Cat's Cradle,pt,2,8.0,2009-10-05,2009-10-05,false,39.876,["Drama,  Soap"]
72784,Água Viva,pt,2,8.0,1980-02-04,1980-08-08,false,25.69,["Soap,  Drama"]
76967,Suburbia,pt,2,8.0,2012-11-01,2012-12-20,false,1.903,[Drama]
73054,Tainted,pt,2,8.0,2014-04-11,2014-07-11,false,3.304,[Crime]
64083,Batalha dos Confeiteiros Brasil,pt,2,8.0,2015-09-30,2018-07-11,false,0.72,[Reality]
74193,Forbidden City,pt,2,8.0,2017-09-26,2017-12-19,false,1.528,["Drama,  Crime"]
203442,Amor em Quatro Atos,pt,1,8.0,2011-01-11,2011-01-14,false,884.0,[Drama]
206591,Decora,pt,1,8.0,2011-03-24,2022-11-18,true,2.272,[Reality]
76001,2077 – 10 Seconds To The Future,pt,1,8.0,2018-01-02,2018-01-23,false,2.313,["Documentary,  Sci-Fi & Fantasy"]
124050,Geek,pt,1,8.0,2018-06-05,2020-01-21,false,0.6,["Documentary,  Comedy"]
218855,Super Chef Celebridades,pt,1,8.0,2012-08-06,2013-08-12,true,896.0,[Reality]
114967,Mrs. Hope,pt,1,8.0,2020-12-18,2021-02-12,true,2.893,["Drama,  Family"]
233915,França e o Labirinto,pt,1,8.0,2023-08-29,2023-08-29,false,1.571,["Crime,  Mystery,  Drama"]
86061,Sweet Mother,pt,1,8.0,2014-01-30,2014-05-08,false,1.835,[Comedy]
131170,Patricia,pt,1,8.0,2020-12-06,2022-02-24,true,1.4,[Drama]
79857,Filho da Mãe,pt,1,8.0,2015-09-15,2015-09-15,false,1.4,[Comedy]
73827,País Irmão,pt,1,8.0,2017-09-11,2017-12-18,false,2.855,["Comedy,  Drama"]
204240,Simple Life: Mudando de Vida,pt,1,8.0,2007-07-03,2007-10-16,false,872.0,[Reality]
206350,Let’s Dance com Nightography,pt,1,8.0,2022-06-09,2022-07-14,false,0.84,[Reality]
203286,Depois do Adeus,pt,1,8.0,2013-01-19,2013-01-19,false,1.261,[Drama]
127650,Meu Amigo Bussunda,pt,1,8.0,2021-06-17,2021-06-17,false,1.225,[Documentary]
125072,Cinquentinha,pt,1,8.0,2009-12-08,2009-12-18,false,1.785,["Comedy,  Drama"]
78949,Cavalinho da Chuva,pt,1,8.0,2018-02-25,2018-03-04,true,673.0,["Comedy,  Reality"]
77352,Nothing Remains the Same,pt,1,8.0,2016-09-27,2016-12-20,false,4.547,[Drama]
90916,Portugal Culto e Oculto,pt,1,8.0,2019-03-15,2019-03-15,false,885.0,[Documentary]
15433,Telejornal,pt,1,8.0,,,false,0.6,[News]
76175,"Mais Cor, Por Favor",pt,1,8.0,2017-08-08,2017-09-26,true,625.0,[Reality]
126421,Lampião e Maria Bonita,pt,1,8.0,1982-04-26,1982-05-05,false,703.0,["Drama,  Crime"]
135196,Dani-se,pt,1,8.0,2021-03-05,2021-11-26,false,3.214,["Talk,  Comedy"]
94894,Redenção,pt,1,8.0,2016-08-17,2016-09-07,false,676.0,[Sci-Fi & Fantasy]
57310,Sons of Carnaval,pt,1,8.0,2006-03-04,2009-11-22,true,872.0,[Drama]
158615,Meninas do Benfica,pt,1,8.0,2022-03-02,2022-03-23,false,2.343,[Drama]
90591,Pecado Mortal,pt,1,8.0,2013-09-25,2014-05-28,false,10.973,["Soap,  Crime,  Drama"]
194610,ROTA 66: The Killer Unit,pt,1,8.0,2022-09-22,2022-10-06,false,2.458,["Drama,  Crime"]
137905,Tecendo o Saber,pt,1,8.0,2005-10-03,2005-12-29,false,3.22,[Documentary]
82978,Dercy de Verdade,pt,1,8.0,2012-01-10,2012-01-13,false,1.229,["Comedy,  Drama"]
210928,#Provoca,pt,1,8.0,2019-05-14,2022-01-25,true,5.117,[Talk]
217257,Ballet Rose,pt,1,8.0,1998-09-21,1998-09-21,false,1.513,["Crime,  Drama"]
77521,APPaixonados,pt,1,8.0,2018-02-27,2018-05-15,false,708.0,[Comedy]
71499,Aleixo Psi,pt,1,8.0,2017-04-28,2017-06-02,false,0.6,[Comedy]
85770,10 Segundos para Vencer,pt,1,8.0,2019-01-08,2019-01-08,false,934.0,["Drama,  Documentary"]
46121,A Próxima Vítima,pt,18,7.944,1995-03-13,1995-11-03,false,13.234,["Soap,  Crime,  Drama"]
99125,Renegaded Archangel,pt,16,7.906,2020-02-07,2022-09-15,true,2.91,["Drama,  Action & Adventure"]
209117,Never Give Up,pt,59,7.9,2023-01-16,2023-08-11,true,39.39,["Soap,  Comedy"]
15166,Os Normais,pt,28,7.9,2001-06-01,2003-10-03,false,5.055,[Comedy]
91907,Joint Venture,pt,14,7.9,2019-08-04,2022-09-04,true,3.937,[Drama]
80825,Jesus,pt,288,7.898,2018-07-24,2019-04-22,false,37.526,[Drama]
62917,Hidden Truths,pt,272,7.866,2015-06-08,2015-09-25,false,29.909,["Soap,  Drama"]
70984,Novo Mundo,pt,7,7.857,2017-03-22,2017-09-25,false,10.783,["Soap,  Drama,  Action & Adventure"]
46143,Xica da Silva,pt,130,7.831,1996-09-17,1997-08-11,false,12.528,["Soap,  Drama"]
63109,Moses and the Ten Commandments,pt,928,7.825,2015-03-23,2016-07-04,false,50.165,["Drama,  Romance,  History,  Soap"]
195298,Time Hustler,pt,11,7.818,2022-12-25,2022-12-25,true,5.32,[Comedy]
115645,Genesis,pt,219,7.801,2021-01-19,2021-11-22,false,25.151,["Soap,  Drama"]
62490,O Negocio,pt,139,7.8,2013-08-18,2018-06-03,false,14.356,["Comedy,  Drama"]
7448,A Favorita,pt,16,7.8,2008-06-02,2009-01-16,false,17.053,["Soap,  Drama,  Mystery"]
84612,Boogie Oogie,pt,9,7.8,2014-08-04,2015-03-06,false,25.257,["Soap,  Drama"]
38791,As Cariocas,pt,8,7.8,2010-10-19,2010-12-21,false,2.455,[Comedy]
64499,Precious Pearl,pt,8,7.8,2013-09-16,2014-04-04,false,47.564,["Comedy,  Drama,  Soap"]
87264,Sound & Fury,pt,6,7.8,2009-07-07,2009-07-24,false,1.674,["Drama,  Comedy"]
105733,Once We Were Six,pt,5,7.8,2019-09-30,2020-03-27,false,20.6,["Soap,  Drama"]
82907,Gato Fedorento: Série Barbosa,pt,5,7.8,2005-05-02,2005-05-02,false,6.511,[Comedy]
79886,Land of the Strong,pt,5,7.8,2018-04-23,2018-07-23,false,32.757,["Drama,  Mystery,  Western"]
119759,Predestinado,pt,3,7.8,2021-02-28,2021-02-28,false,1.4,[Documentary]
152270,Astral Journey,pt,2,7.8,2021-12-21,2021-12-21,true,1.059,[Reality]
84383,Total Dreamer,pt,82,7.793,2015-11-09,2016-05-30,false,57.942,["Soap,  Drama,  Comedy"]
46182,Ti Ti Ti,pt,9,7.778,2010-07-19,2011-03-18,false,74.323,[Soap]
46100,Celebrity,pt,9,7.778,2003-10-13,2004-06-25,false,33.974,["Soap,  Drama"]
72658,A História de Ester,pt,108,7.713,2010-03-03,2010-05-04,false,6.435,["Drama,  Soap"]
75209,Apocalipse,pt,283,7.7,2017-11-21,2018-06-25,false,65.239,["Drama,  Soap,  Action & Adventure,  Mystery"]
217218,Boate Kiss: A Tragédia de Santa Maria,pt,10,7.7,2023-01-27,2023-01-27,false,924.0,[Documentary]
42883,Paraíso Tropical,pt,6,7.7,2007-03-05,2007-09-28,false,104.355,["Soap,  Drama"]
57311,Preamar,pt,5,7.7,2012-05-06,2012-07-29,false,1.058,["Drama,  Action & Adventure"]
46142,Written in the Stars,pt,3,7.7,2010-04-12,2010-09-24,false,39.529,["Drama,  Soap,  Sci-Fi & Fantasy"]
100712,Masterchef Brasil: A Revanche,pt,3,7.7,2019-10-15,2019-12-17,false,1.835,[Reality]
69806,Dois Irmãos,pt,3,7.7,2017-01-09,2017-01-20,false,2.375,[Drama]
72457,Saramandaia,pt,3,7.7,2013-06-24,2013-09-27,false,34.23,["Soap,  Drama,  Sci-Fi & Fantasy,  Mystery"]
73752,Edge of Desire,pt,13,7.692,2017-04-03,2017-10-19,false,76.791,["Soap,  Comedy,  Drama,  Crime"]
35519,The Presence of Anita,pt,13,7.692,2001-08-07,2001-08-31,false,5.354,[Drama]
66825,A Terra Prometida,pt,431,7.682,2016-07-05,2017-02-24,false,151.143,[Soap]
83295,Impure,pt,30,7.667,2018-10-19,2023-08-30,true,28.975,["Crime,  Drama,  Action & Adventure"]
226684,"Wake Up, Carlo!",pt,3,7.667,2023-07-06,2023-07-06,true,2.425,["Action & Adventure,  Animation"]
64503,Vai Que Cola,pt,9,7.6,2013-07-08,2023-09-19,true,47.466,[Comedy]
72351,Hilda Furacão,pt,9,7.6,1998-05-27,1998-07-23,false,28.529,[Drama]
46154,Rebel Rio,pt,8,7.6,2011-03-21,2012-10-12,false,71.442,["Family,  Drama,  Soap"]
45865,Sparkling Girls,pt,8,7.6,2012-04-16,2012-09-28,false,48.254,["Comedy,  Soap"]
210834,The Nutty Boy,pt,7,7.6,2022-10-12,2023-04-06,true,4.506,["Animation,  Family,  Kids"]
132653,The American Guest,pt,7,7.6,2021-09-26,2021-10-17,false,3.327,[Drama]
33464,Miracle Hands,pt,5,7.6,2010-08-10,2010-10-12,false,2.04,["Drama,  Mystery"]
101823,Rá-Tim-Bum,pt,5,7.6,1990-09-29,1994-03-25,false,1.61,[Kids]
84840,I Love Paraisópolis,pt,5,7.6,2015-05-11,2015-11-05,false,53.42,["Soap,  Drama"]
92417,Sexo Frágil,pt,5,7.6,2003-10-17,2004-08-06,false,2.489,[Comedy]
89214,The Fault is Cabral's,pt,5,7.6,2016-07-19,2023-10-02,true,20.977,["Comedy,  Talk"]
125837,Catfish Brasil,pt,4,7.6,2016-08-31,2018-10-10,true,2.157,[Reality]
196429,All the Flowers,pt,15,7.533,2022-10-19,2023-06-01,false,75.86,["Soap,  Drama,  Comedy"]
123377,DOM,pt,96,7.5,2021-06-04,2023-04-13,true,29.339,["Crime,  Drama"]
204774,A Brutal Pact: The Murder of Daniella Perez,pt,26,7.5,2022-07-21,2022-07-28,false,6.096,["Documentary,  Crime"]
209493,The Forgotten Valley,pt,22,7.5,2022-09-25,2022-11-27,false,7.069,["Mystery,  Drama"]
62892,Magnifica 70,pt,11,7.5,2015-05-24,2018-12-16,false,2.377,[Drama]
67431,Monica & Friends,pt,10,7.5,1982-12-23,2022-09-23,true,14.857,["Animation,  Comedy,  Family,  Kids"]
194756,Negociador,pt,10,7.5,2023-07-20,2023-07-20,true,15.287,[Drama]
67351,Fearless,pt,8,7.5,2016-08-19,2016-08-19,true,1.679,[Documentary]
111487,O Teatro das Tesouras,pt,8,7.5,2018-08-21,2022-09-29,true,676.0,[Documentary]
68689,MasterChef: Profissionais,pt,7,7.5,2016-10-04,2023-09-26,true,31.508,[Reality]
100478,Chapulín Colorado,pt,5,7.5,1972-04-11,1979-07-18,false,66.852,["Action & Adventure,  Comedy,  Family,  Western,  Kids,  Sci-Fi & Fantasy"]
104106,Anos Rebeldes,pt,4,7.5,1992-07-14,1992-11-24,false,6.212,[Drama]
95544,A Gata Comeu,pt,4,7.5,1985-04-15,1985-10-18,false,51.225,["Soap,  Comedy"]
137209,Sandy + Chef,pt,4,7.5,2021-11-11,2021-11-18,true,813.0,[Reality]
100895,Wild and Free,pt,4,7.5,2020-03-20,2023-04-14,true,3.644,[Reality]
85582,O Tempo e o Vento,pt,4,7.5,1985-04-22,1985-05-31,false,5.703,[Drama]
84390,Meu Pedacinho de Chão,pt,4,7.5,2014-04-07,2014-08-01,false,4.38,["Soap,  Family"]
74494,Tempo de Amar,pt,3,7.5,2017-09-26,2018-03-19,false,19.824,[Drama]
80094,As Canalhas,pt,2,7.5,2013-05-05,2015-05-26,false,4.274,[Comedy]
103798,O Fim do Mundo,pt,2,7.5,1996-05-06,1996-06-14,false,19.292,["Soap,  Drama,  Sci-Fi & Fantasy"]
93641,Nazaré,pt,2,7.5,2019-09-09,2021-01-07,false,39.07,[Drama]
55635,Como Aproveitar o Fim do Mundo,pt,2,7.5,2012-11-01,2012-12-20,false,0.84,[Comedy]
156536,Programa do Ninilo,pt,2,7.5,2022-01-25,2022-04-14,true,0.6,[Talk]
194606,Rensga Hits!,pt,2,7.5,2022-08-04,2022-08-18,true,2.715,[Drama]
41815,Tropicaliente,pt,2,7.5,1994-05-16,1994-12-31,false,24.824,["Soap,  Drama"]
97013,Anos Dourados,pt,2,7.5,1986-05-05,1986-05-30,false,7.378,[Drama]
24750,War and Peace,pt,1,7.5,2007-12-27,2008-10-24,false,7.321,["Comedy,  Crime"]
114907,Médico de Família,pt,1,7.5,1998-01-27,2000-08-29,false,2.308,["Comedy,  Drama"]
212797,DB Report,pt,1,7.5,2019-02-10,2022-10-05,true,924.0,[Comedy]
129681,Do Amor,pt,1,7.5,2012-10-09,2014-01-02,true,947.0,["Drama,  Family"]
93552,Mad Maria,pt,1,7.5,2005-01-25,2005-01-25,false,1.301,[Drama]
115792,Crónica dos Bons Malandros,pt,1,7.5,2020-12-02,2021-01-27,false,1.198,["Action & Adventure,  Crime"]
118102,September Mornings,pt,40,7.463,2021-06-25,2022-09-23,false,5.058,[Drama]
43062,King David,pt,289,7.445,2012-01-24,2012-03-20,false,47.17,["Drama,  War & Politics"]
3317,City of Men,pt,26,7.442,2002-10-15,2018-01-05,false,5.808,[Drama]
41731,The King of The Cattle,pt,17,7.441,1996-06-17,1997-02-14,false,124.18,["Soap,  Drama,  Family"]
201320,"PCC, Secret Power",pt,8,7.438,2022-05-26,2022-05-26,false,1.265,["Documentary,  Crime"]
139792,Summer Heat,pt,49,7.418,2022-01-21,2022-01-21,true,4.493,[Drama]
202577,Turn of the Tide,pt,21,7.405,2023-05-26,2023-05-26,true,13.887,[Drama]
153519,Neymar: The Perfect Chaos,pt,248,7.4,2022-01-25,2022-01-25,false,8.46,[Documentary]
46021,Tapas & Beijos,pt,8,7.4,2011-04-05,2015-09-15,false,29.597,[Comedy]
75380,Tô de Graça,pt,8,7.4,2017-11-07,2022-08-05,true,3.599,[Comedy]
120383,A Woman's Fate,pt,7,7.4,2021-03-08,2021-03-08,false,1.824,[Drama]
46150,Carrossel,pt,5,7.4,2012-05-21,2013-07-26,false,27.694,["Drama,  Comedy,  Family"]
216699,Os Mutantes: Caminhos do Coração,pt,5,7.4,2008-06-03,2009-03-23,false,1.862,["Soap,  Drama,  Sci-Fi & Fantasy"]
36951,Vamp,pt,5,7.4,1991-07-15,1992-02-07,false,39.368,["Soap,  Comedy,  Action & Adventure"]
95997,The Adventures of Pollyanna,pt,5,7.4,2018-05-16,2019-05-01,false,52.573,[Soap]
232644,Reporting for Duty,pt,5,7.4,2023-09-06,2023-09-06,true,12.018,[Comedy]
64411,The Miracles of Jesus,pt,133,7.398,2014-01-22,2015-02-24,false,12.109,[Drama]
109483,Amor e Sorte,pt,4,7.375,2020-09-08,2020-09-29,false,3.702,["Comedy,  Family"]
94232,"Que História é Essa, Porchat?",pt,4,7.375,2019-08-06,2023-04-04,true,22.784,[Talk]
13179,The Slave Isaura,pt,151,7.371,2004-10-18,2005-04-29,false,58.162,["Soap,  Drama"]
110115,"Good Morning, Verônica",pt,76,7.368,2020-10-01,2022-08-03,true,8.75,["Drama,  Crime"]
76193,The Seamstress,pt,3,7.333,2017-12-25,2017-12-25,false,738.0,["Drama,  Western"]
86132,Êta Mundo Bom!,pt,3,7.333,2016-01-18,2016-08-25,false,17.779,["Soap,  Drama,  Comedy"]
64146,Cúmplices de um Resgate,pt,3,7.333,2015-08-03,2016-09-20,false,14.151,["Soap,  Drama,  Family"]
78655,Os Maias,pt,8,7.313,2001-01-09,2001-03-23,false,10.867,["Drama,  Soap"]
134955,Maldivas,pt,23,7.304,2022-06-15,2022-06-15,false,4.013,["Comedy,  Drama"]
68202,Call Me Bruna,pt,375,7.3,2016-10-08,2020-01-31,false,12.735,[Drama]
90180,ABDULLAH,pt,155,7.3,2019-04-23,2019-08-12,false,23.164,["Soap,  Drama"]
67535,Above Justice,pt,21,7.3,2016-08-22,2016-09-23,true,15.778,["Drama,  Crime"]
90822,Aruanas,pt,6,7.3,2019-06-28,2021-11-25,true,3.28,["Action & Adventure,  Drama"]
45818,Cordel Encantado,pt,5,7.3,2011-04-11,2011-09-23,false,28.076,["Drama,  Soap"]
66383,Os Filhos do Rock,pt,3,7.3,2013-12-08,2014-06-07,false,8.566,[Drama]
93532,Chiquinha Gonzaga,pt,3,7.3,1999-01-12,1999-03-04,false,7.354,[Drama]
93564,Marília Mendonça: Todos os Cantos,pt,3,7.3,2019-09-13,2019-09-13,false,1.4,[Documentary]
15429,Duas Caras,pt,3,7.3,2007-10-01,2008-05-31,false,49.588,["Soap,  Drama"]
123817,Terra Brasil - Guias,pt,3,7.3,2018-04-03,2018-08-14,true,1.813,["Documentary,  Action & Adventure,  Reality"]
44594,"Meu Bem, Meu Mal",pt,3,7.3,1990-10-29,1991-05-18,false,43.266,["Drama,  Soap"]
71645,Lady Night,pt,3,7.3,2017-04-10,2022-12-14,true,9.937,[Talk]
53448,Aqui Não Há Quem Viva,pt,3,7.3,2006-05-19,2008-06-08,false,3.221,[Comedy]
124915,220 Volts,pt,3,7.3,2011-10-25,2016-10-06,false,1.448,[Comedy]
82933,Os Contemporâneos,pt,3,7.3,2008-05-04,2009-11-20,false,5.495,[Comedy]
117928,Pérola Negra,pt,3,7.3,1998-11-09,1999-06-25,false,4.651,["Soap,  Drama"]
65842,Bob Zoom,pt,3,7.3,2012-05-12,2020-05-08,true,1.9,["Animation,  Kids"]
41263,Dinossaurs & Robots,pt,3,7.3,2011-03-21,2011-10-14,false,13.495,["Soap,  Drama"]
111484,X-Tudo,pt,3,7.3,1992-11-03,1992-11-03,true,0.6,["Kids,  Family"]
85304,Dalva e Herivelto: Uma Canção de Amor,pt,3,7.3,2010-01-04,2010-01-08,false,813.0,[Drama]
7979,India: A Love Story,pt,49,7.265,2009-01-19,2009-09-11,false,134.217,["Drama,  Soap"]
86198,Forever and Ever,pt,4,7.25,2014-11-03,2015-05-08,false,16.762,["Drama,  Soap"]
7258,Pantanal,pt,4,7.25,1990-03-27,1994-06-28,false,33.036,["Soap,  Drama"]
46126,Brave Woman,pt,59,7.229,2012-10-22,2013-05-17,false,72.786,["Drama,  Romance,  Soap"]
42680,Sítio do Picapau Amarelo,pt,11,7.227,2001-10-12,2006-04-03,false,11.643,["Family,  Kids,  Comedy"]
68467,3%,pt,412,7.226,2016-11-25,2020-08-14,false,19.374,["Drama,  Sci-Fi & Fantasy"]
106173,Mystery Lab,pt,24,7.2,2020-08-04,2020-08-04,false,2.713,["Documentary,  Comedy,  Family"]
5576,Mulheres de Areia,pt,23,7.2,1993-02-01,1993-09-24,false,51.668,["Soap,  Drama"]
95121,Nobody's Looking,pt,20,7.2,2019-11-22,2019-11-22,false,2.979,[Comedy]
97711,Unsoul,pt,12,7.2,2020-10-22,2022-04-28,false,4.576,["Mystery,  Drama"]
31581,Os Trapalhões,pt,12,7.2,1977-03-13,1977-12-11,false,16.904,[Comedy]
127509,Insanity,pt,11,7.2,2021-12-03,2021-12-03,false,4.347,[Drama]
67576,Hoje é Dia de Maria,pt,6,7.2,2005-01-11,2005-10-15,false,4.191,["Drama,  Family,  Sci-Fi & Fantasy,  Kids"]
128273,You Were Never Alone,pt,6,7.2,2021-06-29,2021-09-05,false,2.036,[Documentary]
71342,Dark Days,pt,6,7.2,2017-04-17,2017-09-18,false,26.632,[Drama]
41057,The Conquest,pt,4,7.2,2000-01-04,2000-03-31,false,9.018,[Drama]
97710,Sandy & Junior: A História,pt,4,7.2,2020-07-10,2020-07-10,false,3.21,[Documentary]
91540,Ilha Rá-Tim-Bum,pt,4,7.2,2002-07-01,2003-07-07,false,5.214,["Comedy,  Kids"]
130803,Memorial de Maria Moura,pt,4,7.2,1994-05-17,1994-06-17,false,6.612,[Drama]
100127,Nos Tempos do Imperador,pt,4,7.2,2021-08-09,2022-02-04,false,6.028,["Soap,  Drama"]
88340,If I Close My Eyes Now,pt,4,7.2,2019-04-08,2019-04-08,false,1.978,["Crime,  Drama"]
124714,The King of TV,pt,12,7.167,2022-10-19,2023-03-29,true,4.261,[Drama]
76954,The Mechanism,pt,112,7.147,2018-03-23,2019-05-10,false,7.422,["Crime,  Drama"]
110529,Invisible City,pt,329,7.125,2021-02-05,2023-03-22,true,14.127,["Mystery,  Drama,  Sci-Fi & Fantasy"]
120189,Until Life Do Us Part,pt,9,7.111,2021-02-03,2021-03-31,false,3.336,[Drama]
90290,The Chosen One,pt,11,7.1,2019-06-28,2019-12-06,false,7.798,[Drama]
27657,Top Model,pt,9,7.1,1989-09-18,1990-05-04,false,37.05,["Soap,  Drama"]
80013,Happily Ever After?,pt,4,7.1,2015-01-26,2015-02-06,false,3.738,[Drama]
65304,Doomed,pt,9,7.056,2014-01-06,2014-01-17,false,3.993,[Drama]
89899,Killer Ratings,pt,25,7.04,2019-05-31,2019-05-31,false,3.692,[Documentary]
63714,Backdoor,pt,19,7.026,2012-08-07,2023-10-02,true,283.749,[Comedy]
217216,Flor Sem Tempo,pt,45,7.011,2023-01-30,2023-10-03,true,1230.134,["Drama,  Soap"]
17322,A Diarista,pt,12,7.0,2004-04-13,2007-08-07,false,18.4,["Comedy,  Family"]
65063,Merciless,pt,10,7.0,2014-09-19,2014-12-19,false,3.013,["Crime,  Drama"]
114105,All the Same… or Not,pt,8,7.0,2022-05-25,2023-09-27,true,17.371,["Comedy,  Drama,  Family"]
78090,August Street,pt,6,7.0,2018-03-15,2018-03-23,false,2.1,["Action & Adventure,  Drama,  Crime"]
88455,Os Roni,pt,5,7.0,2019-04-11,2019-11-21,true,3.213,[Comedy]
126104,O Salvador da Pátria,pt,5,7.0,1989-01-09,1989-08-12,false,4.767,["Soap,  Drama"]
197526,Only for Love,pt,4,7.0,2022-09-21,2022-09-21,false,2.258,[Drama]
100901,"He, She, They",pt,4,7.0,2020-03-22,2020-05-10,false,3.069,[Drama]
88648,Teen Confessions,pt,4,7.0,1994-08-22,1996-04-15,false,19.072,["Comedy,  Drama"]
45820,Programa Silvio Santos,pt,4,7.0,1963-06-02,2023-06-11,true,30.441,[Talk]
106936,Selva de Pedra,pt,4,7.0,1986-02-24,1986-08-22,false,14.613,["Drama,  Soap"]
124201,Festa é Festa,pt,3,7.0,2021-04-26,2023-07-28,true,24.13,["Soap,  Comedy"]
46145,Destiny River,pt,3,7.0,2010-09-27,2011-04-07,false,41.338,["Soap,  Drama,  Family"]
80108,Os Homens São de Marte... E é pra Lá que Eu Vou,pt,3,7.0,2014-09-25,2019-07-03,true,11.725,[Comedy]
93993,South,pt,3,7.0,2019-09-28,2019-11-23,false,1.712,[Crime]
91941,Orphans of a Nation,pt,3,7.0,2019-04-02,2019-09-27,false,120.071,["Crime,  Drama"]
77325,O Nome Dela é Gal,pt,3,7.0,2017-06-11,2017-07-02,false,2.125,[Documentary]
134923,A Herdade,pt,3,7.0,2020-04-30,2020-05-01,false,2.792,[Drama]
111483,Meu Cunhado,pt,3,7.0,2004-04-14,2004-04-14,false,0.6,[Comedy]
111501,Game dos Clones,pt,3,7.0,2020-10-16,2020-12-02,false,0.84,[Reality]
242396,End of the Line,pt,3,7.0,2024-01-17,2024-01-17,true,81.71,[Comedy]
17113,Linha Direta,pt,2,7.0,1990-03-29,2023-07-06,true,26.788,["Reality,  Crime,  News,  Documentary"]
61153,Profissão Repórter,pt,2,7.0,2008-06-03,2023-04-11,true,15.176,["News,  Documentary"]
225428,De Férias com o Ex: A Ressaca,pt,2,7.0,2023-05-18,2023-06-15,true,2.057,[Reality]
42935,Eterna Magia,pt,2,7.0,2007-05-14,2007-11-01,false,20.378,[Soap]
77402,The Nest,pt,2,7.0,2016-08-01,2016-08-22,false,723.0,[Drama]
119032,Belaventura,pt,2,7.0,2017-07-25,2018-01-26,false,34.591,["Soap,  Drama,  Sci-Fi & Fantasy"]
146109,Onda Boa com Ivete,pt,1,7.0,2022-01-20,2022-02-17,true,1.3,["Documentary,  Talk"]
207933,Plantão Sem Fim,pt,1,7.0,2022-08-09,2022-09-05,true,644.0,[Comedy]
11701,Dança dos Famosos,pt,1,7.0,2005-11-20,2023-07-02,true,5.891,[Reality]
57029,Gonzaga: De Pai pra Filho,pt,1,7.0,2013-01-15,2013-01-18,false,922.0,[Drama]
90609,Tim Maia: Vale o Que Vier,pt,1,7.0,2015-01-01,2015-01-02,false,0.84,[Drama]
155289,Lua Cheia de Amor,pt,1,7.0,1990-12-03,1991-07-12,false,3.891,["Soap,  Drama"]
203167,É Tudo Improviso,pt,1,7.0,2010-01-11,2014-10-09,false,0.84,[Comedy]
219436,Santos da Casa,pt,1,7.0,2003-10-03,2004-01-02,false,1.4,[Comedy]
122650,Globo Rural,pt,1,7.0,1980-01-06,2023-03-19,true,1.04,[News]
220582,Gato Bruce: Original,pt,1,7.0,,2022-01-17,false,0.6,["Comedy,  Family,  Kids,  Reality,  Talk"]
70209,O Beijo do Escorpião,pt,1,7.0,2014-02-02,2014-10-04,false,10.301,[Drama]
203810,Bem-Vindos a Beirais,pt,1,7.0,2013-05-13,2015-01-05,false,3.966,["Comedy,  Drama"]
97569,Minha Nada Mole Vida,pt,1,7.0,2006-04-07,2007-04-13,false,988.0,[Comedy]
46304,De Frente com Gabi,pt,1,7.0,1999-03-01,1999-03-01,false,624.0,[Talk]
214686,Ex on the Beach: Caribbean,pt,1,7.0,2022-01-13,2022-12-22,true,4.904,[Reality]
74620,Amnésia,pt,1,7.0,2017-10-30,2017-11-22,false,2.082,["Crime,  Mystery"]
42865,Sabor da Paixão,pt,1,7.0,2002-09-30,2003-03-21,false,12.648,[Soap]
129895,The Crime of Father Amaro,pt,1,7.0,2023-01-16,2023-02-20,false,4.934,["Drama,  Crime"]
59234,Escola pra Cachorro,pt,1,7.0,2009-10-12,2009-10-12,false,669.0,[Animation]
223548,Korban,pt,1,7.0,2022-12-10,2022-12-10,true,1.4,[Documentary]
84381,Sete Vidas,pt,1,7.0,2015-03-09,2015-07-09,false,29.019,["Soap,  Drama"]
85660,Elis: Viver é Melhor que Sonhar,pt,1,7.0,2019-01-08,2019-01-11,false,1.306,[Drama]
195845,X Factor Brasil,pt,1,7.0,2016-08-29,2016-11-23,false,6.693,[Reality]
195814,Likes for Sale,pt,1,7.0,2023-09-22,2023-09-22,true,10.415,[Comedy]
70369,Escolinha do Professor Raimundo,pt,1,7.0,1957-08-04,1957-08-04,false,0.6,[Comedy]
217701,Extremists.br,pt,1,7.0,2023-01-11,2023-01-11,false,1.4,[Documentary]
67917,Os Boys,pt,1,7.0,2016-09-07,2016-09-14,false,1.4,[Comedy]
73950,A Criação,pt,1,7.0,2017-09-19,2017-09-19,false,2.39,[Comedy]
73955,4Play,pt,1,7.0,2017-09-29,2017-12-22,false,1.183,[Comedy]
67984,Dona Beija,pt,1,7.0,1986-03-31,1986-04-14,false,692.0,["Soap,  Drama"]
91807,Luna Caliente,pt,1,7.0,1999-12-15,1999-12-17,false,2.117,[Drama]
124269,Prato do Dia,pt,1,7.0,2019-07-18,2019-09-19,true,1.15,["Documentary,  Family,  Reality"]
126908,Camilo & Filho Lda.,pt,1,7.0,1995-10-10,1996-05-03,false,3.392,[Comedy]
17737,Jornal Hoje,pt,1,7.0,1971-04-21,2023-01-02,true,1.297,[News]
195922,Any Malu Show,pt,1,7.0,2020-05-04,2021-05-25,false,5.013,["Comedy,  Animation"]
96842,Trunk Train,pt,1,7.0,2012-10-02,2017-01-01,true,969.0,[Animation]
213315,Encantado's,pt,1,7.0,2022-11-18,2022-11-18,true,1.357,[Comedy]
210967,A Raia dos Medos,pt,1,7.0,2000-02-11,2000-05-05,false,648.0,[Drama]
127821,Jojo Nove e Meia,pt,1,7.0,2021-06-17,2022-10-24,true,2.076,["Talk,  Comedy"]
98759,Mulheres de Abril,pt,1,7.0,2014-04-20,2014-04-23,false,1.4,[Drama]
105213,Kissing Game,pt,258,6.996,2020-07-17,2020-07-17,false,12.526,["Drama,  Mystery"]
86943,Girls from Ipanema,pt,46,6.968,2019-03-22,2020-06-19,false,5.646,[Drama]
90234,Sweet Diva,pt,12,6.917,2019-05-20,2019-11-22,false,64.358,["Drama,  Comedy,  Crime,  Soap"]
1589,Mandrake,pt,17,6.9,2005-10-30,2008-09-29,false,3.949,["Drama,  Comedy"]
64203,MasterChef Brasil,pt,17,6.9,2014-09-02,2023-09-12,true,38.984,[Reality]
158762,Hei$t: The Great Robbery of Brazil's Central Bank,pt,12,6.9,2022-03-16,2022-03-16,false,6.738,[Documentary]
102290,Hard,pt,9,6.9,2020-05-17,2021-09-19,false,14.992,[Comedy]
67158,One Against All,pt,8,6.9,2016-06-20,2020-04-17,false,3.271,["Drama,  Crime"]
219067,#NoFilter,pt,7,6.9,2023-02-15,2023-02-15,true,1.946,[Comedy]
130845,Soap Opera,pt,6,6.9,2023-07-27,2023-07-27,true,11.678,[Comedy]
99249,Z4,pt,4,6.9,2018-07-25,2018-08-29,false,4.238,["Family,  Comedy"]
135814,Lady Voyeur,pt,79,6.861,2023-01-01,2023-01-01,false,36.741,["Drama,  Mystery"]
17674,Chocolate com Pimenta,pt,10,6.85,2003-09-08,2004-05-07,false,59.899,["Comedy,  Drama,  Soap"]
65302,Moon World,pt,12,6.846,1991-10-06,1992-09-27,false,28.536,["Comedy,  Kids"]
136295,Hidden Truths 2,pt,9,6.833,2021-10-20,2021-12-15,true,62.045,["Soap,  Drama"]
154911,A Trick of Fate,pt,19,6.8,2022-02-07,2022-08-19,false,34.717,["Drama,  Soap"]
137430,Mila in the Multiverse,pt,17,6.8,2023-01-25,2023-01-25,true,12.725,["Sci-Fi & Fantasy,  Action & Adventure"]
99620,The Circle Brazil,pt,14,6.8,2020-03-11,2020-03-25,false,2.523,[Reality]
213026,Fuzuê,pt,11,6.8,2023-08-14,2023-10-03,true,1666.554,["Comedy,  Soap"]
112917,A Queen Is Born,pt,6,6.8,2020-11-11,2020-11-11,false,1.538,[Reality]
16616,Kubanacan,pt,5,6.8,2003-05-05,2004-01-23,false,22.004,["Soap,  Comedy"]
69014,The Beginning of Life: The Series,pt,5,6.8,2016-11-11,2016-11-11,false,2.139,["Documentary,  Family"]
11247,TV Pirata,pt,4,6.8,1988-04-05,1988-04-05,false,1.4,[Comedy]
139518,Damned Saint,pt,4,6.8,2023-02-08,2023-02-08,true,2.125,[Drama]
215835,Gabriel Monteiro – Herói Fake,pt,2,6.8,2022-12-06,2022-12-06,true,1.4,[Documentary]
16120,Alma Gêmea,pt,11,6.773,2005-06-20,2006-03-10,false,70.755,["Soap,  Drama,  Comedy,  Mystery"]
133356,Love Is Blind: Brazil,pt,22,6.75,2021-10-06,2023-06-28,true,5.746,[Reality]
104108,Reality Z,pt,241,6.741,2020-06-10,2020-06-10,false,7.645,[Sci-Fi & Fantasy]
99573,Spectros,pt,33,6.706,2020-02-20,2020-02-20,false,2.633,[Sci-Fi & Fantasy]
68603,Ex On the Beach Brazil,pt,12,6.7,2016-10-13,2021-06-24,true,4.916,[Reality]
64155,Heavy Load,pt,9,6.7,2003-04-29,2007-09-07,false,11.178,["Action & Adventure,  Comedy,  Drama"]
40195,Mysteries of Lisbon,pt,7,6.7,2011-05-01,2011-05-15,false,3.191,[Drama]
80279,Borges,pt,6,6.7,2018-03-13,2018-05-08,false,1.405,[Comedy]
156811,This Is Luna,pt,6,6.7,2022-11-13,2022-11-13,true,3.173,["Comedy,  Drama"]
59309,Fudêncio e Seus Amigos,pt,5,6.7,2005-08-23,2011-08-25,false,1.875,["Animation,  Comedy"]
88381,Unlimited Frame,pt,5,6.7,1985-05-17,1988-12-08,false,2.767,["Action & Adventure,  Comedy,  Family"]
42342,Amor & Sexo,pt,3,6.7,2009-08-28,2017-04-13,false,3.573,["Talk,  Reality"]
127898,Brega & Chique,pt,3,6.7,1987-04-20,1987-11-06,false,12.3,["Soap,  Comedy"]
40162,As Brasileiras,pt,3,6.7,2012-02-02,2012-06-28,false,7.126,["Comedy,  Family,  Drama"]
20875,Mulheres Apaixonadas,pt,8,6.667,2003-02-17,2003-10-10,false,23.384,["Soap,  Family,  Drama"]
86149,Caribbean Flower,pt,3,6.667,2013-03-11,2013-09-13,false,176.851,["Drama,  Soap,  Family,  Action & Adventure"]
84074,Hipertensão,pt,3,6.667,1986-10-06,1987-04-17,false,45.686,["Soap,  Comedy,  Drama"]
210506,Sangue Oculto,pt,18,6.639,2022-09-19,2023-10-03,true,1136.179,[Soap]
86060,Tangled Hearts,pt,4,6.625,2013-04-29,2013-11-01,false,35.066,["Drama,  Soap"]
209265,Land of Desire,pt,120,6.6,2023-05-08,2023-10-03,true,1937.067,["Drama,  Crime,  Soap"]
98510,Omniscient,pt,39,6.6,2020-01-29,2020-01-29,false,8.897,["Sci-Fi & Fantasy,  Drama"]
45816,Shades of Sin,pt,14,6.6,2004-01-26,2004-08-27,false,164.052,["Comedy,  Drama,  Soap"]
64500,Empire,pt,13,6.6,2014-07-21,2015-03-13,false,41.67,["Soap,  Drama"]
123378,Verdict,pt,10,6.6,2022-04-15,2022-04-15,true,3.375,["Drama,  Crime"]
46122,Que Rei Sou Eu?,pt,7,6.6,1989-02-13,1989-09-15,false,19.345,["Soap,  Comedy"]
69925,Pesadelo na Cozinha,pt,6,6.6,2017-01-26,2021-04-20,true,1.628,[Reality]
223318,"Xuxa, O Documentário",pt,5,6.6,2023-07-13,2023-08-10,false,2.189,[Documentary]
128251,Too Hot to Handle: Brazil,pt,16,6.563,2021-07-21,2022-10-05,true,7.604,[Reality]
84104,Iron Island,pt,9,6.556,2018-11-15,2019-10-25,false,2.507,[Drama]
95885,A Mother's Love,pt,13,6.5,2019-11-25,2021-04-09,false,81.752,["Drama,  Crime,  Soap"]
46020,Pedra Sobre Pedra,pt,5,6.5,1992-01-06,1992-07-31,false,7.258,["Soap,  Drama"]
66672,(fdp),pt,5,6.5,2012-08-26,2012-11-18,false,1.687,["Comedy,  Drama"]
120592,5x Comédia,pt,5,6.5,2021-03-26,2021-03-26,true,1.414,[Comedy]
95532,Carinha de Anjo,pt,4,6.5,2016-11-21,2018-06-06,false,8.957,["Kids,  Family,  Drama"]
53304,Paraíso Filmes,pt,4,6.5,2001-09-06,2013-05-16,false,853.0,[Comedy]
86200,Burning Hearts,pt,4,6.5,2016-05-31,2016-11-15,false,23.999,[Soap]
78582,Dangerous Liaisons,pt,4,6.5,2016-01-04,2016-01-15,false,2.265,["Drama,  Mystery"]
4895,Sonho Meu,pt,4,6.5,1993-09-27,2015-05-14,false,32.027,["Soap,  Drama"]
64284,The Illusionist,pt,4,6.5,2011-07-12,2012-09-25,false,7.116,[Soap]
216276,Drag Race Brazil,pt,4,6.5,2023-08-30,2023-09-27,true,41.839,[Reality]
123331,Roda de Fogo,pt,2,6.5,1986-08-25,1987-03-20,false,26.197,["Soap,  Drama"]
42268,Explode Coração,pt,2,6.5,1995-11-06,1996-05-03,false,14.303,["Soap,  Drama"]
138218,Para Sempre,pt,2,6.5,2021-11-08,2022-06-10,true,11.372,["Soap,  Drama,  Mystery"]
17108,Desejo Proibido,pt,2,6.5,2007-11-05,2008-05-02,false,14.534,["Soap,  Drama"]
93553,Incidente em Antares,pt,2,6.5,1994-11-29,1994-12-16,false,1.91,["Comedy,  Drama"]
135809,Amor com Amor Se Paga,pt,2,6.5,1984-03-19,1984-09-14,false,5.548,["Comedy,  Soap"]
75298,The Big Catch,pt,2,6.5,2017-06-06,2018-01-08,false,45.178,["Soap,  Comedy"]
87057,O Amor Está no Ar,pt,2,6.5,1997-03-31,1997-09-05,false,10.536,["Soap,  Drama"]
85714,Deus Nos Acuda,pt,2,6.5,1992-08-31,1993-03-26,false,62.338,["Soap,  Drama"]
101227,The Spy,pt,2,6.5,2020-04-08,2020-05-27,false,3.492,["Drama,  Mystery"]
83085,Treme Treme,pt,1,6.5,2015-11-01,2019-09-27,true,16.323,[Comedy]
209920,Oscar Freire 279,pt,1,6.5,2014-04-02,2014-04-22,false,0.6,[Drama]
132009,Back to 15,pt,43,6.477,2022-02-25,2023-07-05,true,5.34,["Comedy,  Drama"]
8335,O Beijo do Vampiro,pt,7,6.429,2002-08-26,2003-05-03,false,30.958,["Soap,  Sci-Fi & Fantasy,  Drama"]
130119,John of God: The Crimes of a Spiritual Healer,pt,11,6.4,2021-08-25,2021-08-25,false,1.971,["Documentary,  Crime"]
69697,Samson and Delilah,pt,10,6.4,2011-01-04,2017-11-13,false,5.88,["Drama,  Action & Adventure"]
154910,Lov3,pt,4,6.4,2022-02-18,2022-02-18,true,2.782,["Comedy,  Drama"]
109369,Glória,pt,29,6.397,2021-11-05,2021-11-05,false,5.245,[Drama]
42789,Pages of life,pt,8,6.375,2006-07-10,2007-03-02,false,54.586,["Soap,  Drama,  Family"]
49959,A Menina Sem Qualidades,pt,4,6.375,2013-05-27,2013-06-13,false,2.174,[Drama]
138995,The Family That Sings Together: The Camargos,pt,3,6.333,2021-12-09,2021-12-09,true,1.4,[Reality]
98887,All or Nothing: Brazil National Team,pt,16,6.3,2020-01-31,2020-01-31,false,3.0,[Documentary]
12387,América,pt,12,6.3,2005-03-14,2005-11-04,false,44.295,["Soap,  Drama,  Comedy"]
66890,Supermax,pt,7,6.3,2016-09-20,2016-12-23,false,2.923,["Crime,  Mystery"]
112468,We Are Five,pt,6,6.3,2020-11-12,2023-03-01,true,2.921,["Drama,  Comedy"]
67142,A Garota da Moto,pt,6,6.3,2016-07-13,2019-04-11,false,8.074,["Action & Adventure,  Drama"]
69252,Gigantes do Brasil,pt,3,6.3,2016-06-04,2016-06-05,false,1.263,[Documentary]
197165,Túnel do Amor,pt,3,6.3,2022-04-27,2023-05-23,true,4.546,[Reality]
40705,Doomed Love,pt,3,6.3,1978-11-19,1978-12-24,false,2.686,[Drama]
26298,Anjo Selvagem,pt,3,6.3,2001-09-02,2003-02-21,false,17.788,[Family]
42906,Riacho Doce,pt,4,6.25,1990-07-31,1990-10-05,false,20.047,[Drama]
95498,Baila Comigo,pt,2,6.25,1981-03-16,1981-09-25,false,35.266,["Soap,  Drama"]
20153,Cocoricó,pt,12,6.2,1996-04-01,2003-12-05,false,3.669,[Kids]
45817,Passione,pt,5,6.2,2010-05-17,2011-01-14,false,37.32,[Soap]
69836,Filha da Lei,pt,5,6.2,2017-01-24,2017-06-13,false,2.911,["Crime,  Drama"]
86657,O Dono do Mundo,pt,4,6.2,1991-05-20,1992-01-03,false,25.774,["Drama,  Soap"]
80876,Gamebros,pt,4,6.2,2018-05-20,2018-05-20,true,1.361,["Action & Adventure,  Crime,  Drama"]
86959,Garota Errada,pt,3,6.2,2018-12-05,2018-12-12,false,0.6,[Comedy]
119549,Inteligência Ltda.,pt,2,6.2,2020-10-22,2021-01-04,true,0.6,["Comedy,  Talk"]
82936,Araponga,pt,2,6.2,1990-10-15,1991-03-29,false,39.572,["Soap,  Drama"]
152451,Queen Stars Brazil,pt,6,6.167,2022-03-24,2022-04-14,false,1.368,[Reality]
158415,Pantanal,pt,62,6.1,2022-03-28,2022-10-07,false,136.15,["Drama,  Soap"]
209085,Perfect Love,pt,40,6.1,2023-03-20,2023-09-18,false,34.233,["Drama,  Soap"]
157059,Poliana Moça,pt,26,6.1,2022-03-21,2023-05-24,false,9.584,["Soap,  Action & Adventure,  Family"]
80626,Samantha!,pt,18,6.1,2018-07-06,2019-04-19,false,2.467,[Comedy]
124451,A Vida Depois do Tombo,pt,7,6.1,2021-04-29,2021-04-29,false,621.0,[Documentary]
119510,Amorteamo,pt,5,6.1,2015-05-08,2015-06-05,false,1.984,[Drama]
31556,Seize the Day,pt,5,6.1,2009-09-14,2010-05-14,false,36.935,[Soap]
24731,JK,pt,4,6.1,2006-01-03,2006-03-24,false,13.627,[Drama]
46119,Coração de Estudante,pt,4,6.1,2002-02-25,2002-09-27,false,9.046,["Soap,  Drama,  Family"]
38204,Anything for Love,pt,11,6.091,1997-10-13,1998-05-22,false,20.918,["Drama,  Soap,  Family"]
127617,Elize Matsunaga: Once Upon a Crime,pt,33,6.0,2021-07-08,2021-07-08,false,5.282,["Documentary,  Crime"]
83653,Vai Anitta,pt,9,6.0,2018-11-16,2018-11-16,false,1.655,[Documentary]
154571,Life Is Life,pt,8,6.0,2022-01-03,2023-03-17,false,59.984,[Soap]
45866,Watercolors of Love,pt,5,6.0,2009-04-13,2010-01-07,false,14.085,[Soap]
88382,As Noivas de Copacabana,pt,5,6.0,1992-06-02,1992-06-26,false,2.667,["Crime,  Drama"]
94758,Irmãos Freitas,pt,4,6.0,2019-10-20,2019-12-01,false,1.716,[Drama]
135371,Rio Shore,pt,4,6.0,2021-09-30,2023-08-31,true,6.296,[Reality]
106309,Fera Radical,pt,4,6.0,1988-03-28,1988-11-18,false,13.439,["Soap,  Drama"]
158866,Rebelde Way,pt,3,6.0,2008-08-25,2009-07-16,false,7.178,["Comedy,  Drama,  Family"]
83866,Cambalacho,pt,3,6.0,1986-03-10,1986-09-27,false,38.02,["Soap,  Comedy"]
157361,The Followers,pt,2,6.0,2022-03-06,2022-03-06,false,1.492,[Comedy]
205426,Adriano Imperador,pt,2,6.0,2022-07-21,2022-07-21,false,979.0,[Documentary]
64460,Bake Off Brasil: Mão na Massa,pt,2,6.0,2015-07-25,2023-09-30,true,12.482,[Reality]
93995,Next Stop,pt,2,6.0,2019-10-03,2021-10-18,true,1.046,[Comedy]
92487,Senninha on the Crazy Race,pt,2,6.0,2018-08-28,2018-09-13,false,1.4,["Kids,  Animation"]
9622,Vídeo Show,pt,2,6.0,1983-03-20,1983-03-20,true,2.311,[Talk]
124890,Pícara Sonhadora,pt,2,6.0,2001-08-27,2001-12-18,false,4.183,["Soap,  Drama"]
93576,Capitão Roby,pt,2,6.0,2000-05-17,2000-05-17,false,1.33,["Crime,  Drama"]
95927,Lugar de Mulher,pt,2,6.0,2019-11-28,2019-11-28,true,1.226,[Comedy]
155496,The Big Shot Game Show,pt,2,6.0,2022-02-09,2022-02-09,false,1.485,[Reality]
43937,Bebê a Bordo,pt,2,6.0,1988-06-13,1989-02-10,false,11.064,["Drama,  Comedy,  Family"]
42995,Cobras & Lagartos,pt,2,6.0,2006-04-24,2006-11-17,false,6.833,[Soap]
128076,Not My Fault: Brazil,pt,2,6.0,2022-08-10,2022-08-10,true,3.529,[Drama]
87076,Programa da Maisa,pt,2,6.0,2019-03-16,2020-10-31,false,3.539,[Talk]
201477,Gil Family,pt,2,6.0,2022-06-24,2023-06-29,true,1.235,[Documentary]
124141,Canta Comigo,pt,2,6.0,2018-07-18,2023-04-09,true,1.694,[Reality]
213815,Factory of Dreams: Benfica,pt,2,6.0,2022-11-11,2022-11-11,false,2.062,[Documentary]
94424,Chuteira Preta,pt,2,6.0,2019-07-13,2019-10-05,true,0.6,[Drama]
101332,Taina and the Amazon's Guardians,pt,2,6.0,2018-12-16,2019-06-22,true,5.114,["Animation,  Kids"]
16807,Jornal Nacional,pt,2,6.0,1969-09-01,2023-01-02,true,0.97,[News]
88470,Baby e Rose,pt,2,6.0,2018-11-12,2019-12-06,false,5.396,[Comedy]
123031,O Último Tesouro,pt,1,6.0,2011-01-23,2011-03-27,false,1.757,["Action & Adventure,  Mystery"]
104541,Dual Survival Brazil,pt,1,6.0,2012-08-21,2022-10-15,true,1.112,["Documentary,  Reality,  Action & Adventure"]
105634,Auto Posto,pt,1,6.0,2020-06-09,2023-07-02,true,1.705,[Comedy]
80274,Segunda Dama,pt,1,6.0,2014-05-15,2014-07-10,false,1.4,[Comedy]
210342,Rui,pt,1,6.0,2022-11-14,2022-11-14,false,1.063,[Drama]
158779,Elza & Mané: Amor em Linhas Tortas,pt,1,6.0,2022-03-04,2022-03-04,false,1.743,[Documentary]
88373,Antonia,pt,1,6.0,2006-11-17,2006-12-15,false,0.6,[Drama]
214043,Lugares da Escrita,pt,1,6.0,2022-11-07,2023-01-09,false,0.6,[Documentary]
46180,Amor Eterno Amor,pt,1,6.0,2012-03-05,2012-09-07,false,23.31,["Soap,  Drama"]
217923,O Pai Tirano,pt,1,6.0,2022-12-16,2022-12-30,false,1.4,[Family]
239465,A Mão do Eurico,pt,1,6.0,2023-11-13,2023-11-15,true,2.744,[Documentary]
76090,Excursões AirLino,pt,1,6.0,2018-01-03,2018-03-21,false,3.45,[Comedy]
117926,Paraíso,pt,1,6.0,2009-03-16,2009-10-02,false,15.806,["Soap,  Drama"]
83052,Junto & Misturado,pt,1,6.0,2010-10-01,2010-12-17,false,1.401,[Comedy]
110815,Abolição,pt,1,6.0,1988-11-22,1988-11-25,false,902.0,[Drama]
88940,Mundo Ultimate News Cp,pt,1,6.0,2018-01-09,2021-05-06,false,2.596,["Sci-Fi & Fantasy,  Drama,  Animation"]
227624,Lili a Ex,pt,1,6.0,2014-09-24,2014-12-17,false,0.6,[Comedy]
42301,The Ultimate Fighter: Brasil,pt,1,6.0,2012-03-25,2015-06-21,false,2.621,[Reality]
45768,Mais Você,pt,1,6.0,1999-10-18,1999-10-18,true,664.0,[Talk]
102659,"Até Amanhã, Camaradas",pt,1,6.0,2005-01-28,2005-01-29,false,1.596,["Drama,  Reality"]
88274,The Protectors,pt,1,6.0,1997-04-09,1997-07-02,false,1.014,["Crime,  Drama"]
194770,2022,pt,1,6.0,2022-03-11,2022-03-11,true,1.969,[Documentary]
84036,"Idiotas, Ponto.",pt,1,6.0,2018-09-20,2018-12-13,false,1.256,[Comedy]
216878,Os Cavaleiros do Zodíaco - Saga do Santuário,pt,1,6.0,1994-09-01,1994-09-01,true,1.167,[Animation]
45041,Brave People,pt,1,6.0,2000-12-26,2003-04-22,false,6.807,["Comedy,  Drama,  Crime"]
234127,Casados no Paraíso,pt,1,6.0,2023-09-03,2023-10-03,true,73.942,[Reality]
156741,Bate-Papo BBB,pt,1,6.0,2017-01-31,2023-04-25,true,1.378,[Talk]
19538,Fantástico,pt,1,6.0,1973-08-05,2023-04-30,true,2.32,["Documentary,  News"]
156104,A Vida de Rafinha Bastos,pt,1,6.0,2013-07-20,2013-09-07,false,0.6,[Comedy]
203398,Cidade Despida,pt,1,6.0,2010-04-23,2010-07-23,false,2.155,[Crime]
40858,Looks & Essence,pt,11,5.955,2011-08-22,2011-12-05,false,12.2,["Drama,  Soap"]
12895,Terra Nostra,pt,10,5.9,1999-09-20,2000-06-02,false,22.233,[Soap]
34957,Laços de Família,pt,9,5.9,2000-06-05,2001-02-02,false,19.356,["Soap,  Drama"]
154114,Time Switch,pt,9,5.9,2023-05-10,2023-05-10,true,8.236,["Drama,  Sci-Fi & Fantasy"]
17112,Globo Repórter,pt,6,5.9,1973-04-03,2023-04-21,true,3.438,["Documentary,  News"]
87724,Men?,pt,4,5.9,2019-03-18,2020-04-14,false,1.596,[Comedy]
46125,O Profeta,pt,4,5.9,2006-10-16,2007-05-11,false,40.431,["Soap,  Drama"]
158296,Smother-in-Law,pt,18,5.806,2022-04-13,2023-04-12,true,3.456,[Comedy]
137453,LOL: Last One Laughing Brazil,pt,13,5.8,2021-12-03,2022-12-09,true,2.819,["Reality,  Comedy"]
63817,Rules of the Game,pt,9,5.8,2015-08-31,2016-03-11,false,47.394,["Comedy,  Crime,  Drama"]
82909,Gato Fedorento  - Diz que é uma Espécie de Magazine,pt,8,5.8,2006-08-27,2007-12-31,false,3.135,["Talk,  Comedy"]
123190,Mulheres,pt,5,5.8,2014-06-01,2021-09-10,false,15.473,[Soap]
69255,Ministério do Tempo,pt,5,5.8,2017-01-02,2017-05-29,false,8.91,["Action & Adventure,  Sci-Fi & Fantasy"]
60108,Pé na Cova,pt,4,5.8,2013-01-24,2016-04-07,false,1.4,[Comedy]
117815,Sinhá Moça,pt,4,5.8,2006-03-13,2006-10-13,false,19.229,["Soap,  Drama"]
41829,Porto dos Milagres,pt,4,5.8,2001-02-05,2001-09-28,false,18.718,["Soap,  Drama"]
93554,Sex Appeal,pt,4,5.8,1993-06-01,1993-07-02,false,5.742,[Drama]
213462,Flordelis: Doubt or Worship,pt,3,5.8,2022-11-04,2022-12-09,false,0.83,[Documentary]
156658,Queer Eye: Brazil,pt,8,5.75,2022-08-24,2022-08-24,true,2.565,[Reality]
123381,Uncoupled in Rio,pt,26,5.7,2021-10-01,2021-10-01,false,2.914,[Comedy]
102596,All the Women in the World,pt,8,5.7,2020-04-25,2020-07-11,false,2.938,[Drama]
40811,Insensato Coração,pt,5,5.7,2011-01-17,2011-08-19,false,55.826,["Soap,  Comedy"]
84987,Mônica Toy,pt,3,5.7,2013-05-22,2023-09-20,true,9.495,["Animation,  Comedy,  Family"]
63301,O Show da Luna,pt,3,5.7,2014-02-08,2022-04-18,true,2.51,["Animation,  Kids"]
5618,Escrava Isaura,pt,15,5.667,1976-10-11,1977-02-04,false,21.489,["Drama,  Soap"]
197189,Cara e Coragem,pt,45,5.6,2022-05-30,2023-01-13,false,62.268,["Comedy,  Action & Adventure,  Soap"]
14424,Young Hearts,pt,21,5.6,1995-04-24,2020-04-03,false,45.766,[Soap]
206232,Unsuspicious,pt,14,5.6,2022-08-17,2022-08-17,false,2.33,[Comedy]
72533,Madre Paula,pt,4,5.6,2017-07-05,2017-09-27,false,6.327,[Drama]
42679,Uga-Uga,pt,4,5.6,2000-05-08,2001-01-19,false,43.338,["Comedy,  Soap"]
39491,The Invisible Woman,pt,3,5.6,2011-05-31,2011-12-20,false,1.592,[Comedy]
98968,Run For Your Lives,pt,5,5.5,2020-01-27,2021-07-16,false,52.102,["Soap,  Comedy"]
74278,The Secret Life of Couples,pt,4,5.5,2017-10-01,2019-12-15,false,6.516,[Drama]
128188,"The Chorus: Success, Here I Go",pt,4,5.5,2022-09-28,2022-09-28,true,3.625,[Drama]
35159,The Fifth of Hell,pt,4,5.5,2002-01-08,2002-11-26,false,20.395,[Comedy]
111479,Encontro com Fátima Bernardes,pt,4,5.5,2012-06-25,2012-06-25,false,2.503,["Talk,  News"]
42886,Belíssima,pt,4,5.5,2005-11-07,2006-07-07,false,24.893,["Soap,  Drama"]
222764,Pânico Jovem Pan,pt,4,5.5,2021-01-26,2023-09-11,true,23.822,[Talk]
44611,Esperança,pt,4,5.5,2002-06-17,2003-02-14,false,29.327,["Drama,  Soap"]
46027,Estrela-Guia,pt,3,5.5,2001-03-12,2001-06-15,false,29.874,["Soap,  Drama,  Sci-Fi & Fantasy"]
19163,Força-Tarefa,pt,3,5.5,2009-04-16,2011-12-22,false,3.429,[Crime]
204237,Praxx,pt,3,5.5,2022-09-09,2023-02-09,false,2.017,[Drama]
205600,Comediantes que Amamos,pt,2,5.5,2022-07-04,2022-10-10,false,0.84,[Documentary]
103699,A Ferreirinha,pt,2,5.5,2004-09-24,2004-12-17,false,1.744,["Drama,  Family"]
200700,Humor 101: Brazil,pt,2,5.5,2022-05-25,2022-05-25,true,1.96,["Documentary,  Reality"]
114899,The Good Girls Club,pt,2,5.5,2020-12-18,2023-09-29,true,20.207,["Action & Adventure,  Drama"]
134141,Conta-me,pt,2,5.5,2020-09-12,2023-09-09,true,30.486,[Talk]
135865,Queens on the Run,pt,2,5.5,2023-04-13,2023-05-25,true,2.408,[Reality]
38882,Os Caras de Pau,pt,2,5.5,2010-04-04,2013-02-03,false,4.315,[Comedy]
94959,Toda Forma de Amor,pt,2,5.5,2019-10-10,2019-10-31,false,2.575,["Drama,  Sci-Fi & Fantasy"]
75220,Jogo Duplo,pt,2,5.5,2017-12-04,2018-06-22,false,1.176,["Drama,  Soap"]
71611,The Rich and Lazarus,pt,2,5.5,2017-03-13,2017-11-24,false,118.157,["Drama,  Family,  Soap"]
211792,"Guerra do Imaginário: A Jornada de Chesterton, Lewis e Tolkien",pt,2,5.5,2022-08-25,2022-09-08,true,0.84,[Documentary]
211774,Congresso Brasil Paralelo,pt,2,5.5,2016-12-01,2017-01-05,true,1.39,[Documentary]
134228,Aventuras do Didi,pt,2,5.5,2010-04-04,2010-04-04,false,1.037,[Comedy]
117008,Tudo Pela Audiência,pt,2,5.5,2014-07-15,2016-06-17,false,3.066,["Comedy,  Reality"]
195250,RoxTeen,pt,2,5.5,2022-03-01,2023-09-22,true,4.296,["Comedy,  Family"]
73040,Os Trapalhões,pt,2,5.5,2017-07-17,2017-07-25,false,2.26,[Comedy]
71055,Inspetor Max,pt,2,5.5,2004-03-14,2019-04-12,false,6.659,["Drama,  Action & Adventure,  Family"]
102675,Dona Flor e Seus 2 Maridos,pt,2,5.5,1998-03-31,1998-05-01,false,1.631,["Comedy,  Drama"]
205793,Iron Chef Brazil,pt,2,5.5,2022-08-10,2022-08-10,true,1.592,[Reality]
59599,Trail of Lies,pt,15,5.467,2013-05-20,2014-01-31,false,113.116,["Drama,  Romance,  Soap"]
87392,Quem Quer Namorar com o Agricultor?,pt,13,5.4,2019-03-10,2022-11-20,true,869.0,[Reality]
79028,Power Couple Brasil,pt,11,5.4,2016-04-12,2022-07-14,false,13.996,[Reality]
308,Morangos com Açúcar,pt,9,5.4,2003-08-30,2011-09-12,false,30.12,["Drama,  Comedy,  Soap"]
62916,Ambitious Women,pt,7,5.4,2015-03-16,2015-08-28,false,69.993,["Soap,  Drama"]
127061,Natural Law,pt,4,5.4,2022-01-05,2022-02-16,false,3.771,["Crime,  Drama"]
88771,A Vida Como Ela É...,pt,3,5.333,1996-03-31,1996-12-29,false,17.987,["Drama,  Comedy"]
83414,Super Drags,pt,28,5.3,2018-11-09,2018-11-09,false,2.514,["Animation,  Comedy"]
132375,In Your Place,pt,14,5.3,2021-11-08,2022-03-25,false,46.991,["Soap,  Drama"]
40579,Uma Aventura,pt,3,5.3,2000-10-14,2007-04-19,false,4.455,["Action & Adventure,  Kids,  Crime,  Mystery"]
107509,Diário de um Confinado,pt,2,5.25,2020-06-26,2020-12-18,false,1.738,[Comedy]
79006,Helena's Shadow,pt,9,5.2,2014-02-03,2014-07-18,false,74.991,["Soap,  Drama"]
12161,"Casseta & Planeta, Urgente!",pt,5,5.2,1992-04-28,2010-12-21,false,56.449,[Comedy]
105846,Dating Around: Brazil,pt,5,5.2,2020-07-10,2020-07-10,true,2.49,[Reality]
214307,Flordelis: A Family Crime,pt,5,5.2,2022-12-08,2022-12-08,false,1.332,[Documentary]
77929,Broadway Dreams,pt,2,5.2,2012-07-25,2012-10-26,false,0.6,[Reality]
113415,Anitta: Made in Honório,pt,12,5.167,2020-12-16,2020-12-16,false,1.641,[Documentary]
74615,The Other Side of Paradise,pt,15,5.133,2017-10-23,2018-05-11,false,2.953,["Drama,  Soap"]
69692,Ouro Verde,pt,16,5.1,2017-01-08,2017-10-03,false,9.484,["Drama,  Soap"]
157936,For You,pt,15,5.033,2022-03-07,2023-03-08,false,42.592,["Comedy,  Drama"]
129936,Ilha Record,pt,15,5.0,2021-07-26,2022-07-18,false,11.229,[Reality]
85184,The Noite com Danilo Gentili,pt,5,5.0,2014-03-10,2023-07-03,true,188.994,[Talk]
64311,The Great Gonzalez,pt,5,5.0,2015-11-02,2015-11-13,false,1.155,[Comedy]
76664,Treze Dias Longe do Sol,pt,4,5.0,2017-11-02,2017-11-11,false,1.11,["Drama,  Action & Adventure"]
127389,Latin Flow,pt,3,5.0,2021-06-11,2021-09-03,true,0.6,[Reality]
58531,Suave Veneno,pt,3,5.0,1999-01-18,1999-09-17,false,34.043,["Drama,  Soap"]
225550,Promessas de Amor,pt,2,5.0,2009-03-24,2009-08-03,false,3.007,["Soap,  Sci-Fi & Fantasy,  Drama"]
58598,Começar de Novo,pt,2,5.0,2004-08-30,2005-04-14,false,13.903,["Soap,  Drama"]
126451,Just a Little Game: Os Bastidores da LOUD,pt,2,5.0,2021-05-26,2021-05-26,false,0.6,[Documentary]
119749,The Wise Ones,pt,2,5.0,2015-04-10,2015-05-01,true,1.167,[Drama]
27841,Ana e os Sete,pt,2,5.0,2002-03-13,2005-03-04,false,7.763,["Comedy,  Drama"]
100023,Submersos,pt,2,5.0,2020-03-03,2020-05-25,true,1.831,["Drama,  Action & Adventure"]
45761,Andando nas Nuvens,pt,2,5.0,1999-03-22,1999-11-05,false,8.851,["Soap,  Comedy"]
42915,Sinhá Moça,pt,1,5.0,1986-04-28,1986-11-14,false,17.504,["Drama,  Soap"]
82173,Bambolê,pt,1,5.0,1987-09-07,1988-03-26,false,14.435,[Soap]
91354,Wounded Past,pt,1,5.0,2016-10-03,2017-03-31,false,75.775,["Drama,  Soap"]
91337,River of Intrigues,pt,1,5.0,2010-05-10,2011-05-02,false,12.236,["Soap,  Drama"]
80283,Rising Sun,pt,1,5.0,2016-08-29,2017-03-21,false,12.796,["Soap,  Drama"]
40400,Laços de Sangue,pt,1,5.0,2010-09-13,2010-09-13,false,4.273,["Soap,  Drama"]
220863,Verão Vermelho,pt,1,5.0,1969-11-17,1969-11-17,false,1.4,["Drama,  Western"]
93393,A Única Mulher,pt,1,5.0,2015-03-15,2017-01-06,false,61.377,["Drama,  Soap"]
88165,Top Chef Brasil,pt,1,5.0,2019-04-03,2023-08-17,true,4.451,[Reality]
110575,Hermanias,pt,1,5.0,1984-12-16,1985-03-03,false,2.559,[Comedy]
214625,Riscos,pt,1,5.0,1997-10-04,1997-10-04,false,0.73,[Drama]
42868,Vingança,pt,1,5.0,2007-02-19,2007-11-16,false,23.849,[Drama]
69824,Sem Fronteiras,pt,1,5.0,,2017-03-02,true,1.215,["News,  Documentary"]
37156,As Filhas da Mãe,pt,1,5.0,2001-08-27,2002-01-18,false,5.36,[Soap]
157660,Sol de Inverno,pt,1,5.0,2013-09-16,2014-09-21,false,8.11,["Drama,  Comedy,  Crime"]
112032,Turma do Gueto,pt,1,5.0,2002-11-04,2004-05-24,false,823.0,[Drama]
94476,"Corta Essa, Ninjin",pt,1,5.0,2019-09-19,2019-12-05,true,971.0,["Animation,  Action & Adventure"]
19673,Opposite Lives,pt,1,5.0,2006-11-21,2007-08-27,false,8.527,["Drama,  Action & Adventure,  Soap"]
70916,Vidago Palace,pt,1,5.0,2017-03-30,2017-05-04,false,1.89,["Drama,  War & Politics"]
75376,D'Improviso,pt,1,5.0,2017-11-19,2018-03-04,false,898.0,["Comedy,  Reality"]
85707,O Primo Basílio,pt,1,5.0,1988-08-09,1988-09-02,false,4.585,[Drama]
205160,Todo o Tempo do Mundo,pt,1,5.0,1999-05-01,1999-05-01,false,886.0,["Soap,  Drama"]
139009,A Life to Die For,pt,14,4.9,2021-11-22,2022-05-27,false,46.12,["Soap,  Comedy"]
66445,Tá no Ar: A TV na TV,pt,7,4.9,2014-04-10,2019-04-09,false,2.555,[Comedy]
79068,Second Chance,pt,14,4.8,2018-05-14,2018-11-09,false,0.6,["Soap,  Drama"]
96263,Rotas do Ódio,pt,2,4.8,2018-03-18,2020-04-19,true,1.034,["Drama,  Crime"]
203071,Chiquititas,pt,2,4.8,2007-07-20,2008-09-05,false,2.075,["Animation,  Kids,  Soap"]
73042,Perrengue,pt,2,4.8,2017-08-21,2017-10-02,false,2.131,[Drama]
42684,Um Anjo Caiu do Céu,pt,2,4.8,2001-01-22,2001-08-25,false,1.902,["Soap,  Comedy,  Sci-Fi & Fantasy"]
204095,Mar do Sertão,pt,27,4.741,2022-08-22,2023-03-17,false,21.937,["Soap,  Drama"]
111475,Glub-Glub,pt,6,4.7,1991-09-09,1991-09-09,false,1.283,["Kids,  Family"]
16400,Law and Crime,pt,3,4.7,2009-01-04,2009-06-07,false,4.136,[Drama]
83828,Escolinha do Professor Raimundo: Nova Geração,pt,7,4.6,2015-12-13,2020-10-19,false,11.761,[Comedy]
80175,Você Decide,pt,5,4.6,1992-04-08,2000-08-17,false,24.559,[Talk]
66873,"Liberdade, Liberdade",pt,2,4.5,2016-04-11,2016-08-04,false,13.26,["Drama,  Soap"]
156042,Agência MX,pt,2,4.5,2020-01-15,2021-03-20,false,0.6,[Comedy]
45819,Como uma Onda,pt,2,4.5,2004-11-22,2005-06-17,false,73.511,["Soap,  Drama"]
205439,Pipoca da Ivete,pt,2,4.5,2022-07-24,2023-09-24,true,3.915,["Reality,  Family"]
158224,Elected,pt,2,4.5,2022-10-07,2022-10-07,true,2.731,[Comedy]
74448,Dancing Brasil,pt,2,4.5,2017-04-03,2019-07-03,false,1.763,[Reality]
125706,Boris e Rufus,pt,2,4.5,2018-01-01,2021-03-29,true,1.4,[Animation]
45104,A Padroeira,pt,2,4.5,2001-06-18,2002-02-22,false,10.891,["Drama,  Soap"]
154336,O Programa da Rosidea,pt,2,4.5,,,false,736.0,["Comedy,  Animation"]
88070,Felicidade,pt,2,4.5,1991-10-07,1992-05-29,false,47.225,["Soap,  Drama"]
81938,Blood Pact,pt,2,4.5,2018-08-28,2018-08-28,false,2.252,["Drama,  Crime"]
43642,Alice,pt,1,4.5,2008-09-21,2010-11-28,false,2.827,[Drama]
123042,Como Será?,pt,1,4.5,2014-08-09,2014-08-09,false,0.6,[News]
115524,Stella Models,pt,1,4.5,2020-12-29,2021-03-02,false,1.84,[Drama]
120709,Hell's Kitchen Portugal,pt,1,4.5,2021-03-14,2022-03-19,true,2.688,[Reality]
73953,Paixão,pt,4,4.4,2017-09-18,2018-09-24,false,8.646,["Comedy,  Drama"]
30791,No Limite,pt,4,4.4,2000-07-23,2023-08-17,false,2.612,[Reality]
83379,O Sétimo Guardião,pt,4,4.4,2018-11-12,2019-05-17,false,12.92,["Soap,  Comedy,  Drama,  Sci-Fi & Fantasy"]
204370,The Path,pt,19,4.3,2022-10-10,2023-05-05,false,29.353,["Soap,  Drama,  Comedy"]
81372,Crashing Into the Future,pt,13,4.3,2018-07-31,2019-01-28,false,55.427,["Soap,  Drama,  Sci-Fi & Fantasy,  Comedy"]
7863,Caminhos do Coração,pt,4,4.25,2007-08-28,2008-07-28,false,5.94,["Soap,  Sci-Fi & Fantasy,  Action & Adventure,  Drama"]
19653,Big Brother Brasil,pt,39,4.2,2002-01-29,2023-04-25,true,1.665,[Reality]
41811,A Indomada,pt,4,4.2,1997-02-17,1997-10-10,false,44.467,["Soap,  Drama"]
40334,Lua Vermelha,pt,3,4.2,2010-01-31,2012-05-27,false,16.187,["Sci-Fi & Fantasy,  Drama"]
95369,The Effect,pt,2,4.2,2019-10-11,2019-10-25,true,662.0,[Mystery]
100417,Marielle - The Documentary,pt,10,4.1,2020-03-13,2020-04-17,false,1.41,["Documentary,  Crime"]
217510,Queridos Papás,pt,4,4.0,2023-03-13,2023-10-03,true,1211.347,[Soap]
111480,Esquenta!,pt,3,4.0,2011-01-02,2017-01-01,false,27.298,[Talk]
194878,Operación Marea Negra: La travesía suicida,pt,2,4.0,2022-03-11,2022-04-01,true,932.0,[Documentary]
62723,Lucky Ladies,pt,2,4.0,2015-05-25,2015-08-10,false,1.4,[Reality]
17416,Flames of Life,pt,2,4.0,2008-07-08,2009-04-28,false,45.457,["Soap,  Drama"]
46236,Pânico na Band,pt,2,4.0,2012-04-01,2012-04-01,false,0.6,[Comedy]
204799,O Teu Olhar,pt,1,4.0,2003-08-04,2004-05-24,false,11.252,["Soap,  Drama"]
47255,Tudo É Possível,pt,1,4.0,2005-08-07,2005-08-07,false,673.0,["Comedy,  Talk,  Family"]
46173,A Lua Me Disse,pt,1,4.0,2005-04-18,2005-09-30,false,85.401,["Comedy,  Soap,  Drama"]
65735,The Voice Kids,pt,1,4.0,2016-01-03,2023-04-09,true,8.91,["Reality,  Kids,  Family"]
213135,Alentejo Sem Lei,pt,1,4.0,1991-01-05,1991-01-19,false,969.0,[Western]
202992,Olhos de Água,pt,1,4.0,2001-02-20,2001-10-06,false,2.485,["Soap,  Drama"]
194696,Saber Amar,pt,1,4.0,2003-01-20,2003-12-06,false,11.553,[Drama]
73951,A Herdeira,pt,40,3.9,2017-09-24,2018-03-31,false,911.0,["Drama,  Soap"]
81687,Crime Time,pt,5,3.8,2016-10-17,2017-03-01,false,2.983,[Crime]
70167,Ponto Cult,pt,4,3.8,,2016-05-07,false,1.143,[News]
79646,Secret Story - O Reencontro,pt,4,3.8,2018-05-29,2018-06-24,true,0.6,[Reality]
123045,Caldeirão do Huck,pt,3,3.8,2000-04-08,2000-04-08,false,2.409,["Talk,  Reality"]
31342,A Fazenda,pt,7,3.6,2009-05-31,2023-09-22,true,129.694,[Reality]
75768,Deus Salve o Rei,pt,25,3.5,2018-01-09,2018-07-30,false,3.842,["Drama,  Soap,  Action & Adventure"]
153748,Celebrity Big Brother Portugal,pt,11,3.5,2002-09-08,2022-04-24,true,1.598,[Reality]
75810,Subsolo,pt,4,3.5,2018-01-31,2018-01-31,false,1.007,["Drama,  Reality"]
80096,Pátria Minha,pt,1,3.5,1994-07-18,1995-03-10,false,31.962,["Drama,  Soap"]
72837,Secret Story - Casa dos Segredos,pt,5,3.4,2010-10-03,2018-04-29,true,0.6,[Reality]
17111,Zorra Total,pt,5,3.4,1999-03-25,2015-05-02,false,37.059,[Comedy]
119448,A Serra,pt,22,3.3,2021-02-22,2022-04-29,false,10.468,["Soap,  Drama"]
139776,Heart of Loyalty,pt,3,3.3,2021-11-29,2021-11-29,false,2.909,["Soap,  Mystery"]
34013,Topa ou Não Topa,pt,2,3.2,2006-08-06,2019-11-09,false,2.58,[Reality]
115810,Amor Amor,pt,25,3.08,2021-01-04,2022-06-05,false,38.98,[Soap]
111772,Agent Binky: Pets of the Universe,pt,3,3.0,2019-09-07,2019-12-21,true,5.303,["Animation,  Kids"]
116883,Politicamente Incorreto,pt,2,3.0,2014-09-15,2014-11-03,false,0.84,[Comedy]
83215,Casados à Primeira Vista,pt,2,3.0,2018-10-21,2022-07-10,true,1.519,[Reality]
105176,Quando os Lobos Uivam,pt,1,3.0,2006-03-31,2006-06-23,false,1.797,[Drama]
88377,Aquarela do Brasil,pt,1,3.0,2000-08-22,2000-12-01,false,11.141,[Drama]
12730,Ídolos,pt,1,3.0,2006-04-05,2007-03-28,false,2.852,[Reality]
129900,Nat Geo Lab Brasil,pt,1,3.0,2018-07-23,2019-12-24,true,1.4,["Kids,  Reality"]
32856,"Bela, a Feia",pt,1,3.0,2009-08-04,2010-06-02,false,14.475,["Drama,  Comedy,  Soap"]
41908,Popstars,pt,1,3.0,2002-04-27,2003-11-22,false,6.1,[Reality]
85718,Engraçadinha... Seus Amores e Seus Pecados,pt,1,3.0,1995-04-25,1995-05-24,false,5.176,[Drama]
112022,A Turma do Didi,pt,3,2.8,1998-10-25,1998-10-25,false,1.107,[Comedy]
100128,Big Brother,pt,18,2.6,2000-09-03,2023-10-02,true,897.481,[Reality]
74211,Biggest Deal,pt,9,2.6,2017-10-01,2017-11-11,false,1.019,[Reality]
34352,A Praça é Nossa,pt,5,2.6,1987-05-07,2023-07-13,true,2.248,[Comedy]
21626,Pânico na TV,pt,3,2.5,2003-09-28,,false,0.6,[Comedy]
41920,Aquele Beijo,pt,2,2.5,2011-10-17,2012-04-13,false,13.734,[Soap]
124629,Cozinhe se Puder – Mestres da Sabotagem,pt,1,2.5,2021-04-24,2022-06-24,true,3.768,[Reality]
78543,Vidas Opostas,pt,8,2.2,2018-04-09,2019-05-10,false,0.6,["Drama,  Soap"]
128141,O Amor Acontece,pt,5,2.2,2021-07-04,2021-09-05,true,2.744,[Reality]
72830,Love on Top,pt,2,2.0,2016-04-09,2018-08-19,true,4.276,[Reality]
120667,Sea Princesses,pt,2,2.0,2008-03-24,2008-05-12,false,1.728,["Animation,  Kids"]
201110,Ultimate Beastmaster Brasil,pt,1,2.0,2017-02-24,2018-08-31,false,629.0,[Reality]
105674,Jô Soares Onze e Meia,pt,1,2.0,1989-07-04,1989-07-04,false,0.6,["Comedy,  Talk"]
212848,Notas de Amor,pt,1,2.0,2015-10-10,2015-10-31,false,1.4,[Drama]
112517,A Culpa é da Carlota,pt,1,2.0,2020-02-03,2021-03-25,true,736.0,[Reality]
204332,Testers (Shorts),pt,1,2.0,2022-01-26,2022-06-15,true,1.068,["Reality,  Documentary"]
103048,Galinha Pintadinha Mini,pt,1,2.0,2017-01-13,2017-01-13,true,1.747,["Animation,  Kids"]
220343,Welcome to Earth,pt,1,2.0,2023-02-01,2023-07-26,true,1.043,["Animation,  Kids"]
28577,Bang Bang,pt,1,2.0,2005-10-03,2006-04-26,false,62.204,[Soap]
205045,Cod3rs Championship,pt,1,2.0,2022-06-11,2022-06-11,true,659.0,[Reality]
94140,"The Story of O, the Series",pt,1,2.0,1992-07-04,1992-09-05,false,5.681,[Drama]
157138,SportsCenter+,pt,1,2.0,2022-02-06,2023-03-25,true,2.706,["News,  Talk"]
132654,Rompendo o Silêncio,pt,1,2.0,2021-09-07,2021-09-07,true,651.0,[Documentary]
125750,Bubu e as Corujinhas,pt,1,2.0,2019-01-01,2019-06-25,true,1.863,["Animation,  Kids"]
220461,João Semana,pt,1,2.0,2005-01-14,2005-04-08,false,0.6,["Comedy,  Family"]
106752,Afronta! Facing It!,pt,1,2.0,2017-11-20,2017-11-20,true,0.84,[Documentary]
197096,Em Busca de Anselmo,pt,1,2.0,2022-04-14,2022-05-12,true,992.0,[Documentary]
220602,Hot Wheels City,pt,1,2.0,2018-01-01,2018-01-01,true,0.6,[Kids]
153272,Testers,pt,1,2.0,2022-01-05,2022-06-15,true,1.4,["Reality,  Documentary"]
211124,Elas no Singular,pt,1,2.0,2020-03-17,2020-03-17,false,677.0,[Documentary]
113302,Os Chocolix,pt,1,2.0,2017-12-31,2019-03-15,true,1.4,[Animation]
35280,Got Talent Portugal,pt,1,2.0,2015-01-18,2022-03-13,true,2.429,[Reality]
225587,Panela NBA,pt,1,2.0,2023-01-26,2023-06-15,true,3.617,[Talk]
127181,Shark Academy - Canções para crianças,pt,1,2.0,2020-01-01,2021-05-14,true,2.705,["Animation,  Kids"]
202740,Lua de Mel,pt,1,2.0,2022-06-06,2022-12-02,false,5.085,["Soap,  Comedy,  Drama"]
90585,Popstar,pt,1,2.0,2017-07-09,2018-11-18,false,1.548,[Reality]
124281,Mad to the Max,pt,1,2.0,2019-07-31,2019-09-18,true,1.149,[Reality]
111771,"Rato, Vini and Snakes",pt,1,2.0,2020-03-19,2020-07-09,true,1.6,[Documentary]
123765,Missão Pet,pt,1,2.0,2012-03-25,2014-09-20,true,1.374,["Reality,  Documentary"]
208853,Funk.Doc: Popular & Proibido,pt,1,2.0,2022-08-30,2022-08-30,true,1.4,[Documentary]
89307,Mika's Diary,pt,1,2.0,2015-05-10,2016-01-28,true,1.05,["Animation,  Kids"]
46650,Marisol,pt,1,2.0,2002-04-09,2002-11-05,false,9.532,["Soap,  Drama,  Mystery"]
128140,Galera Soccer Club,pt,1,2.0,2021-05-10,2021-06-21,true,1.4,[Comedy]
133943,Filipa's Notebooks,pt,1,2.0,2021-09-20,2021-10-28,false,1.4,[Family]
200982,Lei da Selva: A História do Jogo do Bicho,pt,1,2.0,2022-04-29,2022-04-29,false,3.136,[Documentary]
64060,Are You The One? Brasil,pt,1,2.0,2015-02-01,2018-04-26,false,3.181,[Reality]
153596,Funny Little Stories,pt,1,2.0,2021-03-26,2021-03-26,false,1.01,[Comedy]
17107,Domingão do Faustão,pt,6,1.5,1989-03-26,1989-03-26,false,0.6,["Talk,  Reality"]
112096,Esquadrão da Moda,pt,2,1.5,2009-03-03,2023-08-05,true,5.633,["Reality,  Family"]
221249,O Triângulo,pt,3,1.2,2023-02-26,2023-05-28,true,4.683,["Reality,  Talk"]
91384,Estrelas,pt,2,1.0,2006-04-08,2006-04-08,false,1.756,[Talk]
91385,Vai Fernandinha,pt,1,1.0,2016-10-31,2019-04-08,true,0.6,[Talk]
214036,Pátria Educadora,pt,1,1.0,2020-03-07,2020-03-21,false,0.92,[Documentary]
244547,O Rebu,pt,1,1.0,1974-11-04,1974-11-04,true,1.967,[Soap]
214089,Brasil: A Última Cruzada,pt,1,1.0,2022-09-05,2022-09-09,false,1.4,[Documentary]
138758,The Cut,pt,1,1.0,2021-11-25,2021-12-09,true,3.034,[Reality]
36131,Negócio da China,pt,1,1.0,2008-10-06,2009-03-13,false,3.897,["Drama,  Soap,  Comedy"]
227563,O Homem do Sapato Branco,pt,1,1.0,1968-08-31,1968-08-31,false,0.6,["News,  Mystery"]
222208,A Direita no Brasil,pt,1,1.0,2023-03-13,2023-03-15,true,0.84,[Documentary]
228193,Conversa Paralela,pt,1,1.0,2021-09-28,2023-02-14,true,0.6,[Talk]
117391,"Comer Bem, Que Mal Tem?",pt,1,1.0,2015-11-07,2017-03-27,true,1.127,[Reality]
219018,A Fantastica Fábrica da Sanidade,pt,1,1.0,2023-01-23,2023-01-23,true,722.0,[Documentary]
67326,Donos Disto Tudo,pt,2,0.8,2015-10-17,2016-08-27,true,15.613,[Comedy]
136306,Vlog da Berê,pt,1,0.5,2019-10-31,2020-07-03,true,934.0,[Kids]
