65453,Fatal Experiments: The Downfall of a Supersurgeon,sv,3,10.0,2016-01-13,2016-01-27,false,1.008,[Documentary]
70226,Vänligen: Lars Lerin,sv,3,10.0,2016-01-13,2017-02-15,false,1.644,["Reality,  Talk"]
130258,Silbersky,sv,3,10.0,2019-02-19,2019-03-05,false,746.0,[Documentary]
74581,Good Morning Children,sv,2,10.0,2005-11-07,2005-11-21,false,0.84,[Drama]
130271,Sorgen Mitt I Bygden,sv,2,10.0,2019-05-28,2019-06-11,false,672.0,[Documentary]
130261,Dokument inifrån: Roy måste leva,sv,2,10.0,2017-12-13,2017-12-20,false,908.0,[Documentary]
131085,Hemma hos arkitekten,sv,2,10.0,2018-10-03,2020-04-01,false,779.0,[Documentary]
100769,Astrid,sv,2,10.0,2014-12-25,2015-01-01,false,1.4,[Documentary]
70750,Husdrömmar,sv,2,10.0,2014-01-27,2023-04-03,true,2.758,[Reality]
104765,Jills veranda,sv,2,10.0,2014-01-22,2023-04-12,true,2.208,["Documentary,  Soap"]
60529,Who Do You Think You Are?,sv,2,10.0,2009-03-24,2021-10-20,true,3.381,["Documentary,  Reality"]
64834,Leif GW Persson - Min klassresa,sv,2,10.0,2015-12-29,2016-01-03,false,1.4,[Documentary]
38598,Anders och Måns,sv,2,10.0,2003-10-17,2004-12-22,false,1.474,["Comedy,  Documentary"]
52243,August Strindberg: Ett liv,sv,1,10.0,1985-02-18,1985-03-25,false,1.898,[Drama]
138176,Face to Face,sv,1,10.0,1976-04-28,1976-05-19,false,3.024,[Drama]
104060,Stjärnor hos Babben,sv,1,10.0,2014-02-21,2015-05-01,false,1.96,["Family,  Talk"]
37921,Ronny och Ragge,sv,1,10.0,1991-01-01,1993-01-01,true,1.004,[Comedy]
113833,"Annika - Ett Brott, Ett Straff, Ett Liv",sv,1,10.0,1999-09-30,1999-10-07,false,642.0,[Documentary]
121373,Tillsammans med Strömstedts,sv,1,10.0,2017-03-09,2022-04-04,true,2.47,[Reality]
113974,ÅTERBLICKAR FRÅN FÖRR,sv,1,10.0,2019-12-30,2019-12-31,false,633.0,["Reality,  Documentary,  Talk"]
65254,Grogg,sv,1,10.0,2000-02-24,2000-04-27,false,1.63,[Comedy]
131327,Moraeus med mera,sv,1,10.0,2011-09-04,2017-12-23,false,2.183,["Family,  Reality,  Talk"]
80734,Fråga Anders och Måns,sv,1,10.0,2006-10-19,2006-12-07,false,827.0,["Comedy,  Documentary"]
112290,Rädda Joppe - död eller levande,sv,1,10.0,1985-02-23,1985-04-27,false,2.266,["Kids,  Drama,  Family"]
9610,Ursäkta röran! (vi bygger om),sv,1,10.0,2002-03-21,2002-04-11,false,961.0,[Comedy]
52988,Gösta Berlings saga,sv,1,10.0,1986-03-10,1986-04-14,false,2.365,[Drama]
84707,36 dagar på gatan,sv,1,10.0,2018-11-30,2018-11-30,false,0.6,["Documentary,  Reality"]
156009,Bernts berättelser,sv,1,10.0,2019-11-10,2020-01-02,false,4.918,[News]
86140,Pip-Larssons,sv,1,10.0,1998-09-26,1998-12-12,false,1.705,[Drama]
103607,Geografens Testamente,sv,1,10.0,2011-01-18,2023-06-26,true,1.698,[Action & Adventure]
47463,En stark resa med Morgan & Ola-Conny,sv,1,10.0,2012-04-02,2017-10-06,false,1.111,["Comedy,  Reality,  Documentary"]
126297,Mini-Serie: Året 2017,sv,1,10.0,2017-12-23,2017-12-23,false,0.6,["Documentary,  Reality,  Talk"]
64349,Svenska hemligheter,sv,1,10.0,2010-09-25,2015-10-12,false,0.6,["Documentary,  War & Politics"]
73763,En ö i havet,sv,1,10.0,2003-10-11,2003-11-29,false,1.553,[Drama]
99521,Tsunami,sv,1,10.0,2020-02-17,2020-03-02,false,2.69,[Drama]
36011,En ängels tålamod,sv,1,10.0,2001-02-18,2001-11-26,false,1.228,[Comedy]
14646,Ett herrans liv,sv,2,9.5,2006-04-13,2007-02-26,false,7.193,["Comedy,  Talk"]
64455,Babel,sv,1,9.5,2014-03-16,2015-05-10,true,4.344,[Talk]
62941,Från A till Ö,sv,6,9.3,1974-11-22,1975-06-05,false,5.81,["Family,  Kids,  Drama,  Comedy"]
158437,Salve - en medeltidssaga,sv,3,9.3,1998-09-04,1998-11-13,false,1.286,["Family,  Kids"]
15401,Efterlyst,sv,3,9.0,,2014-12-17,true,8.851,[Documentary]
3121,Svenska dialektmysterier,sv,2,9.0,2006-01-11,2012-05-02,false,1.22,["Comedy,  Documentary"]
55234,Johan Falk,sv,2,9.0,2009-09-23,2015-08-24,false,7.94,["Drama,  Crime"]
78620,Ingen bor i skogen,sv,2,9.0,2010-06-14,2010-07-12,false,0.6,[Comedy]
116871,Infiltratören,sv,1,9.0,2021-01-17,2021-01-17,false,0.6,[Documentary]
197240,Vem mördade skolan?,sv,1,9.0,2022-04-05,2022-05-10,true,1.4,["Documentary,  Comedy"]
131474,Det svenska spelundret,sv,1,9.0,2021-08-18,2021-09-15,true,0.6,[Documentary]
89589,We Can't Do It,sv,1,9.0,2017-09-28,2017-09-28,false,2.096,[Documentary]
82572,Kroppshets,sv,1,9.0,2018-09-20,2018-09-20,false,988.0,[Documentary]
114548,DNA-detektiven: Dubbelmordet i Linköping,sv,1,9.0,2020-12-10,2020-12-10,false,0.6,["Documentary,  Crime"]
64474,Hitlåtens historia,sv,1,9.0,2010-01-16,2020-05-27,true,2.02,[Documentary]
112248,On the Verge with Peter Jihde,sv,1,9.0,2019-09-03,2022-02-22,true,1.4,[Documentary]
27165,Mullvaden,sv,1,9.0,2007-03-07,2022-12-15,true,1.033,["Reality,  Mystery"]
88075,Tusen dagar i Sverige,sv,1,9.0,2019-03-24,2019-03-24,false,1.5,[Documentary]
119593,Alone Sweden,sv,1,9.0,2021-02-23,2021-04-13,true,1.876,[Reality]
75477,Fyra nyanser av brunt,sv,1,9.0,2005-01-31,2005-02-21,false,2.245,["Drama,  Comedy"]
135098,The Tale of Sweden,sv,1,9.0,1985-11-18,1985-12-02,false,0.6,[Documentary]
77113,Superstars,sv,1,9.0,2017-01-31,2017-04-04,true,0.6,[Reality]
15232,NileCity 105.6,sv,1,9.0,1995-01-18,1995-02-22,false,2.617,[Comedy]
69120,Shut up - or die,sv,1,9.0,2016-12-01,2016-12-15,false,626.0,[Documentary]
133801,Anders och våldet,sv,1,9.0,2021-09-21,2021-10-05,true,659.0,[Documentary]
92318,Uppdrag granskning: Sjukt stressad,sv,1,9.0,2019-08-14,2019-08-14,false,905.0,[Documentary]
218170,Marko & Irma,sv,1,9.0,2023-01-12,2023-02-16,true,954.0,["Reality,  Comedy"]
87849,Mia och Klara,sv,1,9.0,2007-09-05,2009-03-22,false,1.922,[Comedy]
133574,Över Atlanten,sv,1,9.0,2019-08-20,2023-09-26,true,26.55,[Reality]
92178,Operation Klotty,sv,1,9.0,2019-01-12,2019-03-02,true,0.88,[Comedy]
20670,Sen kväll med Luuk,sv,4,8.8,1996-03-08,,false,0.6,["Talk,  Comedy"]
90123,Angne & Svullo,sv,3,8.7,1988-10-22,1988-11-26,false,1.4,[Comedy]
71571,Dokument inifrån: Fallet Kevin,sv,2,8.7,2017-05-03,2017-05-17,false,0.6,[Documentary]
125910,Young Royals,sv,935,8.626,2021-07-01,2022-11-01,true,28.037,[Drama]
85197,Dips,sv,5,8.6,2018-12-24,2020-11-13,true,2.161,[Comedy]
76292,Leif & Billy,sv,4,8.5,2017-03-27,2023-03-11,true,9.297,[Comedy]
68757,Wahlgrens Värld,sv,2,8.5,2016-10-06,2023-09-28,true,20.973,[Reality]
75478,Fråga Lund,sv,2,8.5,2016-08-24,2022-10-25,true,1.075,[Talk]
88732,Trädgårdstider,sv,2,8.5,2015-04-28,2023-05-23,true,3.962,[Reality]
132374,Carina Bergfeldt,sv,2,8.5,2021-01-15,2023-03-17,true,3.101,["Talk,  Family"]
55446,Annika Bengtzon: Crime Reporter,sv,2,8.5,2012-06-20,2012-08-29,false,6.999,["Crime,  Drama,  Mystery"]
52728,Stockholm - Båstad,sv,2,8.5,2011-03-11,2011-04-10,false,1.474,["Drama,  Comedy"]
74148,Ålder okänd,sv,2,8.5,1991-01-09,1991-01-23,false,0.6,["Sci-Fi & Fantasy,  Drama"]
19135,Silvermannen,sv,1,8.5,1996-09-02,1996-09-16,false,1.907,[Drama]
5861,HippHipp!,sv,1,8.5,2001-03-17,2011-02-05,false,1.667,[Comedy]
38375,Grotesco,sv,7,8.4,2007-10-31,2017-12-22,false,3.038,[Comedy]
77709,Svenska nyheter,sv,7,8.4,2018-03-09,2023-09-29,true,11.108,["Comedy,  News"]
62735,Morran and Tobias,sv,5,8.4,2014-10-22,2018-11-16,false,3.584,[Comedy]
9638,Tusenbröder,sv,9,8.333,2002-02-25,2007-01-07,false,1.58,[Drama]
33153,Fanny and Alexander,sv,120,8.267,1984-12-26,1985-01-02,false,10.62,[Drama]
43165,Fem myror är fler än fyra elefanter,sv,8,8.25,1973-11-19,1973-11-19,false,1.367,["Family,  Comedy,  Kids"]
36708,Boston Tea Party,sv,4,8.2,2007-09-24,2010-04-05,false,1.017,[Comedy]
45016,The Bridge,sv,501,8.112,2011-09-21,2018-02-18,false,48.767,["Crime,  Mystery"]
65170,Scenes from a Marriage,sv,108,8.111,1973-04-11,1973-05-16,false,6.98,[Drama]
62655,Raskens,sv,7,8.1,1976-01-21,1976-03-10,false,2.487,[Drama]
53573,Shit faced,sv,4,8.1,2011-09-27,2012-04-23,false,4.078,[Comedy]
65974,Historieätarna,sv,11,8.091,2012-11-15,2016-12-19,false,3.722,["Comedy,  Family,  Reality,  Drama"]
5216,Rederiet,sv,7,8.0,1992-08-20,2002-04-18,false,24.246,[Drama]
73662,The Fifth Woman,sv,6,8.0,2002-03-08,2002-03-29,false,2.743,["Crime,  Drama"]
38125,Veckans brott,sv,3,8.0,2010-10-19,2017-10-17,true,3.254,["Documentary,  Crime,  News"]
50902,Saltön,sv,2,8.0,2005-09-28,2017-09-10,false,2.19,[Drama]
100733,Anders och knarket,sv,2,8.0,2019-11-25,2019-12-09,true,1.18,[Documentary]
91954,Kullamannen,sv,2,8.0,1967-12-23,1968-01-07,false,1.596,["Action & Adventure,  Mystery"]
53252,Hedebyborna,sv,2,8.0,1978-10-23,1982-05-06,false,5.54,[Drama]
216451,Världens längsta skidlopp - 22 mil ovanför Polcirkeln,sv,1,8.0,2022-12-14,2022-12-28,false,0.6,[Documentary]
86531,"Weddings, Funerals and Baptisms",sv,1,8.0,2019-02-04,2020-10-18,true,2.656,[Drama]
219942,Jeopardy!,sv,1,8.0,2023-01-30,2023-10-02,true,10.144,[Reality]
38480,Felix stör en ingenjör,sv,1,8.0,2010-09-27,2010-11-15,true,0.6,[Documentary]
212798,Drag Race Sverige: Untucked!,sv,1,8.0,2023-03-04,2023-04-23,true,3.164,[Reality]
120487,Fullt Hus,sv,1,8.0,2020-08-02,2020-10-04,false,937.0,[Comedy]
74362,Those in Power: The Sacrifice,sv,1,8.0,2010-12-27,2011-01-10,false,664.0,[Drama]
57429,Uppdrag granskning sommar,sv,1,8.0,,2019-08-07,true,4.057,["Documentary,  News"]
120481,Välkommen till Köping,sv,1,8.0,2020-02-13,2023-04-25,true,1.304,["Reality,  Documentary"]
155304,Allra affären,sv,1,8.0,2021-03-21,2021-04-04,false,1.197,[Documentary]
155314,Barnmorskorna,sv,1,8.0,2020-10-20,2020-11-03,false,0.6,[Documentary]
75571,Bye bye Sverige,sv,1,8.0,2017-12-07,2017-12-21,false,0.6,["Documentary,  Comedy"]
75119,Det sitter i väggarna,sv,1,8.0,2015-10-30,2023-09-21,true,6.517,["Documentary,  Reality"]
111680,The Ambassador,sv,1,8.0,2020-10-11,2020-10-11,true,1.569,["Drama,  Comedy"]
88187,Flocken,sv,1,8.0,2019-04-04,2019-04-18,false,2.107,[Documentary]
27465,Kungamordet,sv,1,8.0,2008-02-18,2008-03-10,false,3.45,[Drama]
201795,Samhällskollaps,sv,1,8.0,2022-04-20,2022-05-25,true,0.6,[Documentary]
135279,Dokument inifrån: Under ytan,sv,1,8.0,2021-09-30,2021-10-07,true,665.0,[Documentary]
103670,The Shadow of Freedom,sv,1,8.0,1994-10-30,1995-01-30,true,2.861,[Drama]
68946,Om kriget kom,sv,1,8.0,2016-11-30,2017-01-18,true,627.0,[Documentary]
128631,Gynekologen i Askim,sv,1,8.0,2007-10-01,2011-04-04,false,0.8,[Drama]
95043,Bytt är bytt,sv,1,8.0,2014-09-25,2023-06-12,true,2.486,[Reality]
100766,Agenternas världskrig - Jan Guillou berättar,sv,1,8.0,2019-12-19,2019-12-23,false,1.523,["Documentary,  War & Politics"]
211420,Grand Designs - Årets hus,sv,1,8.0,2022-09-29,2022-10-20,true,0.6,[Reality]
19158,Morsarvet,sv,1,8.0,1993-11-16,1993-12-28,false,1.424,[Drama]
88231,De första svenskarna,sv,1,8.0,2019-02-20,2019-02-22,false,0.6,[Documentary]
126236,QI (SE),sv,1,8.0,2012-09-08,2015-10-10,false,2.158,["Talk,  Comedy"]
157739,Herr Talman,sv,1,8.0,2022-02-15,2022-09-23,true,1.457,[Comedy]
119833,Karlssons,sv,1,8.0,2016-08-15,2016-10-03,false,626.0,[Reality]
76502,Lerins lärlingar,sv,1,8.0,2018-01-10,2019-03-27,false,2.314,["Documentary,  Reality"]
155907,Tumba – en släktsaga,sv,1,8.0,2021-04-22,2021-04-29,false,0.6,[Documentary]
103144,Den stora hälsoresan,sv,1,8.0,2020-05-06,2021-05-26,true,1.443,[Documentary]
97912,Rapport från 2050,sv,1,8.0,2020-01-15,2020-02-05,true,1.464,[Documentary]
155912,Allt går i arv,sv,1,8.0,2021-08-23,2021-09-06,false,644.0,[Documentary]
116577,Tareq Taylors matresa,sv,1,8.0,2021-01-12,2023-08-21,true,1.759,[Reality]
63060,Tunnelbanan,sv,1,8.0,2012-01-25,2019-02-14,true,4.516,[Documentary]
53756,Sagan om Skrotnisse och hans vänner,sv,1,8.0,1985-09-27,1985-12-20,false,4.026,["Animation,  Family,  Kids"]
116944,The Thin Blue Line,sv,19,7.8,2021-01-17,2022-11-06,true,4.242,["Drama,  Crime"]
87362,Alla mot alla med Filip och Fredrik,sv,5,7.8,2019-03-04,2023-10-02,true,141.736,[Reality]
35572,Albert & Herbert,sv,5,7.8,1974-01-16,1995-12-17,false,4.568,[Comedy]
2217,Robins,sv,4,7.8,2006-08-23,2019-12-21,false,5.013,["Comedy,  Talk"]
155648,Lust,sv,4,7.8,2022-03-18,2022-03-18,false,6.98,[Comedy]
19112,The Befallen,sv,4,7.8,2003-09-28,2003-12-14,false,2.608,["Sci-Fi & Fantasy,  Drama"]
63813,Blue Eyes,sv,13,7.769,2014-11-30,2015-02-08,false,2.336,["Drama,  War & Politics"]
5294,Percy tårar,sv,7,7.7,1996-09-11,1996-10-16,false,2.214,[Comedy]
54302,The Half Hidden,sv,6,7.7,2009-01-01,2009-01-22,false,2.403,[Drama]
68943,Vägens hjältar,sv,3,7.7,2015-11-26,2023-09-27,true,16.745,["Documentary,  Reality"]
49274,Mästarnas mästare,sv,3,7.7,2009-01-13,2023-05-07,true,6.197,[Reality]
120073,Masked Singer Sverige,sv,3,7.7,2021-03-26,2023-05-26,true,8.214,[Reality]
81802,The Truth Will Out,sv,23,7.696,2018-08-21,2021-10-17,true,6.664,["Crime,  Drama,  Mystery"]
40903,Emil of Lönneberga,sv,24,7.667,1975-11-22,1976-02-14,false,7.955,["Family,  Comedy"]
113369,Grand Designs Sverige,sv,3,7.667,2020-11-16,2022-12-15,true,772.0,["Reality,  Documentary"]
80855,Millennium,sv,64,7.633,2010-03-20,2010-04-24,false,7.019,["Action & Adventure,  Crime,  Mystery"]
52229,Arn: The Knight Templar,sv,23,7.6,2010-03-28,2010-05-02,false,10.107,["Action & Adventure,  Drama"]
33565,Sunes jul,sv,17,7.6,1991-12-01,1991-12-24,false,14.554,["Family,  Comedy"]
76098,The Dying Detective,sv,9,7.6,2018-01-03,2018-01-17,false,2.576,["Drama,  Crime"]
137140,Knutby,sv,5,7.6,2021-11-11,2021-12-16,false,5.344,[Drama]
43058,Real Humans,sv,90,7.5,2012-01-22,2014-02-02,false,13.365,["Drama,  Sci-Fi & Fantasy"]
8939,Kenny Starfighter,sv,13,7.5,1997-10-04,2022-11-04,true,5.12,["Comedy,  Sci-Fi & Fantasy,  Drama,  Kids"]
17753,Skärgårdsdoktorn,sv,11,7.5,1997-10-13,2000-05-08,false,3.548,[Drama]
16881,Pojken med guldbyxorna,sv,6,7.5,1975-11-09,1975-12-14,false,2.357,["Family,  Action & Adventure"]
57257,Teskedsgumman,sv,4,7.5,1973-01-06,1973-03-31,true,1.248,["Kids,  Comedy"]
5849,Mäklarna,sv,4,7.5,2006-09-24,2021-06-04,true,0.6,["Drama,  Comedy"]
44041,The Last Reality Show,sv,2,7.5,,,false,0.6,[Comedy]
153248,The Dark Heart,sv,2,7.5,2022-02-09,2022-03-02,false,3.631,["Drama,  Crime"]
112427,Sommaren 85,sv,2,7.5,2020-10-31,2020-12-05,true,1.096,["Comedy,  Drama"]
210057,The Gambling Scandal,sv,2,7.5,2022-09-12,2022-09-26,true,2.068,[Drama]
36530,Full frys,sv,2,7.5,1999-01-25,1999-04-26,false,1.273,[Comedy]
116080,Stockholm Bloodbath,sv,2,7.5,2020-12-27,2020-12-27,false,1.538,[Documentary]
75223,The Simple Heist,sv,2,7.5,2017-11-15,2019-06-05,true,2.982,["Drama,  Comedy"]
35206,Hjälp!,sv,2,7.5,2007-01-26,2009-03-20,false,1.34,[Comedy]
97272,Katsching!,sv,2,7.5,2018-04-20,2018-06-08,true,714.0,[Comedy]
100786,Hasse and Tage - A Love Story,sv,2,7.5,2019-12-22,2020-01-05,false,1.594,[Documentary]
121072,The Party,sv,2,7.5,2019-04-14,2021-03-26,false,4.826,[Drama]
16893,Macken,sv,21,7.429,1986-08-23,1986-09-27,false,3.927,[Comedy]
3714,Pippi Longstocking,sv,145,7.4,1969-02-08,1969-05-03,false,18.639,["Comedy,  Drama,  Family,  Kids"]
84000,The Hunters,sv,16,7.4,2018-11-14,2021-04-12,true,7.749,["Drama,  Crime,  Mystery"]
104303,The Machinery,sv,7,7.4,2020-05-24,2022-05-15,true,6.803,["Action & Adventure,  Crime,  Mystery"]
213344,Springfloden,sv,7,7.4,2016-03-06,2018-11-18,false,6.821,["Drama,  Crime"]
78241,The Torpedoes,sv,5,7.4,2014-11-16,2017-06-08,true,1.824,["Comedy,  Crime,  Drama"]
208932,Cell 8,sv,5,7.4,2022-08-28,2022-08-28,false,2.38,["Drama,  Crime"]
92891,Caliphate,sv,96,7.333,2020-01-12,2020-02-09,false,11.584,["War & Politics,  Drama"]
74731,The Restaurant,sv,14,7.3,2017-10-02,2021-01-02,false,20.629,[Drama]
71761,Best in Test,sv,10,7.3,2017-03-10,2023-04-28,true,9.479,[Comedy]
65985,Ronny & Ragge,sv,7,7.3,1991-11-11,1993-04-12,true,2.086,[Comedy]
70242,Tornado,sv,3,7.3,1993-09-11,1993-11-13,false,1.323,[Comedy]
73764,Hemsöborna,sv,3,7.3,1966-02-19,1966-04-02,false,1.714,[Drama]
110170,Estonia - A Find That Changes Everything,sv,14,7.286,2020-09-28,2022-06-19,true,3.514,[Documentary]
31766,Wallander,sv,41,7.2,2005-01-14,2013-10-23,false,19.733,["Drama,  Mystery"]
71624,Fallet,sv,21,7.2,2017-04-07,2017-05-26,false,3.316,["Drama,  Crime,  Comedy"]
34481,Så mycket bättre,sv,6,7.2,2010-10-23,2022-12-03,true,4.481,[Reality]
71752,The Best Intentions,sv,5,7.2,1991-12-25,1991-12-30,false,4.682,[Drama]
210195,The Playlist,sv,65,7.192,2022-10-13,2022-10-13,false,11.116,[Drama]
111743,Love & Anarchy,sv,149,7.185,2020-11-04,2022-06-16,false,12.197,["Comedy,  Drama"]
117406,Ingmar Bergman Complete,sv,6,7.167,2004-04-08,2004-04-12,false,1.664,[Documentary]
55270,The Sandhamn Murders,sv,27,7.148,2010-12-20,2023-04-17,true,53.102,["Drama,  Crime,  Mystery"]
64518,Gåsmamman,sv,16,7.125,2015-11-26,2022-10-03,false,11.543,[Crime]
126209,Julkalendern,sv,11,7.1,1960-11-27,2022-12-24,true,1.777,["Drama,  Family,  Kids"]
9307,På spåret,sv,10,7.1,1987-09-05,2023-02-17,true,12.78,[Family]
29950,Kvarteret Skatan,sv,8,7.1,2003-04-17,2021-12-18,false,7.957,[Comedy]
70769,Farang,sv,8,7.1,2017-03-09,2017-04-20,false,2.625,[Drama]
86621,Quicksand,sv,128,7.066,2019-04-05,2019-04-05,false,9.61,["Crime,  Drama"]
67394,Midnight Sun,sv,46,7.0,2016-10-23,2016-12-11,false,6.957,["Drama,  Crime"]
13268,Life on Seacrow Island,sv,16,7.0,1964-01-18,1964-04-11,false,5.845,["Family,  Drama,  Kids"]
73102,Madicken,sv,13,7.0,1979-10-06,1983-04-16,false,3.189,["Kids,  Family,  Comedy"]
94362,Ronja Rövardotter,sv,7,7.0,1986-12-25,1987-01-01,false,3.824,["Action & Adventure,  Kids"]
5828,I manegen med Glenn Killing,sv,7,7.0,1992-09-25,1992-11-06,false,2.405,[Comedy]
67028,Camilla Läckberg's The Fjällbacka Murders,sv,6,7.0,2012-12-26,2014-10-19,true,2.677,["Drama,  Crime"]
73027,The House of Shadows,sv,5,7.0,1996-03-19,1996-04-02,false,3.307,["Drama,  Sci-Fi & Fantasy"]
52158,Death of a Pilgrim,sv,5,7.0,2013-01-13,2013-02-03,false,5.725,[Drama]
14413,Skilda världar,sv,4,7.0,1996-09-23,1998-09-03,true,22.399,[Drama]
64796,Stjärnorna På Slottet,sv,3,7.0,2006-01-01,2023-01-28,true,5.735,[Reality]
93844,White Wall,sv,3,7.0,2020-09-20,2020-11-08,true,1.854,["Drama,  Mystery,  Sci-Fi & Fantasy"]
51697,Snoken,sv,3,7.0,1993-04-05,1997-04-25,false,2.404,[Crime]
92012,Röda rummet,sv,3,7.0,1970-03-22,1970-05-07,false,1.4,[Drama]
85530,Sjukt oklar,sv,3,7.0,2018-12-28,2020-04-06,true,1.004,[Comedy]
64413,Boy Machine,sv,2,7.0,2015-10-16,2015-12-04,false,1.4,[Comedy]
76247,Delhis vackraste händer,sv,2,7.0,2017-01-01,2017-01-14,false,1.157,["Comedy,  Drama"]
52736,Leende Guldbruna Ögon,sv,2,7.0,2007-02-26,2007-03-12,false,0.6,["Comedy,  Drama"]
214956,Out of Touch,sv,2,7.0,2022-11-23,2022-12-07,true,2.019,[Comedy]
94111,Kapten Klänning - polischef och våldtäktsman,sv,2,7.0,2019-09-03,2019-09-17,false,662.0,["Documentary,  Crime"]
73712,Glappet,sv,2,7.0,1997-09-01,1997-10-06,false,996.0,[Drama]
91043,Smash,sv,2,7.0,1990-01-04,1990-02-22,false,5.177,[Comedy]
157352,The Island Sverige,sv,1,7.0,2022-02-10,2023-04-20,true,1.357,[Reality]
50915,Sjätte dagen,sv,1,7.0,1999-10-02,2001-04-05,false,2.258,[Drama]
104917,Top Gear Sverige,sv,1,7.0,2020-06-15,2020-06-15,true,1.217,[Documentary]
33007,Sweden's Got Talent,sv,1,7.0,2007-04-13,2023-03-17,true,4.151,[Reality]
82837,Världens sämsta indier,sv,1,7.0,2018-10-03,2023-04-18,true,2.177,["Reality,  Comedy"]
99432,Kurs i självutplåning,sv,1,7.0,2019-11-01,2019-11-01,true,0.6,["Drama,  Comedy"]
210802,Kompani Svan,sv,1,7.0,2022-10-03,2023-10-02,true,10.205,[Reality]
120425,Återskaparna,sv,1,7.0,2021-03-09,2021-04-28,true,891.0,[Reality]
57028,Lilla Spöket Laban,sv,1,7.0,2006-11-17,2006-11-17,false,931.0,[Animation]
85955,Bandet och jag,sv,1,7.0,2019-01-27,2019-02-17,false,974.0,["Comedy,  Drama"]
52014,Agnetas Nyårskarameller,sv,1,7.0,1995-01-01,2022-01-01,true,2.82,["Talk,  Reality,  Family"]
138532,Nästan inget,sv,1,7.0,2021-11-08,2021-12-13,true,1.892,[Comedy]
113553,Utrikesbyrån,sv,1,7.0,2020-03-04,2023-09-12,true,5.881,[Documentary]
88725,Josefsson,sv,1,7.0,2006-04-20,2019-05-29,false,631.0,[Documentary]
119502,Elitstyrkans hemligheter - Sverige,sv,1,7.0,2021-01-24,2023-05-25,true,2.696,[Reality]
202860,Landet runt,sv,1,7.0,1988-09-26,2022-05-29,true,1.4,["Family,  News"]
108617,Heja Björn,sv,1,7.0,2002-01-14,2002-04-01,true,1.373,[Comedy]
128636,Laxbralla,sv,1,7.0,2018-09-25,2023-08-11,true,1.563,[Comedy]
82724,Någonstans i Sverige,sv,1,7.0,1973-12-25,1974-01-07,false,3.612,[Drama]
91936,Fem myror är fler än fyra elefanter,sv,1,7.0,1983-01-01,1983-01-01,true,1.222,[Kids]
133288,En smak på livet,sv,1,7.0,2021-08-29,2022-08-13,true,729.0,[Reality]
84022,Sagan om Dilan och Moa,sv,1,7.0,2018-10-15,2020-04-28,true,2.478,["Comedy,  Drama"]
76576,Anders Knackar På,sv,1,7.0,2018-01-22,2021-12-06,true,0.6,[Reality]
157814,Harmonica,sv,1,7.0,2022-02-20,2022-02-20,true,929.0,[Drama]
125678,Var fan är storken?,sv,1,7.0,2021-05-19,2021-06-09,true,916.0,[Documentary]
204409,Familjen Rysberg,sv,1,7.0,2015-09-11,2019-01-04,false,1.646,["Kids,  Comedy"]
122237,Ordförande Persson,sv,1,7.0,2008-01-10,2008-01-10,false,0.6,[Documentary]
222222,The Detective from Beledweyne,sv,1,7.0,2023-03-10,2023-04-07,true,2.744,["Crime,  Drama"]
85452,Insider,sv,1,7.0,1999-01-15,1999-02-12,false,1.446,[Drama]
196246,Vi i villa,sv,1,7.0,2022-04-07,2022-05-05,true,1.762,[Comedy]
208329,The Journey - 15 dagar i Nepal,sv,1,7.0,2022-08-16,2022-10-04,true,1.339,[Reality]
217086,Selma Lagerlöf,sv,1,7.0,2022-12-27,2022-12-28,false,0.6,[Documentary]
217895,Harry H.,sv,1,7.0,1978-03-09,1978-04-20,false,679.0,[Crime]
78647,Sjölyckan,sv,1,7.0,2018-04-06,2023-05-20,true,5.197,[Comedy]
128173,Spökjakt,sv,1,7.0,2020-12-13,2023-10-01,true,1.96,["Reality,  Documentary"]
88476,Den stora älgvandringen,sv,1,7.0,2019-04-15,2019-05-05,false,5.156,["Reality,  Documentary"]
51665,Don't Ever Wipe Tears Without Gloves,sv,23,6.957,2012-10-08,2012-10-22,false,3.226,[Drama]
38148,Beck,sv,43,6.93,1999-12-12,2023-08-31,true,18.464,["Crime,  Drama,  Mystery"]
31934,Solsidan,sv,29,6.9,2010-01-29,2023-09-29,true,28.489,["Comedy,  Drama"]
113370,The Hunt for a Killer,sv,10,6.9,2020-11-04,2020-12-09,false,1.832,["Crime,  Mystery"]
51976,Maria Wern,sv,9,6.9,2008-09-16,2023-09-20,true,17.925,["Drama,  Crime"]
85192,Moscow Noir,sv,7,6.9,2018-12-24,2018-12-31,false,1.864,["Drama,  Crime"]
132316,The Unlikely Murderer,sv,36,6.889,2021-11-05,2021-11-05,false,4.259,[Drama]
92739,Blinded,sv,14,6.857,2019-08-19,2022-06-27,true,15.194,["Drama,  Crime"]
55645,Bamse - världens starkaste björn,sv,6,6.833,1972-12-23,1981-04-19,false,2.9,["Animation,  Kids"]
70742,Rebecka Martinsson,sv,20,6.825,2017-03-08,2020-05-28,true,5.741,["Crime,  Drama"]
43573,30 Degrees in February,sv,9,6.8,2012-02-06,2016-04-04,true,4.121,[Drama]
52008,Missing,sv,8,6.8,2017-01-01,2017-01-19,false,2.781,["Drama,  Crime"]
5319,100 Höjdare,sv,8,6.8,2004-09-05,2008-05-05,false,3.805,["Documentary,  Comedy"]
65117,Gentlemen & Gangsters,sv,7,6.8,2016-01-01,2016-01-07,false,2.155,[Drama]
52164,The Murders,sv,6,6.8,2009-11-04,2009-12-09,false,1.927,[Crime]
5848,Uppdrag granskning,sv,5,6.8,2001-01-17,2023-06-28,true,95.406,["Documentary,  News"]
36672,Rena rama Rolf,sv,4,6.8,1994-09-03,1998-11-24,false,5.508,[Comedy]
119565,Snabba Cash,sv,71,6.789,2021-04-07,2022-09-22,true,12.494,["Crime,  Drama"]
157008,Clark,sv,66,6.773,2022-05-05,2022-05-05,false,7.73,["Crime,  Drama"]
218131,Blackwater,sv,11,6.727,2023-01-13,2023-02-10,true,19.343,["Drama,  Crime"]
62097,Jordskott,sv,36,6.7,2015-02-16,2017-12-03,false,8.008,["Drama,  Mystery"]
5859,Vetenskapens värld,sv,10,6.7,1971-09-26,2023-10-01,true,67.379,["Documentary,  News"]
35831,Ebba och Didrik,sv,6,6.7,1990-01-06,1990-03-03,false,3.406,["Drama,  Family,  Kids"]
5854,Let's Dance,sv,5,6.7,2006-01-06,2021-04-17,true,15.799,["Family,  Reality"]
215098,11 Shots,sv,3,6.7,2022-09-25,2022-12-04,true,1.4,["Drama,  Documentary"]
131719,Dough,sv,3,6.7,2021-08-30,2021-10-11,true,3.642,["Drama,  Crime"]
133207,Hipp hipp - Itzhaks julevangelium,sv,3,6.7,2006-12-01,2006-12-22,true,0.6,[Comedy]
90717,Gösta,sv,6,6.667,2019-07-01,2019-08-05,false,1.49,["Comedy,  Drama"]
197142,Varan-tv:stories,sv,3,6.667,2022-04-08,2022-05-13,true,1.29,[Comedy]
70337,Before We Die,sv,24,6.625,2017-01-15,2019-12-01,false,7.053,["Crime,  Drama,  Mystery"]
98982,Thin Ice,sv,14,6.6,2020-02-03,2020-02-24,false,5.718,[Drama]
63763,The Fourth Man,sv,8,6.6,2014-12-30,2015-01-03,false,3.325,["Drama,  Crime"]
34034,C/o Segemyhr,sv,8,6.6,1998-09-04,2004-12-13,false,10.545,[Comedy]
19166,Report to Heaven,sv,7,6.6,1994-09-20,1994-10-11,false,2.011,[Drama]
32682,The Laser Man,sv,7,6.6,2005-11-23,2005-12-07,false,3.614,["Crime,  Drama"]
70748,Bonus Family,sv,18,6.583,2017-01-30,2021-12-13,true,28.268,["Drama,  Comedy"]
98036,Box 21,sv,163,6.577,2020-01-17,2020-02-14,false,6.416,["Crime,  Drama"]
36229,Top Dog,sv,9,6.556,2020-10-07,2023-06-12,true,5.941,["Crime,  Drama"]
106666,"Pray, Obey, Kill",sv,11,6.545,2021-04-04,2021-04-04,false,1.446,["Documentary,  Crime"]
110173,Beartown,sv,21,6.5,2020-10-18,2020-11-08,false,7.158,[Drama]
63999,Jorden runt på 6 steg,sv,7,6.5,2015-09-16,2016-12-11,false,2.509,["Comedy,  Action & Adventure"]
73828,Mannen Som Log,sv,6,6.5,2003-12-26,2003-12-27,false,2.552,["Drama,  Crime"]
126064,Max Anger,sv,4,6.5,2021-06-06,2021-06-06,true,5.484,[Drama]
4774,Värsta språket,sv,4,6.5,,2003-04-18,false,936.0,[Comedy]
19986,Doobidoo,sv,4,6.5,2005-08-26,2023-09-30,true,20.408,[Family]
34935,Anno 1790,sv,4,6.5,2011-10-24,2011-12-26,false,3.334,[Drama]
89565,På jakt med Lotta och Leif,sv,2,6.5,2014-09-29,2014-11-10,false,0.84,[Documentary]
66596,The Fat and the Angry,sv,2,6.5,2014-02-09,2014-02-16,false,1.042,["Crime,  Drama"]
158683,Sortera upp ditt liv,sv,1,6.5,2022-02-28,2022-04-18,true,905.0,[Reality]
128653,The Box,sv,31,6.4,2021-11-28,2021-11-28,true,6.637,[Drama]
80210,Rig 45,sv,15,6.4,2018-06-08,2020-04-03,true,18.849,[Crime]
100884,Bäckström,sv,11,6.4,2020-03-23,2022-03-28,true,7.972,["Crime,  Drama"]
121143,Huss,sv,8,6.4,2021-03-19,2021-04-16,true,3.513,["Drama,  Crime"]
16027,Eva & Adam,sv,5,6.4,1999-01-31,2000-04-15,true,1.763,["Drama,  Comedy"]
94490,Love Me,sv,8,6.375,2019-10-11,2020-10-11,true,2.474,["Drama,  Comedy"]
107306,Partisan,sv,11,6.364,2020-08-16,2022-05-01,true,5.134,["Drama,  Crime"]
75845,Mördare utan ansikte,sv,6,6.333,1995-09-03,1995-09-06,false,2.191,[Crime]
64023,Modus,sv,32,6.25,2015-09-23,2017-12-14,false,8.745,[Crime]
53771,Björnes magasin,sv,4,6.25,1987-08-31,1987-09-01,true,963.0,["Family,  Kids"]
139155,Anxious People,sv,58,6.2,2021-12-29,2021-12-29,false,4.789,["Comedy,  Drama,  Mystery"]
43657,Arne Dahl,sv,10,6.2,2011-12-27,2015-04-19,false,14.346,["Mystery,  Crime"]
34071,Hem till Midgård,sv,9,6.2,2003-02-23,2003-02-23,false,3.153,["Comedy,  Action & Adventure"]
64047,Ängelby,sv,7,6.2,2015-09-28,2015-12-14,false,1.514,["Drama,  Mystery"]
51926,Enemy's Enemy,sv,6,6.2,1990-12-08,1991-01-05,false,2.933,[Drama]
79793,Varuhuset,sv,6,6.2,1987-03-10,1989-04-08,false,5.219,[Drama]
77473,Summer with the Family,sv,4,6.2,2017-03-19,2022-03-11,true,13.602,["Comedy,  Drama"]
122428,Odd weeks,sv,2,6.2,2021-04-02,2022-04-08,true,1.563,["Drama,  Comedy"]
97079,Agent Hamilton,sv,34,6.191,2020-01-01,2022-05-09,true,10.743,["Action & Adventure,  Crime"]
130467,Threesome,sv,11,6.167,2021-08-29,2021-08-29,true,24.267,[Drama]
213328,Riding in Darkness,sv,8,6.1,2022-10-31,2022-12-12,false,4.964,["Drama,  Crime"]
65344,Thicker Than Water,sv,7,6.1,2014-01-27,2020-04-24,true,5.78,[Drama]
128256,Agatha Christies Hjerson,sv,12,6.0,2021-08-16,2021-09-06,false,3.083,["Mystery,  Crime,  Drama"]
72453,Alex,sv,8,6.0,2017-11-03,2019-06-21,false,3.151,["Crime,  Drama"]
111820,Hammarvik,sv,7,6.0,2020-10-20,2022-07-10,true,8.111,["Crime,  Drama,  Soap"]
82155,Conspiracy of Silence,sv,6,6.0,2018-09-14,2018-10-26,true,3.473,["Crime,  Drama"]
70280,Lotta på Bråkmakargatan,sv,5,6.0,1995-01-07,1996-05-04,false,1.734,["Family,  Kids"]
79721,Snutarna - S·W·I·P,sv,3,6.0,1994-11-14,1995-03-13,false,1.96,[Comedy]
91982,Nisse Hults historiska snedsteg,sv,3,6.0,2006-01-14,2006-02-18,false,1.335,[Comedy]
57820,Telefonsupporten,sv,3,6.0,2011-04-17,2011-06-12,false,933.0,[Comedy]
15687,Bingolotto,sv,3,6.0,1989-01-16,2021-01-10,true,16.781,[Reality]
70575,Den vita stenen,sv,3,6.0,1973-10-05,1973-12-29,false,3.581,["Drama,  Family,  Kids"]
200870,Drag Race Sverige,sv,3,6.0,2023-03-05,2023-04-23,true,4.001,[Reality]
197712,Lea,sv,2,6.0,2022-04-25,2022-05-23,true,4.36,[Drama]
78443,Helt perfekt,sv,2,6.0,2018-02-25,2021-04-04,true,2.644,["Comedy,  Soap"]
52917,Dubbelsvindlarna,sv,2,6.0,1982-04-23,1982-05-07,true,702.0,[Comedy]
5177,Allsång på Skansen,sv,2,6.0,1979-08-03,2023-08-15,true,16.448,["Family,  Reality"]
25631,The Grave,sv,2,6.0,2004-12-04,2009-12-09,false,2.377,[Drama]
211184,Komiker utan gränser,sv,2,6.0,2022-09-18,2022-11-06,true,2.157,["Reality,  Comedy"]
73808,Halsduken,sv,2,6.0,1962-11-20,2017-04-03,false,2.09,["Drama,  Crime"]
82011,Bamse,sv,2,6.0,1966-10-29,1966-12-03,false,0.6,[Animation]
73615,August,sv,2,6.0,2007-12-26,2007-12-27,false,4.391,[Drama]
54852,Fame Factory,sv,2,6.0,,,false,0.6,[Reality]
101662,The Last Journey Of The Vikings,sv,2,6.0,2020-04-12,2020-04-12,false,658.0,[Documentary]
200816,Kniven i hjärtat,sv,2,6.0,,,false,1.791,["Drama,  Crime"]
155570,Heartbeats,sv,1,6.0,2022-01-12,2022-02-02,true,1.511,[Drama]
74488,Soldater i månsken,sv,1,6.0,2000-10-02,2000-10-23,false,1.296,[Drama]
83184,Bästa dieten,sv,1,6.0,2018-10-16,2018-10-30,false,641.0,[Reality]
131050,Two Sisters,sv,1,6.0,2021-09-05,2021-09-05,true,5.109,[Drama]
76197,Success,sv,1,6.0,2018-01-02,2018-03-06,true,632.0,[Reality]
218685,Kapningen,sv,1,6.0,2023-02-06,2023-03-06,true,6.084,[Drama]
215796,Meaning of Life,sv,1,6.0,2022-12-11,2022-12-25,true,2.949,["Drama,  Comedy"]
87800,Europas dramatiska historia,sv,1,6.0,2019-03-18,2019-03-18,false,0.6,[Documentary]
132944,Dr. Mugg,sv,1,6.0,2001-01-15,2005-04-09,false,997.0,["Comedy,  Family"]
55313,Breaking News med Filip & Fredrik,sv,1,6.0,2011-08-22,2017-11-16,false,4.333,[Comedy]
69962,Trettiplus,sv,1,6.0,2016-11-18,2017-04-26,true,969.0,[Comedy]
88183,Keyyo med Rheborg i Ryssland,sv,1,6.0,2019-04-04,2019-04-04,false,0.84,["Comedy,  Reality"]
135102,Big Bang,sv,1,6.0,2021-09-27,2021-11-15,true,1.017,[Reality]
157663,Sjukan,sv,1,6.0,1995-09-15,1997-04-12,false,2.32,["Drama,  Comedy"]
38783,GladPack,sv,1,6.0,2000-02-06,2000-03-12,false,2.657,[Comedy]
214375,Genjägarna,sv,1,6.0,2022-11-13,2022-12-04,true,0.6,["Reality,  Talk"]
100768,Second Run,sv,1,6.0,2018-11-11,2019-12-21,true,1.193,[Comedy]
34026,One four room flat for three,sv,1,6.0,1996-02-06,1997-11-18,false,3.794,[Comedy]
91988,Pappas pojkar,sv,1,6.0,1973-06-01,1973-12-08,true,1.788,["Family,  Action & Adventure,  Drama"]
85212,Systrar 1968,sv,1,6.0,2018-12-25,2018-12-27,true,1.677,[Drama]
55221,Hemliga Svenska Rum,sv,1,6.0,2008-08-31,2013-07-09,true,0.6,[Documentary]
50899,112 Aina,sv,1,6.0,2013-03-25,2015-04-27,true,3.536,[Comedy]
225035,En hederlig jul med Knyckertz,sv,1,6.0,2021-12-01,2021-12-24,false,2.744,["Drama,  Kids,  Family"]
153855,Sleep Around,sv,1,6.0,2021-12-25,2021-12-25,true,3.533,["Drama,  Comedy"]
217879,Anderssons älskarinna,sv,1,6.0,2001-02-12,2001-03-19,false,676.0,[Drama]
41947,Allt för Sverige,sv,1,6.0,2011-10-30,2022-03-06,true,3.057,[Reality]
85475,The Days the Flowers Bloom,sv,1,6.0,2019-01-01,2019-01-07,false,3.857,[Drama]
53073,Inkognito,sv,1,6.0,2013-01-07,2013-01-09,false,874.0,["Crime,  Drama"]
118631,Alla utom vi,sv,1,6.0,2021-02-12,2021-04-02,true,1.26,["Drama,  Comedy"]
51661,Semlons gröna dalar,sv,1,6.0,1977-04-15,1977-04-29,false,1.5,[Comedy]
75669,Olivia Twist,sv,1,6.0,2002-03-02,2002-04-13,false,1.47,[Drama]
73743,Kejsarn av Portugallien,sv,1,6.0,1992-12-25,1993-01-02,false,1.584,[Drama]
111578,The Queens of Sweden,sv,1,6.0,2020-10-15,2020-12-03,false,1.681,["Documentary,  Drama"]
17671,Snapphanar,sv,14,5.9,2006-12-25,2006-12-27,false,4.192,["Drama,  Action & Adventure,  War & Politics"]
102887,We Got This,sv,14,5.8,2020-05-01,2020-05-29,true,2.292,["Comedy,  Crime"]
34682,Playa del Sol,sv,4,5.8,2007-01-21,2019-10-27,true,2.006,[Comedy]
73635,Laura Trenter Presents,sv,2,5.8,2002-11-23,2002-12-07,false,3.449,["Family,  Drama"]
73853,Wallander - Firewall,sv,3,5.7,2007-01-19,2007-01-26,false,1.09,[Crime]
74354,Syrror,sv,3,5.7,2016-10-19,2017-12-07,false,0.6,[Drama]
111818,Cryptid,sv,17,5.647,2020-10-30,2020-10-30,false,3.528,["Mystery,  Drama"]
12610,Robinson,sv,11,5.6,1997-09-13,2023-05-21,true,15.061,[Reality]
33909,Lorry,sv,7,5.6,1989-10-19,1995-04-04,false,4.682,[Comedy]
10927,The Three Friends and Jerry,sv,5,5.6,1999-01-22,1999-05-24,false,31.262,[Animation]
86470,Hidden: Firstborn,sv,8,5.5,2019-02-01,2019-03-15,false,2.516,[Action & Adventure]
42929,Alfie Atkins,sv,6,5.5,1979-12-31,2013-03-28,true,3.667,["Animation,  Kids"]
109311,Muren,sv,2,5.5,2020-09-05,2023-07-08,true,3.544,[Family]
38795,En himla många program,sv,2,5.5,1989-12-07,1996-12-31,false,1.513,[Comedy]
87906,Robinson: Gränslandet,sv,2,5.5,2019-03-18,2022-12-01,true,19.776,[Reality]
15305,Antikrundan,sv,2,5.5,1989-08-26,2022-03-24,true,3.422,["Reality,  Talk,  Documentary"]
121988,Mästarkvalet,sv,2,5.5,2019-03-17,2023-04-16,true,0.6,[Reality]
211535,Adult Behavior,sv,2,5.5,2022-10-06,2022-11-24,true,2.493,[Drama]
207132,Hård rock på export,sv,2,5.5,2022-07-31,2022-07-31,false,1.051,[Documentary]
73768,Ärliga blå ögon,sv,2,5.5,1977-04-09,1977-05-21,false,0.6,["Crime,  Comedy"]
104498,The Guldbagge Awards,sv,2,5.5,1981-10-30,1998-02-09,true,6.979,[Reality]
129107,Luuk & Hallberg,sv,2,5.5,2019-09-07,2020-05-02,true,2.656,[Talk]
68127,Black Lake,sv,23,5.478,2016-10-20,2019-11-21,false,6.679,["Crime,  Drama,  Mystery"]
82855,Stockholm Requiem,sv,19,5.474,2018-10-03,2018-11-21,false,6.807,["Crime,  Drama,  Mystery"]
125156,Dystopia,sv,7,5.4,2021-06-13,2021-06-13,true,4.338,[Mystery]
77516,The Lawyer,sv,7,5.4,2018-02-26,2020-06-21,true,8.377,["Crime,  Drama,  Mystery"]
225152,Barracuda Queens,sv,16,5.375,2023-06-05,2023-06-05,true,12.957,["Drama,  Crime"]
15372,"Svensson, Svensson",sv,7,5.3,1994-10-07,2008-12-20,false,4.0,[Comedy]
38138,Ullared,sv,3,5.3,2009-11-02,2021-05-25,true,5.476,[Reality]
65808,Tror du jag ljuger?,sv,3,5.3,2016-03-19,2019-05-04,true,2.008,[Comedy]
31096,Så ska det låta,sv,3,5.3,1997-01-17,2020-03-01,false,9.067,[Reality]
121950,Snow Angels,sv,5,5.2,2021-03-27,2021-04-23,false,13.691,["Mystery,  Crime,  Drama"]
98638,The Chosen Ones,sv,4,5.2,2020-01-17,2020-01-17,true,0.84,["Mystery,  Sci-Fi & Fantasy"]
14225,Tre kronor,sv,7,5.1,1994-09-21,1999-04-07,false,19.316,[Drama]
68681,Black Widows,sv,7,5.1,2016-02-04,2017-06-08,false,3.999,["Crime,  Drama,  Mystery"]
73676,Hammarkullen,sv,4,5.0,1997-11-24,1997-12-15,false,3.434,["Comedy,  Drama"]
119410,A Royal Secret,sv,3,5.0,2021-12-23,2021-12-23,false,2.156,[Drama]
68040,Folkets främsta företrädare,sv,3,5.0,2013-11-07,2015-12-18,true,987.0,[Comedy]
118404,A Class Apart,sv,3,5.0,2021-08-17,2021-08-17,true,3.877,["Drama,  Crime"]
201601,All that remains,sv,3,5.0,2022-05-19,2022-06-09,true,1.4,[Drama]
92626,Arbogafallet,sv,2,5.0,2018-01-01,2018-02-05,false,0.6,["Documentary,  Crime"]
128640,Premiärdatum oklart,sv,2,5.0,2020-09-23,2021-01-02,false,1.4,[Comedy]
43173,How Soon Is Now?,sv,2,5.0,2007-09-03,2007-09-24,false,2.535,[Drama]
214005,Missing People,sv,2,5.0,2022-11-07,2022-11-07,true,2.692,[Drama]
52252,Bombi Bitt och jag,sv,1,5.0,1968-01-27,1968-02-24,false,1.198,[Drama]
206596,Wallander (Henning Mankells),sv,1,5.0,1995-09-03,2008-01-20,false,1.788,[Crime]
56083,Hermans historia,sv,1,5.0,1991-12-30,2002-01-24,false,1.492,[Documentary]
74234,Markurells i Wadköping,sv,1,5.0,1968-12-25,1969-01-11,false,632.0,[Drama]
77052,The Stockholm Police,sv,1,5.0,2018-02-12,2018-02-26,true,1.4,[Documentary]
105112,The Children From The Noisy Village,sv,1,5.0,1962-09-08,1962-12-22,false,2.659,["Family,  Kids"]
73803,Mannen under trappan,sv,1,5.0,2009-09-13,2009-10-04,false,2.103,[Drama]
36727,Lyxfällan,sv,1,5.0,2006-10-02,2023-09-26,true,33.306,[Reality]
155227,Hundarna i Riga,sv,1,5.0,2004-11-06,2004-11-06,false,965.0,["Drama,  Crime"]
238406,Historien om Sverige,sv,1,5.0,2023-11-05,2023-11-12,true,9.017,["Documentary,  Drama"]
43140,The Crown Jewels,sv,1,5.0,2012-01-02,2012-01-04,false,0.6,[Drama]
52915,Kvällspressen,sv,1,5.0,1992-03-30,1992-05-04,false,1.4,[Drama]
78141,Katitzi,sv,1,5.0,1979-12-02,1980-01-06,false,8.672,[Kids]
120858,Trevlig helg,sv,1,5.0,2021-02-18,2022-06-03,true,1.029,[Comedy]
105355,First Responders,sv,1,5.0,2020-06-28,2020-08-23,false,1.735,["Drama,  Action & Adventure"]
65513,Cluedo – en mordgåta,sv,1,5.0,1996-01-22,1996-12-09,false,1.767,[Mystery]
54982,Zvampen,sv,1,5.0,1984-01-21,1984-02-11,false,1.875,["Comedy,  Family,  Kids"]
236055,Vasaskeppets Hemligheter,sv,1,5.0,2023-09-24,2023-10-01,false,5.379,["Documentary,  War & Politics"]
54983,Trazan Apansson och Banarne,sv,1,5.0,1999-06-18,1999-08-06,false,1.218,["Kids,  Family"]
91924,Nutcases & Normals,sv,1,5.0,1988-12-25,1989-01-29,false,669.0,["Comedy,  Kids,  Family"]
63384,Jonson & Spout,sv,1,5.0,2006-01-08,2013-04-09,false,2.001,["Comedy,  Family,  Kids,  Western,  Sci-Fi & Fantasy"]
101237,Falkenberg Forever,sv,1,5.0,2020-03-30,2020-03-30,true,1.384,[Comedy]
15139,Mumintrollet,sv,1,5.0,1969-12-05,1970-02-27,false,1.745,[Kids]
29978,Vendetta,sv,1,5.0,1995-02-10,1995-03-17,false,1.623,[Action & Adventure]
73718,Full patte,sv,1,5.0,2014-04-24,2017-12-19,true,964.0,[Comedy]
81827,Love Island Sweden,sv,1,5.0,2018-08-19,2018-09-01,true,1.737,[Reality]
219062,Romarrikets Arkeologiska Hemligheter,sv,1,5.0,2023-01-07,2023-02-11,true,751.0,[Documentary]
78266,Smartare än en femteklassare?,sv,1,5.0,2011-03-19,2023-09-28,true,17.44,[Reality]
14426,Parlamentet,sv,12,4.8,1999-01-18,2022-10-10,true,14.146,["News,  Comedy"]
68360,Hassel,sv,5,4.8,2017-09-08,2017-11-03,false,3.465,["Crime,  Drama"]
14013,Second Avenue,sv,4,4.8,2007-09-23,2010-05-05,false,21.204,["Soap,  Drama"]
124969,Thunder in My Heart,sv,4,4.8,2021-05-23,2023-05-28,true,4.792,[Drama]
245441,Veronika,sv,3,4.667,2024-03-22,2024-03-29,true,49.491,[Drama]
85351,Vasa 1628,sv,2,4.5,2011-12-27,2011-12-27,false,0.84,[Drama]
38384,Bert,sv,2,4.5,1994-10-01,1994-12-17,false,7.697,["Family,  Comedy"]
217313,LOL: Last One Laughing Sweden,sv,2,4.5,2022-12-28,2023-01-11,true,2.49,["Reality,  Comedy"]
88115,Vem bor här?,sv,2,4.5,2015-04-06,2022-11-28,true,1.646,[Reality]
73592,Medicinmannen,sv,2,4.5,2005-09-25,2005-11-13,false,3.667,[Drama]
12642,Melodifestivalen,sv,5,4.4,1959-02-26,2023-03-11,true,15.208,["Reality,  Family"]
7971,Innocently Convicted,sv,5,4.4,2008-09-24,2009-12-16,false,2.445,[Drama]
73759,The Return of the Dancing Master,sv,4,4.0,2004-11-05,2004-11-06,false,1.773,["Drama,  Crime"]
209780,Toppen,sv,3,4.0,2022-12-02,2022-12-02,true,1.074,[Comedy]
15308,Bonde söker fru,sv,1,4.0,,2022-09-28,true,0.6,[Reality]
116990,Farmen,sv,1,4.0,2001-09-24,2023-02-08,true,124.62,[Reality]
53050,Längtans blåa blomma,sv,1,4.0,1998-10-12,1998-10-12,false,2.008,[Drama]
123048,Sick,sv,1,4.0,2021-04-02,2021-04-09,true,1.854,["Comedy,  Drama"]
5190,Snacka om nyheter,sv,1,4.0,1995-03-05,2008-12-04,false,2.414,[Comedy]
216796,Ägd av Danny,sv,1,4.0,2022-12-16,2022-12-16,true,1.4,[Comedy]
93027,Honour,sv,7,3.7,2019-08-30,2022-10-10,true,4.548,["Drama,  Crime"]
51924,Talismanen,sv,3,3.7,2003-04-06,2005-05-25,false,4.205,["Drama,  Crime"]
78728,Full Fräs med Stefan & Krister,sv,1,3.0,1996-04-30,1996-06-18,false,1.143,[Comedy]
120397,Big Brother Sverige,sv,2,2.0,2000-09-04,2021-03-08,true,5.928,[Reality]
73696,Det mest förbjudna,sv,1,2.0,2016-03-25,2016-03-27,false,2.794,[Drama]
74418,Fru Marianne,sv,1,2.0,2001-03-26,2001-04-16,false,1.289,[Drama]
57392,Detective Inspector Irene Huss,sv,1,2.0,2007-08-17,2011-12-07,false,5.435,["Crime,  Drama"]
224203,De hemligas ö,sv,1,2.0,1972-09-10,1972-10-15,false,638.0,["Drama,  Action & Adventure"]
7413,A Road to Gyllenbla!,sv,1,2.0,1985-12-29,1986-01-26,false,925.0,["Action & Adventure,  Family,  Sci-Fi & Fantasy"]
58536,Ulveson och Herngren,sv,2,1.0,2005-03-26,2005-06-04,false,0.84,[Comedy]
154151,Evert! Evert! Evert!,sv,2,1.0,2021-12-20,2021-12-20,false,1.063,[Documentary]
115919,Ulf Lundell - friheten och ensamheten,sv,2,1.0,2020-12-30,2020-12-30,false,1.007,[Documentary]
85070,Spiken,sv,1,1.0,2018-12-11,2018-12-26,false,0.6,[Comedy]
88021,Stieg Larsson - Mannen som lekte med elden,sv,1,1.0,2019-03-07,2019-03-28,false,713.0,[Documentary]
219946,Ex on the Beach: Sweden,sv,1,1.0,2015-04-06,2021-04-08,true,5.533,[Reality]
73750,Bibliotekstjuven,sv,1,0.0,2011-01-12,2011-01-26,false,2.061,[Drama]
