86793,Sevdam Alabora,tr,4,10.0,2015-02-10,2015-02-10,false,7.835,["Drama,  Family"]
78542,Fırıldak Ailesi,tr,3,10.0,2013-02-11,2016-06-11,false,16.1,["Animation,  Comedy"]
49933,You'll Never Know,tr,3,10.0,2023-07-24,2023-09-23,false,48.702,["Drama,  Comedy,  Soap"]
218477,Al Sancak,tr,2,10.0,2023-01-19,2023-06-15,false,11.338,["War & Politics,  Action & Adventure"]
125089,Ana,tr,2,10.0,1991-01-01,1991-07-23,false,7.106,["Comedy,  Drama"]
197904,Afara,tr,2,10.0,2022-04-15,2022-06-10,true,706.0,[Talk]
119259,Hiç,tr,2,10.0,2021-02-20,2021-04-10,true,1.61,[Drama]
216396,Barbaros Hayreddin Sultanin Fermani,tr,2,10.0,2022-12-23,2023-06-09,false,4.983,["War & Politics,  Action & Adventure"]
136890,Elkızı,tr,2,10.0,2021-10-23,2022-01-30,true,3.019,[Drama]
228980,Her Fall Doesn't Cry,tr,2,10.0,2023-06-22,2023-09-28,true,37.886,["Family,  Comedy,  Drama"]
104912,Londra Merkez,tr,2,10.0,2018-02-09,2018-02-09,true,878.0,["Comedy,  Drama,  Talk"]
73546,Şevkat Yerimdar,tr,2,10.0,2017-05-26,2017-05-26,false,7.08,["Comedy,  Family"]
133229,103 Goal,tr,2,10.0,2021-09-10,2021-10-01,true,1.4,["Documentary,  Reality"]
205149,Seni Kalbime Sakladım,tr,2,10.0,2022-06-30,2022-08-11,false,5.508,["Comedy,  Family"]
205589,Baştan Başla,tr,1,10.0,2022-07-01,2022-07-22,true,0.6,[Documentary]
153354,Selim I,tr,1,10.0,2022-03-11,2022-03-11,true,2.436,["War & Politics,  Action & Adventure,  Documentary"]
210568,Doğu Demirkol ile Alelade Show,tr,1,10.0,2022-09-17,2022-12-24,true,0.6,[Talk]
226034,Yardımcı Oyuncu,tr,1,10.0,2023-05-07,2023-05-07,true,1.525,["Comedy,  Drama"]
51798,Pars: Narkoterör,tr,1,10.0,2008-01-21,2008-06-23,false,3.296,["Action & Adventure,  Mystery,  War & Politics,  Drama,  Crime"]
226076,Koyu Beyaz,tr,1,10.0,2023-05-07,2023-05-07,true,792.0,[Comedy]
223130,Çılgın Dersane Üniversitede,tr,1,10.0,2014-06-09,2014-07-07,false,1.183,[Comedy]
207786,Tarikat,tr,1,10.0,2022-01-22,2022-06-20,true,0.6,[Documentary]
117710,Rol Kes,tr,1,10.0,2020-01-07,2020-01-28,true,0.6,[Talk]
204753,Sara's Istanbul Delights,tr,1,10.0,2017-05-21,2017-12-10,true,1.342,[Reality]
207426,Bartu ben,tr,1,10.0,2018-08-18,2018-10-20,true,0.6,["Comedy,  Drama"]
138072,Fandom,tr,1,10.0,2021-11-04,2022-09-22,true,2.449,["Comedy,  Drama,  Action & Adventure"]
117666,Süper 1 Takım,tr,1,10.0,2021-01-23,2021-07-16,true,1.317,["Animation,  Comedy"]
50495,Cesur Kuşku,tr,1,10.0,2001-10-11,2001-11-15,false,1.129,[Comedy]
49569,Nasıl Evde Kaldım,tr,1,10.0,2001-01-01,2001-01-01,false,912.0,[Comedy]
125536,Büyük Tıkınma,tr,1,10.0,2021-04-02,2023-04-21,true,737.0,["Documentary,  Talk"]
238711,Lost in Love,tr,1,10.0,2023-11-02,2023-11-09,true,29.014,[Drama]
134155,Evlilik Hakkında Her Şey,tr,1,10.0,2021-09-21,2022-05-31,false,7.1,[Drama]
196463,53-61,tr,1,10.0,2022-03-30,2022-04-13,true,0.6,[Documentary]
125299,Şehir Efsanesi,tr,1,10.0,2021-05-07,2021-05-07,true,1.4,["Action & Adventure,  Reality,  Crime,  Mystery"]
213059,Darmaduman,tr,1,10.0,2022-10-27,2022-12-24,false,2.736,[Drama]
227099,Maviye Sürgün,tr,1,10.0,2023-06-12,2023-10-02,true,13.9,[Drama]
49880,Kod Adı,tr,1,10.0,2006-09-04,2006-11-06,false,933.0,["Crime,  Drama,  War & Politics"]
115821,Oyunlar Holding,tr,1,10.0,2021-01-03,2021-10-09,true,688.0,[Reality]
121772,Death Time,tr,1,10.0,2021-06-24,2021-08-06,true,3.74,["Mystery,  Action & Adventure"]
120812,Once Upon a Time in Cyprus,tr,1,10.0,2021-04-01,2022-01-21,false,2.926,[Drama]
229095,The Tropical,tr,1,10.0,2023-07-04,2023-09-27,true,7.992,[Drama]
216913,Day Zero,tr,1,10.0,2022-12-28,2023-02-15,true,1.462,["Action & Adventure,  Drama,  Crime"]
236079,Kuzgun: Dipsiz Karanlık,tr,1,10.0,2023-09-30,2023-09-30,true,5.379,["Drama,  Crime"]
85565,Tek Yürek,tr,1,10.0,2019-02-07,2019-07-25,false,7.462,["Action & Adventure,  Drama,  Family"]
99169,The Children of the Street,tr,1,10.0,2020-02-06,2023-04-06,true,2.465,["Action & Adventure,  Crime,  Drama"]
126166,Şehrin Futbolu,tr,1,10.0,2018-05-11,2018-05-23,false,0.6,[Documentary]
213844,Oyunbozan,tr,1,10.0,2022-10-30,2022-11-20,true,0.6,["Documentary,  Reality"]
121162,O Ses Türkiye Rap,tr,1,10.0,2021-03-19,2023-07-14,true,1.96,[Talk]
225991,Dayton,tr,1,10.0,2023-05-07,2023-05-07,true,2.27,[Drama]
208688,Black Snake,tr,1,10.0,2007-11-19,2008-03-17,false,4.124,[Drama]
218513,Benim Zürafam Uçabilir,tr,1,10.0,2022-09-02,2022-10-21,true,686.0,["Animation,  Family"]
225972,Organizasyon Bizim İşimiz,tr,1,10.0,2023-05-07,2023-05-07,true,1.509,["Family,  Comedy"]
119938,Hayalimdeki Düğün,tr,1,10.0,2021-03-04,2021-03-25,true,0.64,[Reality]
129527,12 Mart: İhtilalin Pençesinde Demokrasi,tr,1,10.0,1994-04-03,1994-06-12,false,0.62,[Documentary]
130130,Doktorlar,tr,1,10.0,1989-07-07,1989-07-28,true,0.84,["Family,  Drama"]
50728,Deli Dolu,tr,1,10.0,2006-09-26,2006-11-28,false,1.21,["Comedy,  Family"]
196964,Annenin Sırrıdır Çocuk,tr,1,10.0,2022-04-06,2022-09-14,false,1.329,[Drama]
102982,Kafalarına Göre,tr,1,10.0,2020-03-18,2020-03-18,true,731.0,[Documentary]
92273,Black Letter,tr,1,10.0,2017-03-28,2017-05-07,false,1.39,[Drama]
65626,Seddülbahir 32 Saat,tr,1,10.0,2016-01-14,2016-02-04,false,1.812,["War & Politics,  Drama"]
78253,Yüzyıllık Mühür,tr,1,10.0,2016-07-11,2016-10-17,false,1.343,["Drama,  War & Politics"]
238711,Lost in Love,tr,1,10.0,2023-11-02,2023-11-02,true,10.543,[Drama]
126171,Sedat Peker vs AKP,tr,5,9.8,2021-05-02,2021-06-06,true,677.0,["Documentary,  Reality,  Crime,  War & Politics,  Comedy,  Talk"]
118918,Mendirman Jaloliddin,tr,2,9.5,2021-02-14,2021-05-09,true,6.091,["Action & Adventure,  Drama,  War & Politics"]
95257,12 Eylül,tr,2,9.5,1998-10-12,1998-12-07,false,0.6,[Documentary]
69301,Kara Ekmek,tr,2,9.5,2015-02-04,2015-12-28,true,9.365,[Drama]
213664,Toprak ile Fidan,tr,2,9.5,2022-10-31,2022-12-13,true,1.942,["Drama,  Family,  Soap"]
82555,Şahin Tepesi,tr,2,9.5,2018-11-23,2018-12-28,false,5.306,[Drama]
94266,Satiate Your Soul,tr,2,9.5,2017-09-25,2019-10-02,false,684.0,[Documentary]
107075,Matter of Respect,tr,7,9.429,2014-11-23,2015-05-17,false,4.663,["Family,  Drama"]
219826,My Name is Farah,tr,7,9.3,2023-03-01,2023-09-27,true,111.486,["Crime,  Drama"]
139705,#Influential,tr,3,9.3,2021-11-28,2023-01-06,true,2.339,[Drama]
157438,Aşkın Yolculuğu: Hacı Bayram-ı Veli,tr,3,9.3,2022-02-11,2022-08-05,false,2.244,[Drama]
209475,The Hammer and the Rose: A Behzat Ç. Story,tr,5,9.2,2022-12-06,2023-01-24,true,3.121,["Action & Adventure,  Drama,  Crime"]
126416,Baş Belası,tr,4,9.2,2021-06-20,2021-08-29,false,3.45,[Drama]
49513,Azize,tr,9,9.1,2019-11-19,2020-02-08,false,8.115,[Drama]
80229,Don't Let Go of My Hand,tr,9,9.1,2018-07-22,2019-12-22,false,21.228,["Drama,  Family"]
48273,Yedi Numara,tr,22,9.0,2000-08-12,2003-02-19,false,11.713,["Comedy,  Drama"]
76835,Bandits,tr,13,9.0,2014-06-23,2015-03-23,false,8.795,["Crime,  Action & Adventure,  Comedy,  Drama"]
138171,Alparslan,tr,11,9.0,2021-11-08,2023-06-12,true,20.886,["Action & Adventure,  War & Politics"]
219446,Aile,tr,9,9.0,2023-03-07,2023-10-03,true,59.827,["Action & Adventure,  Crime,  Drama"]
219290,Kan Cicekleri,tr,4,9.0,2022-12-05,2023-06-19,true,11.771,[Drama]
96663,Baharı Beklerken,tr,3,9.0,2019-11-18,2020-11-16,false,20.374,["Drama,  Family,  Soap"]
224054,Gülcemal,tr,3,9.0,2023-04-06,2023-07-06,false,43.729,[Drama]
225970,Mevlânâ Celâleddîn-i Rûmî,tr,3,9.0,2023-05-07,2023-05-07,true,12.312,["Drama,  War & Politics,  Documentary"]
73986,Savaşçı,tr,2,9.0,2017-04-09,2021-04-10,false,1.892,["War & Politics,  Action & Adventure,  Drama"]
219447,Ego,tr,2,9.0,2023-01-05,2023-05-14,false,16.844,[Drama]
131898,Su Savaşları,tr,2,9.0,2018-10-02,2022-07-17,true,0.6,[Documentary]
197632,Çalıkuşu,tr,2,9.0,1986-04-20,1986-06-01,false,2.248,["Family,  Drama"]
94688,Dogadaki Insan,tr,2,9.0,2013-04-23,2013-07-23,true,0.6,[Documentary]
213974,Güzel Günler,tr,2,9.0,2022-11-06,2023-07-09,true,11.182,["Comedy,  Family"]
53820,Hayat Devam Ediyor,tr,2,9.0,2011-11-08,2013-01-20,false,38.431,["Family,  Drama"]
203751,Heykel Mi?,tr,1,9.0,2022-05-26,2022-06-09,true,0.6,[Documentary]
207353,Across Akustikhane,tr,1,9.0,,,true,1.96,["Documentary,  Reality"]
84835,Torn Apart,tr,1,9.0,2015-10-07,2016-03-11,false,3.277,["Drama,  Crime"]
51548,Böyle Bitmesin,tr,1,9.0,2012-09-21,2014-05-09,false,14.743,["Drama,  Family"]
208215,Mirgün Cabas ile Yeni Dünya,tr,1,9.0,2022-05-30,2023-03-24,true,0.6,["Talk,  Reality"]
207209,Synchronous,tr,1,9.0,2021-09-03,2021-10-08,false,1.16,[Sci-Fi & Fantasy]
211176,Çimen Show,tr,1,9.0,2020-10-20,2023-02-23,true,4.644,["Talk,  Comedy"]
210956,Mevzular Açık Mikrofon,tr,1,9.0,2022-08-04,2023-09-30,true,7.488,["Talk,  Reality"]
109535,İyi Günde Kötü Günde,tr,5,8.9,2020-09-12,2020-10-17,false,4.036,["Drama,  Comedy"]
210865,Golden Boy,tr,22,8.8,2022-09-23,2023-09-29,true,119.803,["Family,  Drama"]
125527,Twist of Fate,tr,17,8.8,2021-06-15,2021-10-12,false,11.936,["Comedy,  Drama"]
85545,The Circle,tr,11,8.8,2019-01-15,2019-05-28,false,9.086,["Action & Adventure,  Drama,  Crime"]
76661,Victorious Mehmets,tr,5,8.8,2018-01-18,2019-02-05,false,10.229,["Action & Adventure,  Drama"]
85969,Yeşil Deniz,tr,5,8.8,2014-10-24,2016-05-16,false,18.579,["Family,  Comedy,  Drama"]
69268,Acil Aşk Aranıyor,tr,4,8.8,2015-03-15,2016-02-07,false,3.13,[Comedy]
136506,Destan The Warrior Princess,tr,11,8.7,2021-11-23,2022-09-15,false,20.068,["Drama,  War & Politics"]
49489,Ihlamurlar Altinda,tr,6,8.7,2005-09-23,2008-02-08,false,27.979,[Drama]
125412,Errands,tr,13,8.692,2021-05-12,2023-03-05,true,4.38,["Action & Adventure,  Comedy"]
44761,Second Spring,tr,26,8.6,1998-10-29,2001-01-11,false,4.553,["Family,  Drama"]
83584,Crash,tr,14,8.6,2018-11-22,2019-05-30,false,18.453,["Action & Adventure,  Drama"]
48342,Yeditepe Istanbul,tr,11,8.6,2001-05-24,2002-06-24,false,2.083,["Drama,  Comedy"]
67144,Yunus Emre,tr,8,8.6,2015-06-18,2017-01-17,false,12.217,[Drama]
68848,Brave and Beautiful,tr,26,8.5,2016-11-10,2017-06-23,false,14.68,[Drama]
70788,Payitaht Abdulhamid,tr,19,8.5,2017-02-24,2021-06-04,false,110.483,["Action & Adventure,  Drama,  War & Politics"]
62630,Love Once Again,tr,13,8.5,2015-02-10,2016-06-14,false,19.676,["Comedy,  Drama"]
156000,Erkek Severse,tr,4,8.5,2022-01-20,2022-04-14,false,15.245,[Comedy]
84606,The Secrets of Life,tr,4,8.5,2017-11-01,2018-01-21,false,1.805,[Drama]
85544,Vuslat,tr,2,8.5,2019-01-07,2020-03-09,false,4.8,["Drama,  Mystery,  Family,  Crime"]
197764,Savaşın Efsaneleri,tr,2,8.5,2019-01-19,2021-10-07,true,1.067,["War & Politics,  Documentary"]
231254,Magarsus,tr,2,8.5,2023-08-10,2023-09-21,true,8.861,[Drama]
76500,Savaşçı,tr,2,8.5,2017-04-24,2021-05-22,true,41.57,[War & Politics]
113572,BOOM  By İbrahim Selim,tr,2,8.5,2020-11-20,2021-11-19,true,1.762,["Comedy,  Talk"]
228979,If You Love,tr,2,8.5,2023-07-06,2023-09-30,false,93.144,["Drama,  Comedy"]
120756,Acans,tr,2,8.5,2021-03-03,2021-05-05,true,1.357,["Family,  Comedy"]
128439,Aslı Gibidir,tr,2,8.5,2021-06-30,2021-06-30,true,0.6,[Documentary]
204553,Balkan Ninnisi,tr,2,8.5,2022-06-21,2023-01-05,false,6.199,["Family,  Comedy,  Drama"]
98063,Hayat Ağacı,tr,2,8.5,2014-09-18,2014-12-27,false,4.49,["Drama,  Family"]
115678,As If,tr,30,8.483,2021-01-01,2023-06-02,true,6.557,[Comedy]
68388,Inside,tr,28,8.4,2016-09-19,2017-06-19,false,12.343,["Action & Adventure,  Drama"]
42717,Super Dad,tr,17,8.4,1993-09-25,1996-11-01,false,15.924,["Family,  Comedy,  Drama"]
75050,Sıfır Bir,tr,16,8.4,2016-06-01,2019-06-12,false,9.484,["Action & Adventure,  Crime"]
93409,Love Makes Us Cry,tr,5,8.4,2019-09-08,2019-12-22,false,5.915,[Drama]
67643,Winter Sun,tr,5,8.4,2016-02-23,2016-06-21,false,4.929,[Drama]
67570,Love Doesn't Understand Words,tr,28,8.375,2016-06-15,2017-03-09,false,27.723,["Comedy,  Drama"]
32519,Ezel,tr,69,8.362,2009-09-28,2011-06-20,false,12.599,["Crime,  Drama,  Action & Adventure"]
113720,Sol Yanım,tr,6,8.333,2020-11-26,2021-02-18,false,20.785,[Drama]
68605,Hangimiz Sevmedik,tr,3,8.333,2016-07-15,2017-05-22,false,19.954,["Comedy,  Drama,  Family"]
226038,Son Gün,tr,3,8.333,2023-05-07,2023-05-07,true,859.0,[Drama]
68516,1 Woman 1 Man,tr,15,8.3,2008-10-02,2011-10-02,false,38.401,[Comedy]
132752,Barbaros,tr,13,8.3,2021-09-16,2022-05-26,false,6.299,["Drama,  War & Politics,  Action & Adventure"]
50691,Zaga,tr,3,8.3,1998-11-21,2004-11-19,true,645.0,["Talk,  Comedy"]
138440,500T,tr,3,8.3,2021-11-12,2021-12-17,true,0.75,["Family,  Reality"]
82621,One Liter Tear,tr,3,8.3,2018-10-07,2019-01-13,false,4.424,[Drama]
62947,The Seven Beautiful Men,tr,3,8.3,2014-04-19,2015-04-03,false,10.641,["Family,  Drama,  War & Politics"]
205593,Var Bunlar,tr,3,8.3,2022-07-21,2023-01-19,true,3.723,[Comedy]
126429,Arkadaşım Hoşgeldin,tr,12,8.25,2013-12-31,2015-01-24,false,1.949,[Comedy]
80411,Daydreamer,tr,70,8.243,2018-06-26,2019-08-06,false,84.383,["Drama,  Comedy"]
77994,Persona,tr,131,8.21,2018-03-17,2018-06-08,false,10.071,["Crime,  Drama,  Mystery"]
104877,Love Is In The Air,tr,2920,8.2,2020-07-08,2021-09-08,false,261.128,["Drama,  Comedy"]
48041,20 Minutes,tr,12,8.2,2013-01-01,2013-06-27,false,11.456,[Action & Adventure]
110655,The Great Seljuks,tr,10,8.2,2020-09-28,2021-05-24,false,39.823,["Drama,  Action & Adventure,  War & Politics"]
203572,The Beauty Inside,tr,10,8.2,2022-06-07,2023-10-02,false,29.303,["Comedy,  Drama"]
66088,Hayat Şarkısı,tr,5,8.2,2016-02-09,2017-05-23,false,15.18,["Family,  Drama"]
222533,This is the World,tr,4,8.2,2023-03-17,2023-05-05,true,2.045,["Comedy,  Action & Adventure"]
64535,Eşkıya Dünyaya Hükümdar Olmaz,tr,4,8.2,2015-09-08,2021-06-15,false,15.114,["Crime,  Action & Adventure,  Drama"]
62553,Kurt Seyit and Sura,tr,17,8.176,2014-04-04,2014-11-20,false,8.604,["Drama,  War & Politics"]
61516,Kardeş Payı,tr,46,8.174,2014-02-13,2015-04-30,false,6.412,["Family,  Drama,  Comedy"]
48535,Bir Demet Tiyatro,tr,23,8.174,1995-01-14,2006-11-28,false,10.412,["Comedy,  Family,  Talk"]
34899,Magnificent Century,tr,764,8.133,2011-01-06,2014-06-11,false,92.236,["Drama,  Action & Adventure"]
77026,Sen Anlat Karadeniz,tr,69,8.13,2018-01-24,2019-11-13,false,20.741,[Drama]
40417,Leyla and Mecnun,tr,89,8.1,2011-02-09,2023-03-17,false,64.105,["Family,  Comedy,  Drama,  Sci-Fi & Fantasy"]
73506,Full Moon,tr,32,8.1,2017-07-04,2017-12-31,false,24.826,["Comedy,  Drama"]
133490,Family Secrets,tr,21,8.1,2021-09-19,2023-10-01,true,59.516,["Crime,  Drama,  Family"]
66071,Sweet Revenge,tr,12,8.1,2016-03-26,2017-04-17,false,4.652,["Comedy,  Drama"]
50236,Black Rose,tr,7,8.1,2013-03-29,2016-06-17,false,23.429,[Drama]
60929,Black Money Love,tr,27,8.074,2014-03-12,2015-07-15,false,39.237,["Action & Adventure,  Drama,  Mystery"]
92967,Miracle Doctor,tr,915,8.063,2019-09-12,2021-05-27,false,160.531,[Drama]
44807,Fatmagul,tr,357,8.003,2010-09-16,2012-06-21,false,66.429,["Family,  Drama"]
76530,Price Of Passion,tr,162,8.0,2017-10-16,2018-05-28,false,60.103,["Drama,  Action & Adventure"]
95552,Aynen Aynen,tr,13,8.0,2019-08-01,2021-07-16,false,11.756,[Comedy]
73933,Our Story,tr,13,8.0,2017-09-14,2019-05-23,false,13.999,["Comedy,  Drama"]
127588,"Love, Logic, Revenge",tr,11,8.0,2021-06-18,2022-04-08,false,60.088,[Comedy]
31252,Asi,tr,11,8.0,2007-10-26,2009-06-19,false,17.872,["Family,  Drama"]
61963,Waiting For The Sun,tr,10,8.0,2013-07-02,2014-07-08,false,28.902,[Drama]
97852,Ramo,tr,9,8.0,2020-01-14,2021-04-16,false,25.295,[Drama]
48268,1 Man 1 Woman,tr,6,8.0,2012-01-05,2013-12-08,false,23.626,[Comedy]
88794,Kuzgun,tr,6,8.0,2019-02-13,2019-10-10,false,6.249,["Action & Adventure,  Drama"]
212799,Trap,tr,5,8.0,2022-10-19,2023-05-12,false,21.516,[Drama]
49567,Üsküdar'a Giderken,tr,5,8.0,2011-05-05,2011-07-28,false,1.4,["Family,  Comedy"]
225968,Green Sea: Millenium,tr,4,8.0,2023-05-07,2023-07-28,true,2.774,["Family,  Comedy,  Drama"]
53827,Galip Derviş,tr,4,8.0,2013-03-21,2014-12-28,false,14.367,["Comedy,  Crime,  Drama"]
111531,Island of Secrets,tr,4,8.0,2020-10-14,2020-11-04,false,4.408,[Drama]
49755,Olacak O Kadar,tr,3,8.0,1988-04-22,1988-04-22,false,3.975,[Comedy]
111685,An Anatolian Tale,tr,3,8.0,2020-10-17,2023-09-09,true,11.67,["Family,  Drama,  Comedy"]
85590,Güldür Güldür Show,tr,2,8.0,2013-02-27,2023-02-04,true,19.46,["Family,  Kids,  Reality,  Drama,  Comedy,  Talk"]
209144,Perfect Tenant,tr,2,8.0,2022-08-30,2022-10-04,false,9.328,["Drama,  Mystery"]
226056,Modern Doğu Masalları,tr,2,8.0,2023-05-07,2023-05-07,true,3.986,[Drama]
131535,"Kuruluş ""Osmancık""",tr,2,8.0,1988-01-10,1988-03-27,false,3.19,["War & Politics,  Action & Adventure"]
115683,Şeref Bey,tr,2,8.0,2021-01-01,2021-03-05,true,2.767,[Comedy]
49595,Yol Arkadaşım,tr,2,8.0,2008-05-12,2009-04-27,false,4.519,["Family,  Drama"]
49159,Kayıp Şehir,tr,2,8.0,2012-09-14,2013-03-08,false,3.65,["Family,  Drama"]
131906,İlk ve Son,tr,2,8.0,2021-08-25,2021-09-29,false,3.272,[Drama]
225966,Metamorfoz,tr,2,8.0,2023-05-07,2023-09-06,true,1.833,[Crime]
124125,Line That Separates Us,tr,2,8.0,2021-04-24,2021-05-15,true,849.0,["Drama,  Reality"]
48092,I Wish I Were A Cloud,tr,2,8.0,2009-05-25,2009-12-24,false,3.672,[Drama]
116212,Cadde Cadde İstanbul,tr,1,8.0,2021-01-01,2021-02-05,true,0.6,[Documentary]
210507,Türkiye'yi Sarsan Davalar,tr,1,8.0,2021-08-05,2022-09-02,true,0.6,[Documentary]
126024,İslam ve Kadın,tr,1,8.0,2021-05-07,2021-05-07,true,0.6,[Documentary]
204835,Gizemli Tarih,tr,1,8.0,2021-10-15,2021-12-17,true,0.6,[Documentary]
155684,GAIN Open Mic,tr,1,8.0,2022-01-14,2022-02-24,true,0.6,[Reality]
226028,1973 Biltmore Oteli Cinayeti,tr,1,8.0,2023-05-07,2023-07-19,true,1.616,[Crime]
226030,Tozkoparan İskender: Gölge,tr,1,8.0,2023-05-07,2023-05-07,true,6.026,["Kids,  Action & Adventure,  Family"]
54234,Mahallenin Muhtarları,tr,1,8.0,1992-10-05,2001-10-01,false,1.154,["Family,  Comedy"]
219769,Tarihin Efsaneleri,tr,1,8.0,2021-11-10,2021-12-29,true,1.795,["Documentary,  War & Politics"]
115706,Katarsis,tr,1,8.0,2021-01-01,2021-07-09,true,1.239,[Talk]
226039,Üniversdeli,tr,1,8.0,2023-05-07,2023-05-07,true,1.4,[Comedy]
219773,Doğu'nun Kayıp Silüetleri,tr,1,8.0,2019-10-03,2021-11-12,true,0.6,["Documentary,  Reality"]
115724,Akıl Oyunları,tr,1,8.0,2021-01-01,2021-02-26,true,0.6,[Reality]
222799,Kraliçe,tr,1,8.0,2023-03-22,2023-06-14,true,10.616,[Drama]
49537,Parmaklıklar Ardında,tr,1,8.0,2007-12-13,2010-06-24,false,9.374,["Drama,  Crime"]
203840,Hisseli Harikalar Kumpanyası,tr,1,8.0,1989-01-01,1989-01-22,false,1.28,[Comedy]
129729,Dadanizm,tr,1,8.0,2021-05-02,2021-07-26,true,0.6,["Documentary,  Reality"]
133005,Hayat Türküsü,tr,1,8.0,2006-01-21,2007-06-16,false,3.252,[Drama]
138607,Dertleşme,tr,1,8.0,2021-11-04,2021-11-04,true,0.6,[Documentary]
154465,Hayaller / Gerçekler,tr,1,8.0,2021-12-31,2021-12-31,true,0.6,[Documentary]
48296,Mavi Kelebekler,tr,1,8.0,2011-10-19,2012-04-11,false,7.616,["Drama,  War & Politics,  Family"]
135727,BKM Mutfak Stand-Up,tr,1,8.0,2021-10-05,2021-10-26,true,1.279,["Comedy,  Talk"]
216659,Aslan,tr,1,8.0,2021-11-05,2021-11-05,true,0.6,["Animation,  Family"]
126048,TuzBiber,tr,1,8.0,2020-12-31,2022-11-20,true,0.6,["Comedy,  Talk"]
231092,Safir,tr,1,8.0,2023-09-04,2023-10-02,true,15.713,[Drama]
218497,Survivor All Star - 2023,tr,1,8.0,2023-01-15,2023-01-16,true,1.049,[Action & Adventure]
49375,Ramazan Güzeldir,tr,1,8.0,2009-08-21,2009-08-21,false,1.998,["Comedy,  Family"]
201029,İki Dünya Arasında,tr,1,8.0,2012-07-02,2012-07-02,false,1.536,[Drama]
220174,Necati Başkadır,tr,1,8.0,2023-01-27,2023-02-03,true,1.053,["Family,  Comedy"]
213483,Küçük Hanımefendi,tr,1,8.0,2011-02-25,2012-02-17,false,2.065,[Drama]
153235,İşte Kadınlar,tr,1,8.0,2021-12-09,2022-01-06,true,0.6,[Documentary]
196593,Şaka Bi' Yana,tr,1,8.0,2022-04-01,2022-04-15,true,0.6,[Documentary]
155367,Duran,tr,1,8.0,2022-01-11,2022-03-01,true,2.01,[Drama]
49801,Mirasyediler,tr,1,8.0,,,false,1.169,[Comedy]
221244,Farewell Letter,tr,1,8.0,2023-02-27,2023-08-21,false,24.415,["Drama,  Family"]
48479,Küçük Ağa,tr,1,8.0,1984-03-25,1984-05-13,false,0.93,["Drama,  War & Politics"]
202839,Berlin Çekirdekçisi,tr,1,8.0,2022-05-16,2022-05-26,true,1.178,[Comedy]
233314,Another Love,tr,1,8.0,2023-09-11,2023-10-02,true,49.396,["Drama,  Crime"]
225134,Şeker Fareler,tr,1,8.0,2023-04-21,2023-04-21,true,0.6,["Animation,  Kids"]
130238,Suç Dosyası,tr,1,8.0,2019-06-01,2019-08-03,true,0.6,["Documentary,  Reality,  Mystery,  Action & Adventure"]
129232,Stand-Up Evreni,tr,1,8.0,2021-07-15,2021-10-07,true,1.283,["Talk,  Comedy"]
221735,Başım Belada,tr,1,8.0,2023-03-05,2023-04-02,true,1.561,["Family,  Action & Adventure"]
207126,Pazar Kılasiği,tr,1,8.0,2022-01-19,2022-01-19,true,0.65,["Documentary,  Family"]
222899,Yüz Yıllık Mucize,tr,1,8.0,2023-03-23,2023-06-29,false,5.011,[Drama]
214237,Esnaf,tr,1,8.0,2022-11-11,2022-12-02,true,1.4,["Documentary,  Reality"]
246471,Sığınak,tr,1,8.0,2023-03-17,2024-01-05,true,13.269,["Drama,  Family,  War & Politics"]
211497,Londra Lezzet Rehberi,tr,1,8.0,2022-08-26,2022-09-30,true,0.6,[Documentary]
133230,Pascal,tr,1,8.0,2021-09-10,2021-09-24,true,0.6,["Documentary,  Reality"]
114445,Erkan Can & Güven Kıraç ile,tr,1,8.0,2020-02-21,2022-02-09,true,0.84,[Documentary]
134047,Şarkılar Bizi Söyler,tr,1,8.0,2021-02-25,2023-06-23,true,1.8,[Talk]
49655,Bir Dilim Aşk,tr,1,8.0,2004-08-27,2004-12-24,false,2.361,[Comedy]
211881,Kukuli,tr,1,8.0,2022-09-23,2022-10-07,true,0.6,["Animation,  Family"]
122737,Electro Monolog,tr,1,8.0,2021-03-13,2021-05-15,true,0.6,["Comedy,  Talk"]
100553,Either Freedom or Death,tr,1,8.0,2020-03-17,2021-03-31,false,2.091,["War & Politics,  Drama"]
153860,Şokopop Portreler: Harika Avcı,tr,1,8.0,2021-12-17,2021-12-24,true,1.169,[Documentary]
124147,Şokopop,tr,1,8.0,2021-04-06,2021-06-08,true,0.6,["Documentary,  Talk"]
197635,Acımak,tr,1,8.0,1985-04-20,1985-06-01,false,921.0,["Family,  Drama"]
197682,Aliş ile Zeynep,tr,1,8.0,1985-04-20,1985-05-18,false,0.99,["Family,  Drama"]
111893,Yok Olmadan Keşfet,tr,1,8.0,2015-04-04,2020-12-26,true,0.6,[Documentary]
99800,Gecekondu,tr,1,8.0,2010-07-09,2011-01-28,false,3.985,[Comedy]
50543,Ateşten Günler,tr,1,8.0,1987-02-05,1987-02-26,false,1.468,["Drama,  War & Politics"]
196949,Kuruntu Ailesi,tr,1,8.0,1985-11-21,1990-12-22,false,18.739,["Family,  Comedy"]
210790,Çok Akustik,tr,1,8.0,2020-06-07,2022-08-26,true,0.6,[Reality]
156535,Özgürlük Kaç m²?,tr,1,8.0,2021-12-09,2022-01-13,true,0.6,[Documentary]
240793,1 kezban 1 mahmut,tr,1,8.0,2013-01-09,2013-05-22,false,0.0,[Comedy]
128189,Deli Dolu Masa,tr,1,8.0,2021-06-24,2021-07-15,true,0.6,[Reality]
87119,Nöbet,tr,1,8.0,2019-03-03,2019-03-03,true,1.515,["Action & Adventure,  Drama,  War & Politics"]
201696,Şokopop Portreler - Duygu Asena,tr,1,8.0,2022-05-09,2022-05-09,true,0.6,[Reality]
100897,Love 101,tr,154,7.974,2020-04-24,2021-09-30,false,14.518,["Comedy,  Drama"]
95603,Kuruluş Osman,tr,262,7.954,2019-11-20,2023-06-14,true,115.893,["War & Politics,  Action & Adventure,  Drama"]
110562,A Woman Scorned,tr,141,7.947,2020-10-07,2022-05-25,false,133.245,[Drama]
100868,Legacy,tr,60,7.933,2020-09-07,2023-10-02,true,41.674,["Drama,  Family,  Soap"]
39176,Behzat Ç.: An Ankara Policeman,tr,57,7.9,2010-09-19,2019-09-19,false,26.456,["Drama,  War & Politics,  Action & Adventure"]
48749,Ekmek Teknesi,tr,14,7.9,2002-11-16,2002-11-16,false,14.2,["Family,  Comedy,  Drama"]
49003,Liberation,tr,14,7.9,1994-03-22,1994-03-22,false,2.237,["Documentary,  War & Politics"]
126248,Wounded Heart,tr,10,7.9,2021-06-28,2022-02-21,false,24.962,[Drama]
97482,Tutunamayanlar,tr,10,7.9,2020-01-07,2020-06-02,false,2.586,[Comedy]
83028,Heartbeat,tr,9,7.9,2017-06-30,2018-01-28,false,19.082,["Drama,  Comedy,  Action & Adventure"]
209032,Terim,tr,9,7.9,2022-09-15,2022-09-15,true,1.126,[Documentary]
74823,The Pit,tr,57,7.895,2017-10-23,2021-06-07,false,64.419,["Crime,  Action & Adventure,  Drama"]
82369,My Little Girl,tr,210,7.843,2018-09-19,2019-08-23,false,34.374,[Drama]
69786,Innocent,tr,64,7.8,2017-01-27,2017-02-17,false,11.408,["Crime,  Drama,  Mystery"]
69459,Wounded Love,tr,62,7.8,2016-11-01,2018-06-07,false,22.307,["Drama,  War & Politics"]
119267,Kardeslerim,tr,23,7.8,2021-02-20,2023-09-30,true,102.818,[Drama]
52508,Sidika,tr,12,7.8,1997-02-24,2003-08-07,false,13.882,["Family,  Comedy"]
65556,Lovebird,tr,10,7.8,2013-09-24,2014-05-18,false,10.549,["Family,  Drama,  Romance"]
137713,Üç Kuruş,tr,10,7.8,2021-11-01,2022-07-04,true,4.231,["Action & Adventure,  Drama,  Crime"]
126255,Island Tale,tr,9,7.8,2021-06-15,2021-12-11,false,19.173,["Drama,  Comedy"]
69246,Orphan Flowers,tr,9,7.8,2015-06-29,2018-03-12,false,22.658,[Drama]
50532,Yeni Hayat,tr,8,7.8,2020-09-03,2020-10-29,false,16.928,[Drama]
111980,The Trusted,tr,8,7.8,2021-01-11,2021-07-12,false,15.709,["Drama,  Action & Adventure"]
80164,Kalbimin Sultani,tr,5,7.8,2018-06-13,2018-08-06,false,4.531,[Comedy]
156416,Yalnız Kurt,tr,4,7.8,2022-01-28,2022-12-16,true,3.856,["Drama,  Action & Adventure"]
65555,Endless Love,tr,648,7.785,2015-10-14,2017-06-07,false,63.325,[Drama]
87623,Hercai,tr,708,7.77,2019-03-15,2021-04-25,false,63.341,[Drama]
112745,Ethos,tr,98,7.76,2020-11-12,2020-11-12,false,9.49,["Drama,  Mystery"]
65163,Poyraz Karayel,tr,24,7.708,2015-01-07,2017-03-01,false,24.668,["Drama,  Action & Adventure"]
60930,Magnificent Century: Kösem,tr,349,7.7,2015-11-12,2017-06-27,false,62.784,[Drama]
82328,Bitter Lands,tr,184,7.7,2018-09-13,2022-06-02,false,97.834,[Drama]
66017,Resurrection: Ertugrul,tr,107,7.7,2014-12-11,2019-05-22,false,41.938,["War & Politics,  Action & Adventure,  Drama"]
64164,Sun's Daughters,tr,74,7.7,2015-06-18,2016-03-19,false,22.952,["Family,  Drama"]
59,The European Side,tr,45,7.7,2004-02-11,2009-06-24,false,16.137,["Family,  Comedy"]
87175,A Love Story,tr,6,7.7,2013-03-26,2013-11-25,false,8.744,[Drama]
34958,Lady's Farm,tr,3,7.7,2009-09-04,2011-06-17,false,22.806,["Family,  Drama"]
91063,Pavilion,tr,3,7.7,2019-07-12,2021-07-16,false,779.0,[Documentary]
78759,Seviyor Sevmiyor,tr,3,7.7,2016-06-27,2017-05-20,false,11.645,["Comedy,  Drama"]
120131,Tozkoparan: İskender,tr,3,7.667,2021-01-03,2022-03-27,true,40.307,["Family,  Action & Adventure"]
226032,Hay Sultan,tr,3,7.667,2023-05-07,2023-05-07,true,8.255,["Drama,  War & Politics"]
105052,Mr. Wrong,tr,19,7.632,2020-06-26,2020-10-02,false,25.998,[Comedy]
76560,Mrs. Fazilet and Her Daughters,tr,31,7.6,2017-03-25,2018-06-02,false,28.72,["Drama,  Family"]
49340,Sweet Life,tr,27,7.6,2001-11-01,2005-04-14,false,11.703,["Comedy,  Family"]
99815,Aleph,tr,24,7.6,2020-04-10,2022-04-21,true,4.522,["Crime,  Drama,  Mystery,  Action & Adventure"]
49546,Our People,tr,14,7.6,1989-01-07,2002-10-27,false,17.816,["Comedy,  Drama"]
49608,A Mother's Love,tr,12,7.6,2022-02-14,2023-06-13,true,44.127,["Drama,  Soap"]
118888,Wolf 2039,tr,10,7.6,2021-12-28,2022-03-10,true,22.455,["Action & Adventure,  Sci-Fi & Fantasy"]
63030,Filinta: An Ottoman Policeman,tr,10,7.6,2014-12-23,2016-04-22,false,24.828,["Crime,  Action & Adventure"]
122186,Doğu,tr,10,7.6,2021-03-31,2023-05-23,true,1.246,["Drama,  Comedy"]
119806,The Shadow Team,tr,10,7.6,2021-03-07,2023-06-25,true,35.6,["Drama,  Action & Adventure,  Crime"]
49527,The Rose and the Thorn,tr,8,7.6,2004-09-03,2005-07-01,false,21.876,[Drama]
115601,The Void,tr,5,7.6,2021-01-01,2021-03-12,true,3.936,["Crime,  Drama"]
49234,Beşik Kertmesi,tr,5,7.6,2002-01-01,2002-05-07,false,6.398,["Comedy,  Drama"]
117829,Innocence,tr,5,7.6,2021-02-24,2021-05-24,false,12.607,["Drama,  Crime"]
202736,Kıyma,tr,7,7.571,2022-05-24,2023-08-03,true,4.311,["Action & Adventure,  Crime"]
63858,Kaçak,tr,7,7.571,2013-09-24,2015-02-03,false,22.654,["Action & Adventure,  Comedy,  Drama"]
77532,Woman,tr,391,7.57,2017-10-24,2020-06-29,false,19.466,[Drama]
71036,Fi,tr,33,7.545,2017-03-31,2018-03-09,false,9.321,[Drama]
96348,The Gift,tr,159,7.5,2019-12-27,2021-06-17,false,17.428,["Mystery,  Drama,  Sci-Fi & Fantasy"]
48162,İşler Güçler,tr,50,7.5,2012-06-28,2012-06-28,false,6.803,[Comedy]
78058,The Yard,tr,48,7.5,2018-03-29,2019-05-30,false,21.594,["Crime,  Drama"]
47745,Karadayi,tr,24,7.5,2012-10-08,2015-06-15,false,25.001,["Family,  Action & Adventure,  Drama,  Crime"]
88024,Zalim İstanbul,tr,11,7.5,2019-04-01,2020-06-22,false,49.446,["Drama,  Family"]
115464,Son Yaz,tr,11,7.5,2021-01-01,2021-10-16,false,16.471,["Drama,  Crime"]
109905,The Innocents,tr,8,7.5,2020-09-15,2022-05-24,false,18.873,["Drama,  Family"]
93216,Kuzey Yıldızı: İlk Aşk,tr,6,7.5,2019-09-14,2021-05-15,false,16.832,[Drama]
215275,Çöp Adam,tr,5,7.5,2022-11-30,2023-09-27,true,31.993,[Drama]
211144,Bir Peri Masalı,tr,4,7.5,2022-09-28,2022-12-27,false,4.23,[Drama]
122632,Method,tr,4,7.5,2021-04-07,2021-04-07,false,1.134,["Mystery,  Drama"]
226054,Şebeke,tr,3,7.5,2023-05-07,2023-05-07,true,2.034,["Drama,  Action & Adventure"]
115819,Ele Güne Karşı,tr,2,7.5,2020-12-29,2021-01-29,false,0.6,[Documentary]
75472,Swallow Storm,tr,2,7.5,2017-03-06,2017-04-17,false,8.365,["Family,  Drama"]
48721,Çapkın,tr,2,7.5,2005-01-01,2005-04-23,false,2.46,[Comedy]
125080,Oğuzhan Uğur'la Dün Dündür,tr,2,7.5,2021-05-07,2021-10-08,true,0.6,["Documentary,  Reality"]
248842,Aziz Mahmud Hüdayi: Aşkın Yolculuğu,tr,2,7.5,2024-03-11,2024-04-04,true,81.555,[Drama]
245238,Yarın Yokmuş Gibi,tr,2,7.5,2024-02-14,2024-02-14,true,10.097,["Mystery,  Drama"]
51586,Unutulmaz,tr,2,7.5,2009-07-01,2010-10-13,false,2.233,[Drama]
48746,Aşka Sürgün,tr,2,7.5,2005-03-07,2006-06-05,false,6.126,["Family,  Drama"]
125645,Beyaz Yaka,tr,2,7.5,2021-04-02,2021-04-02,true,1.17,[Documentary]
76528,İsimsizler,tr,2,7.5,2017-03-27,2017-12-16,false,2.741,[War & Politics]
79913,Kocaman Ailem,tr,2,7.5,2018-05-31,2018-07-26,false,2.394,["Comedy,  Drama,  Family"]
82941,Aglama Anne,tr,2,7.5,2018-10-07,2018-12-30,false,9.08,["Drama,  Family"]
50529,Kaybolan Yıllar,tr,2,7.5,2006-04-15,2007-06-21,false,12.545,["Drama,  Action & Adventure,  Crime"]
158427,Son Nefesime Kadar,tr,2,7.5,2022-02-23,2022-04-27,true,2.797,["Drama,  Crime"]
126537,Tolgshow Filtresiz,tr,2,7.5,2021-01-22,2021-06-04,true,2.911,["Talk,  Comedy"]
115970,50M²,tr,115,7.448,2021-01-27,2021-01-27,false,9.99,["Crime,  Mystery"]
53677,Merhamet,tr,41,7.4,2013-02-13,2014-02-12,false,11.656,[Drama]
206180,Another Self,tr,30,7.4,2022-07-28,2022-07-28,false,10.597,[Drama]
68569,Mother,tr,25,7.4,2016-10-25,2017-06-20,false,23.124,["Family,  Drama"]
69322,Çilek Kokusu,tr,17,7.4,2015-06-24,2015-11-27,false,23.595,[Comedy]
97296,Zemheri,tr,12,7.4,2020-01-15,2020-08-26,false,20.159,[Drama]
49767,Gönülçelen,tr,9,7.4,2010-02-26,2011-06-24,false,13.101,[Drama]
244842,A Round of Applause,tr,8,7.4,2024-02-29,2024-02-29,false,47.465,["Drama,  Comedy"]
73766,İnadına Aşk,tr,7,7.4,2015-07-02,2016-02-04,false,6.345,[Comedy]
96481,Rise of Empires: Ottoman,tr,264,7.394,2020-01-24,2022-12-29,false,27.926,["Documentary,  War & Politics,  Action & Adventure"]
70798,Istanbullu Gelin,tr,205,7.39,2017-03-03,2019-05-31,false,45.908,[Drama]
69754,Şubat,tr,8,7.375,2012-09-14,2013-04-19,false,7.24,["Drama,  Mystery,  Crime,  Action & Adventure"]
42099,Kuzey Güney,tr,36,7.347,2011-09-07,2013-06-26,false,26.184,["Action & Adventure,  Drama"]
65625,Kanıt,tr,6,7.333,2010-07-08,2013-02-03,false,10.625,["Crime,  Mystery"]
76579,TOLGSHOW,tr,6,7.333,2018-01-01,2018-09-21,false,1.469,["Comedy,  Talk"]
216199,Sipahi,tr,3,7.333,2022-12-12,2023-01-30,false,1.918,["Action & Adventure,  Drama"]
214078,Shahmaran,tr,50,7.31,2023-01-20,2023-01-20,false,12.707,["Drama,  Sci-Fi & Fantasy,  Mystery,  Action & Adventure"]
96305,The Ambassador's Daughter,tr,26,7.3,2019-12-16,2021-05-11,false,19.444,[Drama]
71096,Söz,tr,18,7.3,2017-04-03,2019-05-27,false,31.657,["War & Politics,  Drama,  Action & Adventure"]
90271,Benim Tatlı Yalanım,tr,6,7.3,2019-06-13,2020-08-20,false,5.693,[Comedy]
50494,Running in the Dark,tr,3,7.3,2001-09-08,2001-11-10,false,1.152,["Crime,  Drama,  Mystery"]
42875,Elveda Rumeli,tr,3,7.3,2007-09-20,2009-10-12,false,20.004,["War & Politics,  Family,  Drama,  Comedy"]
54041,Gülşen Abi,tr,3,7.3,1994-01-01,1995-03-11,false,7.475,[Comedy]
5362,Kınalı Kar,tr,3,7.3,2002-09-21,2004-12-25,false,3.369,["Drama,  Family"]
107415,Aile Şirketi,tr,3,7.3,2020-08-06,2021-10-07,false,2.331,[Comedy]
117343,Bonkis,tr,3,7.3,2021-01-22,2022-01-18,true,1.994,["Drama,  Comedy"]
79026,The Protector,tr,395,7.285,2018-12-14,2020-07-09,false,23.735,["Action & Adventure,  Sci-Fi & Fantasy"]
32915,Akasya Durağı,tr,27,7.259,2008-07-14,2011-09-29,false,16.688,["Comedy,  Family"]
96342,Hekimoğlu,tr,4,7.25,2019-12-17,2021-05-25,false,16.025,["Drama,  Comedy"]
44878,Suskunlar,tr,13,7.231,2012-03-02,2012-12-03,false,2.462,["Action & Adventure,  Drama"]
63549,Love for Rent,tr,55,7.2,2015-06-19,2017-01-20,false,42.262,[Comedy]
83292,I am Bartu,tr,13,7.2,2018-10-19,2018-11-09,false,2.275,["Comedy,  Drama"]
204255,Graveyard,tr,12,7.2,2022-06-17,2022-06-17,true,4.026,["Crime,  Drama,  Mystery"]
87504,İlişki Durumu: Karışık,tr,6,7.2,2015-06-10,2016-10-22,false,3.641,["Comedy,  Drama"]
123725,Yeşilçam,tr,6,7.2,2021-04-22,2021-12-10,true,3.777,[Drama]
43577,Acayip Hikayeler,tr,6,7.2,2012-04-13,2012-06-24,false,2.535,["Mystery,  Sci-Fi & Fantasy"]
153515,Mahkum,tr,6,7.2,2021-12-14,2022-10-27,false,11.913,["Family,  Crime,  Drama"]
70926,Gumus,tr,6,7.2,2005-01-20,2007-05-26,false,44.144,["Drama,  Family"]
49855,Yalancı Yarim,tr,5,7.2,2006-07-21,2006-07-21,false,14.851,[Comedy]
80387,Darısı Başımıza,tr,4,7.2,2018-07-04,2018-08-01,false,2.129,[Comedy]
228853,Prens,tr,4,7.2,2023-06-16,2023-06-16,true,2.618,[Comedy]
50733,Keskin Bıçak,tr,2,7.2,2010-08-05,2010-09-23,false,3.213,["Drama,  Action & Adventure"]
78629,Bir Mucize Olsun,tr,2,7.2,2018-04-07,2018-04-21,false,2.724,[Drama]
158809,Wild Abandon,tr,22,7.196,2022-03-30,2022-03-30,false,3.837,["Drama,  Comedy"]
32090,Geniş Aile,tr,16,7.188,2009-07-08,2011-11-04,false,22.924,["Comedy,  Family"]
77551,Tales of Innocence,tr,38,7.158,2018-03-01,2018-03-01,false,5.474,[Drama]
123138,Fatma,tr,70,7.152,2021-04-27,2021-04-27,false,5.463,["Crime,  Drama"]
34587,Valley of the Wolves,tr,46,7.152,2003-01-15,2005-12-29,false,17.531,["Action & Adventure,  Drama,  War & Politics,  Reality"]
157219,Midnight at the Pera Palace,tr,30,7.138,2022-03-03,2022-03-03,true,6.215,["Drama,  Mystery,  Crime"]
70583,Asla Vazgeçmem,tr,96,7.1,2015-02-12,2016-10-06,false,34.868,[Drama]
101385,Wounded Birds,tr,60,7.1,2019-04-01,2019-12-03,false,47.781,[Drama]
62497,Just Be Happy,tr,16,7.1,2015-04-12,2015-05-24,false,1.246,["Family,  Comedy"]
49422,Crazy Heart,tr,15,7.1,1999-01-01,2002-06-17,false,25.102,["Drama,  Action & Adventure"]
205588,Hear Me,tr,14,7.1,2022-07-07,2022-11-17,true,9.853,[Drama]
95405,The Republic,tr,7,7.1,1998-10-30,1998-10-30,false,1.921,["Drama,  War & Politics"]
50666,Seksenler,tr,11,7.091,2012-01-24,2021-10-11,false,39.23,["Family,  Comedy,  Drama"]
219064,Who Were We Running From?,tr,33,7.03,2023-03-24,2023-03-24,true,8.045,["Crime,  Mystery,  Drama"]
202010,As the Crow Flies,tr,45,7.022,2022-06-03,2022-06-03,true,7.362,[Drama]
75365,Wolf,tr,163,7.0,2018-02-28,2018-04-11,false,20.627,["Action & Adventure,  Reality,  War & Politics"]
214079,The Tailor,tr,53,7.0,2023-05-02,2023-07-28,true,31.148,["Drama,  Mystery"]
69238,Broken Pieces,tr,11,7.0,2014-12-01,2017-03-27,false,32.939,["Action & Adventure,  Comedy,  Drama,  Family"]
78203,Mehmed: The Conqueror,tr,6,7.0,2018-03-20,2018-05-02,false,15.273,["Drama,  Reality,  War & Politics"]
115597,10 Bin Adım,tr,6,7.0,2020-12-30,2022-01-30,true,3.669,["Comedy,  Drama"]
72893,Firefly,tr,6,7.0,2017-06-29,2017-10-19,false,11.407,["Comedy,  Drama"]
66499,What Happens to My Family,tr,5,7.0,2015-08-02,2017-04-02,false,14.498,["Comedy,  Drama,  Family"]
48727,My Dear Family,tr,5,7.0,2008-11-18,2010-05-18,false,16.258,["Family,  Comedy"]
92630,I'll Give You A Secret,tr,4,7.0,2013-07-05,2013-11-29,false,9.906,["Drama,  Mystery"]
49887,Dila Hanım,tr,4,7.0,2012-09-14,2014-04-25,false,15.022,[Drama]
63031,Milat,tr,3,7.0,2015-04-03,2015-06-12,false,795.0,["Action & Adventure,  War & Politics"]
46645,Pepee,tr,3,7.0,2008-06-06,2015-01-21,false,1.204,["Animation,  Kids,  Family"]
210348,We're Just Friends,tr,3,7.0,2022-09-16,2023-01-05,true,3.521,[Comedy]
225965,Kızılelma: Bir Fetih Öyküsü,tr,3,7.0,2023-05-07,2023-05-07,true,3.344,["Drama,  War & Politics"]
205204,Oh Where,tr,3,7.0,2022-07-01,2022-08-19,false,7.793,[Comedy]
117298,Cille,tr,3,7.0,2011-01-01,2019-10-16,false,1.438,["Animation,  Family,  Kids,  Action & Adventure,  Comedy"]
52558,Bir Çocuk Sevdim,tr,2,7.0,2011-09-09,2012-06-01,false,5.029,["Family,  Drama"]
76276,1 Man 1 Woman 2 Children,tr,2,7.0,2013-12-08,2015-04-08,false,4.053,["Family,  Comedy"]
136718,Hamlet,tr,2,7.0,2021-10-19,2021-10-19,false,1.855,["Drama,  Crime"]
49558,Kuzenlerim,tr,2,7.0,2002-01-01,2002-02-19,false,1.4,["Comedy,  Family"]
69258,Acı Aşk,tr,2,7.0,2015-12-20,2016-03-13,false,2.959,[Drama]
128085,Adım Başı Kafe,tr,2,7.0,2021-06-25,2021-08-27,true,1.026,[Comedy]
96990,Saygılar Bizden,tr,2,7.0,1992-09-19,1992-12-12,false,1.004,["Comedy,  Drama"]
138418,Misafir,tr,2,7.0,2021-11-11,2021-12-09,true,2.29,["Family,  Drama"]
115708,@EnisArıkan,tr,2,7.0,2021-01-01,2021-06-25,true,1.185,["Comedy,  Talk"]
71402,Star of the Shepherd,tr,2,7.0,2017-03-01,2017-06-21,false,1.969,[Drama]
111839,Emanet,tr,2,7.0,2014-09-02,2014-11-25,false,3.795,[Drama]
201694,Aslında Özgürsün,tr,2,7.0,2022-05-09,2022-06-27,true,2.672,[Drama]
200761,Gülümse Kaderine,tr,2,7.0,2022-04-27,2022-05-25,false,2.12,["Family,  Drama"]
49606,Bizim Evin Halleri,tr,2,7.0,2000-02-14,2008-09-01,false,1.31,["Comedy,  Drama,  Family,  Soap"]
217392,Patron Kim,tr,1,7.0,2003-01-01,2003-07-09,false,2.356,["Comedy,  Family"]
194867,Hiç Bilmiyordum,tr,1,7.0,2021-02-12,2022-11-10,true,0.6,[Documentary]
54652,32nd Day,tr,1,7.0,1985-10-01,2016-09-02,true,6.096,["Documentary,  News"]
194997,Aynalı Tahir,tr,1,7.0,1998-01-03,2001-11-17,false,4.439,["Family,  Drama"]
156621,Annem,tr,1,7.0,2007-09-06,2010-03-19,false,5.467,["Drama,  Family"]
198016,6 Mantı,tr,1,7.0,2012-11-04,2013-07-12,false,3.102,["Comedy,  Family"]
137320,Saklı,tr,1,7.0,2021-11-23,2021-11-23,false,1.799,[Drama]
226035,Eyvah Ramazan Bey,tr,1,7.0,2023-05-07,2023-05-07,true,1.564,[Comedy]
115727,Astrolojik Şifreler,tr,1,7.0,2021-01-01,2021-02-20,true,675.0,[Talk]
204509,Memet in the Kitchen,tr,1,7.0,2016-09-26,2022-06-18,true,1.512,["Talk,  Reality"]
207945,Yağmur Zamanı,tr,1,7.0,2004-12-15,2005-06-22,false,2.505,[Drama]
226053,Akif,tr,1,7.0,2023-05-07,2023-05-07,true,1.612,[Drama]
212796,Life Today,tr,1,7.0,2022-10-19,2022-12-07,false,3.056,[Drama]
49778,Doludizgin Yıllar,tr,1,7.0,2008-08-06,2009-10-19,false,0.6,[Drama]
98102,Evlat Kokusu,tr,1,7.0,2017-03-07,2017-05-02,false,2.925,[Drama]
116409,2008 Milli Takım Hikayesi,tr,1,7.0,2021-01-01,2021-01-24,true,691.0,[Documentary]
133020,The Liar,tr,1,7.0,2021-09-17,2021-11-23,false,5.414,[Drama]
195368,Nasıl Fenomen Oldum,tr,1,7.0,2022-03-17,2022-04-21,true,1.003,[Comedy]
51137,Canım Babam,tr,1,7.0,2011-05-26,2011-08-04,false,1.596,["Family,  Comedy"]
248557,Next Room,tr,1,7.0,2024-03-09,2024-03-30,false,27.902,["Drama,  Family"]
122630,Synchronous,tr,1,7.0,2021-04-07,2021-04-07,false,2.446,[Sci-Fi & Fantasy]
48729,İbret-i Ailem,tr,1,7.0,2012-06-27,2012-08-26,false,1.552,["Family,  Comedy"]
204164,My Name's Gultepe,tr,1,7.0,2014-09-03,2014-11-03,false,984.0,[Drama]
48726,Senden Başka,tr,1,7.0,2007-07-18,2007-11-21,false,2.769,["Comedy,  Drama"]
49333,Zirvedekiler,tr,1,7.0,1993-01-01,1993-01-01,false,1.291,["Drama,  Family"]
196884,The Judge,tr,1,7.0,2022-04-04,2022-06-13,false,1.455,[Drama]
49891,Gönül,tr,1,7.0,2006-02-13,2006-03-27,false,872.0,["Comedy,  Drama,  Family"]
198065,Ankara Apartmanları,tr,1,7.0,2022-04-20,2022-05-11,true,907.0,[Documentary]
49000,Sıcak Saatler,tr,1,7.0,1997-09-15,2000-06-05,false,13.753,["Action & Adventure,  Drama"]
50489,Hayatımın Rolü,tr,1,7.0,2012-07-09,2012-11-12,false,1.048,["Family,  Drama,  Comedy"]
204971,Yılanların Öcü,tr,1,7.0,2014-08-27,2015-10-21,false,1.449,[Drama]
48461,Mühürlü Güller,tr,1,7.0,2003-01-09,2003-01-09,false,3.242,[Drama]
234669,Sarmaşık Zamanı,tr,1,7.0,2023-09-21,2023-09-28,true,19.971,[Drama]
49176,Canımın İçi,tr,1,7.0,2012-04-23,2013-04-01,false,1.583,["Family,  Comedy"]
48532,Sen Harikasın,tr,1,7.0,2008-09-29,2008-09-29,false,913.0,[Comedy]
134840,Kanunsuz Topraklar,tr,1,7.0,2021-09-29,2022-01-12,false,1.756,[Drama]
98809,Yeter,tr,1,7.0,2015-12-31,2016-12-22,false,7.616,[Drama]
118395,Grj Dans,tr,1,7.0,2021-02-05,2021-02-26,true,0.6,[Talk]
128544,Colorful Dreams Hotel,tr,1,7.0,2021-07-02,2021-07-02,false,685.0,[Reality]
134213,Orta! Kafa! Aşk!,tr,1,7.0,2021-09-20,2022-04-27,true,1.009,["Comedy,  Family"]
211495,Hafıza Durakları,tr,1,7.0,2022-09-09,2022-12-02,true,0.6,[Documentary]
77691,Kalk Gidelim,tr,1,7.0,2017-11-18,2022-01-29,false,15.739,["Comedy,  Family"]
49624,Güz Yangını,tr,1,7.0,2005-10-10,2006-01-02,false,938.0,["Family,  Drama"]
49601,Elveda Derken,tr,1,7.0,2007-03-21,2008-06-17,false,5.113,["Drama,  Family"]
42732,Hırsız Polis,tr,1,7.0,2005-10-26,2007-03-15,false,15.533,["Crime,  Drama"]
138464,Orda Rahat Mısın?,tr,1,7.0,2021-11-05,2021-11-12,true,0.6,[Reality]
218174,Ünlü Var Mı?,tr,1,7.0,2023-01-01,2023-01-22,true,0.6,[Documentary]
135960,Şamanın Yolunda,tr,1,7.0,2021-10-08,2021-10-08,true,0.6,[Documentary]
71059,The Forbidden Love,tr,1,7.0,1975-04-19,1975-05-17,false,2.848,[Drama]
197681,Hanımın Çiftliği,tr,1,7.0,1989-01-01,1989-02-19,false,1.404,["Family,  Drama"]
79131,Ver Elini Aşk,tr,1,7.0,2017-09-08,2017-11-17,false,2.691,["Comedy,  Drama"]
49903,Umut Yolcuları,tr,1,7.0,2010-08-20,2010-11-12,false,1.34,["Drama,  Crime,  Action & Adventure"]
195907,Evde Yap,tr,1,7.0,2021-11-04,2022-01-20,true,0.6,[Reality]
137455,Yazgı,tr,1,7.0,2021-10-28,2021-12-02,true,714.0,[Documentary]
79943,Sır Dosyası,tr,1,7.0,1999-01-01,1999-01-01,false,0.6,[Mystery]
50766,Zeliha'nın Gözleri,tr,1,7.0,2007-07-30,2007-09-24,false,0.6,["Drama,  Crime,  Sci-Fi & Fantasy"]
65116,Büyük Sürgün Kafkasya,tr,1,7.0,2015-12-15,2016-01-05,false,2.225,[Drama]
51471,Mazi Kalbimde Yaradır,tr,1,7.0,2011-02-17,2011-11-26,false,2.322,["Drama,  Family"]
229585,Iyilik,tr,1,7.0,2023-07-03,2023-10-03,true,1125.548,[Drama]
66047,Vanished 46,tr,19,6.947,2016-03-27,2016-06-24,false,2.799,["Mystery,  Sci-Fi & Fantasy,  Drama,  Action & Adventure"]
197679,The Life and Movies of Erşan Kuneri,tr,40,6.938,2022-05-13,2022-05-13,true,9.296,[Comedy]
136125,The Club,tr,48,6.917,2021-11-05,2023-09-15,true,31.581,[Drama]
66154,Ben de Özledim,tr,17,6.9,2013-10-25,2014-01-29,false,1.923,["Comedy,  Sci-Fi & Fantasy"]
96775,My Home My Destiny,tr,15,6.9,2019-12-26,2021-05-12,false,48.108,[Drama]
103357,Unfinished Love Circle,tr,9,6.9,2020-09-10,2020-10-29,false,5.489,["Drama,  Comedy,  Mystery"]
74457,7 Faces,tr,7,6.9,2017-09-22,2017-11-03,false,2.325,["Drama,  Mystery"]
49503,The End,tr,7,6.9,2012-01-09,2012-06-25,false,4.91,["Drama,  Mystery"]
69535,Heart of the City,tr,7,6.857,2017-01-12,2018-02-22,false,21.525,[Drama]
195930,Yakamoz S-245,tr,55,6.827,2022-04-20,2022-04-20,true,7.199,[Sci-Fi & Fantasy]
17635,Forbidden Love,tr,37,6.8,2008-09-04,2010-06-26,false,47.391,["Family,  Drama"]
104690,Naked,tr,28,6.8,2020-06-11,2021-06-30,false,11.417,[Drama]
50012,Kaygısızlar,tr,13,6.8,1994-10-18,1998-06-08,false,10.745,["Comedy,  Family"]
209793,Man on Pause,tr,12,6.8,2022-10-07,2022-10-07,false,2.491,["Family,  Comedy,  Drama"]
84575,Steppe,tr,10,6.8,2018-11-30,2023-04-06,true,4.652,["Crime,  Drama,  Mystery"]
49347,Elif,tr,8,6.8,2014-09-15,2019-02-01,false,51.061,["Drama,  Family,  Soap"]
71747,Visible Man,tr,8,6.8,2017-05-15,2017-07-06,false,1.771,["Comedy,  Sci-Fi & Fantasy"]
80331,Meleklerin Aşkı,tr,5,6.8,2018-07-05,2018-09-20,false,1.185,["Drama,  Comedy"]
75360,Klavye Delikanlıları,tr,4,6.8,2017-10-03,2017-11-21,false,2.153,["Action & Adventure,  Comedy"]
94935,Sevgili Geçmiş,tr,3,6.8,2019-10-25,2019-12-13,false,2.77,[Drama]
39892,Time Goes By,tr,24,6.783,2010-09-14,2013-06-17,false,65.323,["Drama,  Family"]
89172,The Cheat,tr,9,6.778,2017-12-08,2020-01-20,false,1.949,["Sci-Fi & Fantasy,  Mystery,  Crime"]
129953,İkimizin Sırrı,tr,2,6.75,2021-08-08,2021-10-10,false,3.218,[Drama]
50734,İffet,tr,7,6.7,2011-09-17,2013-02-02,false,34.715,[Drama]
205770,Let Life Come As It Knows,tr,7,6.7,2022-07-21,2023-05-25,false,22.004,[Drama]
47923,Love Is In The Air,tr,7,6.7,2010-08-09,2013-06-09,false,79.91,[Drama]
93196,Çocuk,tr,6,6.7,2019-09-09,2020-01-28,false,16.515,["Drama,  Soap"]
224344,Yeşil Vadinin Kızı,tr,3,6.7,2023-07-03,2023-09-25,true,23.478,[Drama]
152500,Annemizi Saklarken,tr,3,6.7,2021-12-08,2022-02-02,false,1.027,["Family,  Drama"]
152326,The Game of Destiny,tr,15,6.667,2021-12-03,2022-06-17,false,17.437,[Drama]
19807,Gece Gündüz,tr,3,6.667,2008-07-04,2009-01-16,false,5.678,["Action & Adventure,  Crime,  Drama"]
95679,The Pigeon,tr,3,6.667,2019-11-24,2020-10-28,false,11.442,[Drama]
91815,Gönül İşleri,tr,3,6.667,2014-10-12,2015-04-19,false,1.605,["Family,  Drama"]
115641,Konuşanlar,tr,11,6.636,2020-05-12,2023-09-29,true,22.661,["Comedy,  Talk"]
61867,Medcezir,tr,23,6.6,2013-09-13,2015-06-12,false,27.957,["Comedy,  Drama"]
52645,Forbidden Fruit,tr,15,6.6,2018-03-19,2023-05-29,true,70.971,["Family,  Drama,  Comedy"]
49390,Ayrılsak da Beraberiz,tr,15,6.6,1999-09-22,2004-01-05,false,2.524,["Comedy,  Family"]
77304,The 8th Day,tr,5,6.6,2018-03-19,2018-05-07,false,4.114,["Drama,  Mystery"]
121769,Some Interesting Events,tr,5,6.6,2021-04-16,2022-05-06,true,1.736,["Family,  Comedy,  Talk"]
80270,Reaction,tr,4,6.6,2014-09-15,2014-12-18,false,2.339,[Action & Adventure]
90302,You Are Everywhere,tr,9,6.556,2019-06-14,2019-11-23,false,13.649,[Comedy]
48311,Yılan Hikayesi,tr,20,6.5,1999-10-07,2002-05-23,false,13.028,["Drama,  Comedy,  Family"]
78152,Dip,tr,13,6.5,2018-03-30,2018-05-11,false,2.903,["Crime,  Drama,  Mystery"]
121435,Camdaki Kız,tr,8,6.5,2021-04-08,2023-05-11,false,65.814,["Family,  Drama"]
137840,Aziz,tr,6,6.5,2021-11-05,2022-02-18,true,10.793,[Drama]
112167,Respect,tr,6,6.5,2020-10-27,2021-11-11,false,3.571,["Drama,  Crime"]
78794,Tehlikeli Karim,tr,4,6.5,2018-03-26,2018-04-30,false,1.618,[Drama]
85606,Kardeş Çocukları,tr,4,6.5,2019-01-27,2019-10-08,false,6.32,["Family,  Drama"]
68348,Gecenin Kraliçesi,tr,4,6.5,2016-01-12,2016-04-19,false,3.786,[Drama]
48184,Perihan Abla,tr,4,6.5,1986-10-08,1988-03-02,false,9.04,["Family,  Comedy"]
158339,Three Sisters,tr,4,6.5,2022-02-22,2023-10-03,true,97.999,["Family,  Drama"]
94826,Bullet,tr,2,6.5,2019-10-23,2019-12-04,false,3.197,[Drama]
48848,We Fell In Love With You,tr,2,6.5,2002-01-01,2002-01-01,false,3.812,[Comedy]
47973,Beyaz Gelincik,tr,2,6.5,2005-09-19,2007-06-11,false,6.386,["Family,  Drama"]
49378,Yamak Ahmet,tr,2,6.5,2011-08-08,2012-08-31,false,11.842,[Drama]
35090,Karadağlar,tr,2,6.5,2010-08-11,2011-05-11,false,7.444,["Family,  Drama"]
49846,Stranger at Home,tr,2,6.5,2000-09-01,2000-09-01,false,2.344,[Comedy]
50393,Geniş Zamanlar,tr,2,6.5,2007-01-09,2007-06-05,false,2.266,["Family,  Drama"]
92297,Kızım Nerede,tr,2,6.5,2010-12-17,2011-06-10,false,2.405,["Family,  Drama,  Mystery,  Crime"]
100628,Baraj,tr,2,6.5,2020-03-17,2021-05-11,false,19.256,[Drama]
155087,Ustura Kemal,tr,2,6.5,2012-09-04,2012-12-04,false,3.214,["Action & Adventure,  Drama,  War & Politics,  Crime"]
77474,Adi: Zehra,tr,2,6.5,2018-02-24,2018-05-26,false,3.682,[Drama]
61767,Uzay Evren ve Biz,tr,2,6.5,2013-04-10,2015-03-18,true,1.4,[Talk]
86628,Racon: Ailem İçin,tr,2,6.5,2015-03-10,2015-03-31,false,4.098,[Drama]
77597,Aslan Ailem,tr,2,6.5,2017-10-22,2018-05-20,false,7.55,["Comedy,  Family"]
78763,Aşk ve Mavi,tr,2,6.5,2016-11-04,2018-09-21,false,1.826,["Family,  Drama"]
78068,Benim İçin Üzülme,tr,2,6.5,2012-11-06,2014-04-29,false,4.593,["Family,  Drama"]
78730,Aşktan Kaçılmaz,tr,2,6.5,2014-09-14,2014-11-23,false,1.518,[Drama]
89349,Güzel Köylü,tr,2,6.5,2014-06-25,2015-06-17,false,5.972,["Comedy,  Family"]
50770,Mor Menekşeler,tr,2,6.5,2011-09-15,2012-03-29,false,12.485,["Drama,  Family"]
194699,Yunus Emre,tr,2,6.5,1974-12-06,1974-12-27,true,1.865,["Family,  Drama"]
131676,Bunu Bi' Düşünün,tr,2,6.5,2021-08-20,2021-08-20,true,1.345,["Drama,  Mystery"]
210791,To Betray,tr,2,6.5,2022-09-22,2023-09-28,true,13.34,["Family,  Drama"]
210794,Sizi Dinliyorum,tr,2,6.5,2022-09-23,2022-11-04,true,1.905,[Comedy]
69540,Olene Kadar,tr,10,6.45,2017-01-25,2017-09-06,false,13.167,[Drama]
49177,Life Science,tr,19,6.421,2003-01-02,2006-06-01,false,8.143,["Comedy,  Drama"]
32836,Back Streets,tr,23,6.4,2006-07-31,2021-06-04,true,59.653,["Action & Adventure,  Crime,  Drama,  Family,  Mystery"]
198189,Runaway,tr,17,6.4,2022-06-14,2022-08-03,true,13.428,["Action & Adventure,  Drama"]
49482,Love and Punishment,tr,15,6.4,2010-01-05,2011-06-14,false,20.311,[Drama]
48516,Dadı,tr,11,6.4,2001-01-05,2002-10-28,false,7.498,["Comedy,  Family"]
42783,An Istanbul Tale,tr,9,6.4,2003-09-18,2005-06-14,false,27.909,[Drama]
83087,Muhteşem İkili,tr,8,6.4,2018-11-01,2019-02-12,false,6.631,[Crime]
47669,İntikam,tr,7,6.4,2013-01-04,2014-02-06,false,13.157,[Drama]
111414,Flames of Fate,tr,5,6.4,2020-11-05,2021-05-27,false,32.905,[Drama]
47746,Aci hayat,tr,5,6.4,2005-12-14,2007-06-25,false,9.331,["Action & Adventure,  Drama"]
48513,Küçük Sırlar,tr,5,6.4,2010-07-14,2011-08-08,false,2.79,[Drama]
97293,The Choice,tr,5,6.4,2020-01-17,2020-11-20,false,7.981,[Drama]
20516,Beyaz Show,tr,12,6.333,1996-12-06,2018-05-04,true,3.021,[Talk]
214440,İki Aile,tr,3,6.333,2006-06-19,2008-06-09,false,11.873,["Family,  Comedy"]
224773,The Actress,tr,16,6.313,2023-05-31,2023-05-31,true,16.517,["Drama,  Crime"]
108382,Ariza,tr,10,6.3,2020-09-13,2021-04-11,false,29.446,[Crime]
62632,Beş Kardeş,tr,9,6.3,2015-02-16,2015-08-04,false,1.19,["Family,  Comedy,  Drama"]
48323,Tatlı Kaçıklar,tr,7,6.3,1996-11-06,2001-06-15,false,4.857,[Comedy]
47686,Menekse and Halil,tr,6,6.3,2007-09-07,2008-05-24,false,12.89,[Drama]
155853,Yalnizim Mesut Bey,tr,3,6.3,2022-01-15,2023-04-23,true,1.942,[Comedy]
84249,Parayı Vuranlar,tr,3,6.3,2018-05-30,2018-06-13,false,0.6,[Documentary]
201119,Fatih-Harbiye,tr,3,6.3,1992-03-05,1992-03-26,false,1.544,[Drama]
7041,Kara Melek,tr,3,6.3,1997-02-19,2000-01-12,false,25.087,["Action & Adventure,  Drama"]
89671,Afili Ask,tr,12,6.2,2019-06-12,2020-03-19,false,28.767,[Comedy]
48325,Çiçek Taksi,tr,11,6.2,1995-09-27,1998-09-02,false,4.709,["Comedy,  Family"]
79125,Siyah İnci,tr,10,6.2,2017-09-28,2018-02-08,false,26.107,[Drama]
48253,Valley of the Wolves: Terror,tr,10,6.2,2007-02-08,2007-10-18,false,1.709,["War & Politics,  Crime,  Reality,  Drama"]
15604,Remember Darling,tr,8,6.2,2006-10-27,2008-05-23,false,9.728,["Drama,  War & Politics,  Family"]
126300,Kazara Aşk,tr,6,6.2,2021-06-24,2021-09-30,false,3.384,["Drama,  Comedy"]
49793,Bay Kamber,tr,4,6.2,1994-06-11,1994-08-20,false,0.6,[Comedy]
49071,Valley of the Wolves: Ambush,tr,24,6.1,2007-04-19,2016-06-16,false,189.503,["Drama,  War & Politics,  Action & Adventure"]
43393,Yalan Dünya,tr,21,6.1,2012-01-13,2014-11-26,false,13.307,["Family,  Comedy"]
49324,Ruhsar,tr,19,6.1,1998-07-04,2002-01-01,false,8.908,["Comedy,  Sci-Fi & Fantasy"]
74660,Stiletto Vendetta,tr,13,6.1,2017-10-24,2019-02-12,false,23.479,["Drama,  Mystery"]
99616,The Teacher,tr,7,6.1,2020-03-04,2020-11-15,false,4.72,[Drama]
64000,Tatlı Küçük Yalancılar,tr,7,6.1,2015-07-06,2015-10-03,false,6.683,["Mystery,  Drama"]
17915,One Thousand and One Nights,tr,16,6.0,2006-11-07,2009-05-12,false,33.946,[Drama]
69460,Crossroads,tr,6,6.0,2016-08-18,2017-06-08,false,14.15,[Drama]
121879,Sihirli Annem,tr,4,6.0,2003-02-27,2005-09-24,false,5.519,["Kids,  Sci-Fi & Fantasy,  Family,  Comedy"]
98633,The Phoenix,tr,4,6.0,2020-01-25,2021-01-06,false,11.532,["Drama,  Family"]
121724,Bir Yeraltı Sit-Com'u,tr,4,6.0,2021-03-26,2021-05-21,true,1.493,["Comedy,  Family"]
49178,Şehnaz Tango,tr,3,6.0,1994-10-03,1994-10-03,false,1.826,["Family,  Comedy,  Drama"]
109919,Umuda Kelepçe Vurulmaz,tr,3,6.0,2016-11-03,2017-02-09,false,1.71,[Drama]
82131,Gonul,tr,3,6.0,2015-10-11,2016-01-10,false,26.37,[Drama]
213194,Kızılcık Şerbeti,tr,3,6.0,2022-10-28,2023-09-29,true,18.277,["Family,  Drama"]
156751,Bizden Olur Mu?,tr,3,6.0,2022-01-31,2022-01-31,true,2.527,[Comedy]
115815,Terapist,tr,3,6.0,2021-01-01,2021-02-02,false,1.91,["Drama,  Mystery"]
78120,Bize Gezmek Olsun,tr,2,6.0,2017-12-31,2018-01-10,false,672.0,[Documentary]
114973,Akrep,tr,2,6.0,2020-12-11,2021-06-17,false,18.086,[Drama]
17489,Arka Sıradakiler,tr,2,6.0,2007-09-30,2012-06-17,false,17.185,["Crime,  Drama"]
125024,Öğretmen Kemal,tr,2,6.0,2010-10-02,2011-01-29,false,2.381,["Crime,  Mystery,  Drama,  Family,  Comedy"]
194990,Köprü,tr,2,6.0,2006-12-04,2008-05-24,true,4.278,["Drama,  Family"]
49343,5'er Beşer,tr,2,6.0,2011-08-31,2011-11-30,false,653.0,[Comedy]
49821,Ezo Gelin,tr,2,6.0,2006-01-01,2006-07-23,false,8.06,[Drama]
84949,Tozkoparan,tr,2,6.0,2018-11-11,2020-04-19,false,5.892,["Action & Adventure,  Kids,  Family"]
82377,Bir Deli Rüzgar,tr,2,6.0,2018-09-15,2018-10-20,false,2.521,[Drama]
225964,Küçük Dahi: İbn-i Sina,tr,2,6.0,2023-05-07,2023-05-07,true,1.649,["Drama,  Action & Adventure,  Comedy"]
204487,Time to Love,tr,2,6.0,2022-06-20,2023-01-09,true,4.585,["Drama,  Comedy"]
49652,Guardian Angels,tr,2,6.0,2009-01-01,2010-08-06,false,13.493,["Comedy,  Drama"]
48678,Kapalıçarşı,tr,2,6.0,2009-09-28,2010-09-22,false,6.992,["Drama,  Family"]
49609,Üvey Baba,tr,2,6.0,1998-11-26,2003-12-22,false,14.927,["Drama,  Crime,  Family"]
109932,Yaz'ın Öyküsü,tr,1,6.0,2015-07-05,2015-09-27,false,1.057,[Drama]
109914,Göç Zamanı,tr,1,6.0,2016-01-30,2016-05-07,false,1.96,[Drama]
109917,Kehribar,tr,1,6.0,2016-03-18,2016-06-24,false,3.041,["Drama,  Action & Adventure"]
84586,Hayat Yolunda,tr,1,6.0,2014-10-08,2015-01-02,false,1.495,[Drama]
50031,Son Yaz: Balkanlar 1912,tr,1,6.0,2012-09-25,2012-10-16,false,691.0,["Drama,  War & Politics"]
131981,Ferhunde Hanım ve Kızları,tr,1,6.0,1993-04-12,1994-09-05,false,1.968,["Family,  Comedy"]
158729,İstanbulun İskeleleri,tr,1,6.0,2022-01-06,2022-03-31,true,0.6,[Documentary]
158726,Arkadaş Canlısı,tr,1,6.0,2021-12-31,2022-03-25,true,0.6,[Reality]
95678,Ferhat ile Şirin,tr,1,6.0,2019-11-22,2019-12-27,false,1.954,[Drama]
48307,Pembe ve Mavi,tr,1,6.0,2005-02-05,2005-04-02,false,0.6,["Animation,  Comedy"]
137659,Benim Hayatım,tr,1,6.0,2021-10-31,2021-12-05,false,1.569,[Drama]
131950,Dünya Kadar Sade,tr,1,6.0,2021-04-30,2021-05-28,true,974.0,[Reality]
49570,Elde Var Hayat,tr,1,6.0,2010-07-28,2011-05-04,false,11.017,["Drama,  Comedy,  Family"]
4926,Acemi Cadı,tr,1,6.0,2006-07-07,2008-01-18,false,21.481,["Comedy,  Sci-Fi & Fantasy"]
129731,Yıldız Doğanlar,tr,1,6.0,2021-06-06,2021-06-20,true,0.6,[Reality]
49556,Kelebek Çıkmazı,tr,1,6.0,2007-11-16,2007-12-21,false,1.4,["Family,  Drama"]
51153,Sıkı Dostlar,tr,1,6.0,2009-02-21,2009-07-25,false,5.284,[Comedy]
154463,Arabeskin Aşık Kadınları,tr,1,6.0,2021-12-30,2022-02-17,true,1.431,[Documentary]
87572,Kaçak Gelinler,tr,1,6.0,2014-06-23,2015-01-15,false,7.9,[Comedy]
183464,İstikamet Karadeniz,tr,1,6.0,2021-12-03,2022-02-18,true,0.6,[Documentary]
183467,Çatal Sofrası,tr,1,6.0,2022-02-25,2022-03-04,true,916.0,[Documentary]
50665,İyi Aile Robotu,tr,1,6.0,2002-10-09,2003-01-29,false,671.0,["Comedy,  Family"]
50661,Cost of Life,tr,1,6.0,2009-08-25,2011-05-24,false,2.547,["Family,  Drama"]
49864,Bir Zamanlar Osmanlı: Kıyam,tr,1,6.0,2012-03-12,2012-12-17,false,3.74,[Drama]
84858,Yalaza,tr,1,6.0,2017-09-16,2018-01-27,false,3.771,["Family,  Comedy"]
49866,Vazgeç Gönlüm,tr,1,6.0,2007-09-07,2008-10-18,false,4.203,[Drama]
49874,Tatlı Betüş,tr,1,6.0,1993-04-03,1993-05-29,false,1.4,["Comedy,  Drama"]
158846,Veteriner Hekim Tugay İnanoğlu ve Dostları,tr,1,6.0,2021-01-01,2021-02-19,true,0.6,[Reality]
49882,Gülbeyaz,tr,1,6.0,2002-12-13,2003-05-16,false,5.831,["Family,  Drama"]
215820,Haneler,tr,1,6.0,2009-05-19,2010-05-11,false,4.7,[Comedy]
122983,Benim İçin Yap,tr,1,6.0,2021-04-10,2021-05-15,true,0.6,[Reality]
49822,The Island Of The Angels,tr,1,6.0,2004-02-17,2005-11-17,false,5.008,[Drama]
51234,Hırçın Menekşe,tr,1,6.0,2003-10-28,2004-01-26,false,1.216,[Drama]
137519,Sana Söz,tr,1,6.0,2021-10-30,2021-12-11,false,683.0,["Family,  Drama"]
203055,Tarık ve Diğerleri,tr,1,6.0,2006-10-08,2007-04-29,false,1.924,["Comedy,  Family,  Action & Adventure"]
80514,Lost,tr,1,6.0,2013-09-13,2014-01-27,false,2.795,["Family,  Drama"]
153788,Tohum Toprak Dijital,tr,1,6.0,2021-11-26,2022-02-18,true,902.0,[Documentary]
153768,Barbaros Tapan'la Hayallerin İzinde,tr,1,6.0,2021-12-05,2022-02-06,true,0.6,[Documentary]
153789,Bana Her Yer Mutfak,tr,1,6.0,2021-12-03,2022-02-25,true,0.6,[Documentary]
91975,İki Yalancı,tr,1,6.0,2017-07-10,2017-07-10,false,2.842,[Comedy]
203000,Kezban Yenge,tr,1,6.0,2005-03-28,2006-06-28,false,5.038,["Comedy,  Family"]
212937,Meta Aşk,tr,1,6.0,2022-10-14,2022-12-02,true,995.0,["Sci-Fi & Fantasy,  Comedy"]
129026,Çile Bülbülüm,tr,1,6.0,2021-06-13,2021-07-04,true,0.6,[Documentary]
70606,My Father and His Family,tr,1,6.0,2016-09-19,2016-12-12,false,1.4,[Drama]
52648,Veda,tr,1,6.0,2012-09-27,2012-11-22,false,1.892,["Drama,  War & Politics"]
158342,Zamanalti: A Podcast Theater,tr,1,6.0,2019-11-08,2019-11-08,false,882.0,[Sci-Fi & Fantasy]
49483,Fırtına,tr,1,6.0,2006-07-22,2006-07-22,false,10.104,["Comedy,  Family"]
49488,Love Me as I Am,tr,1,6.0,2013-02-11,2015-06-01,false,51.513,["Comedy,  Drama,  Family"]
49490,Sultan Makamı,tr,1,6.0,2003-09-04,2004-02-26,false,11.617,[Drama]
49964,Krem,tr,1,6.0,2012-08-26,2013-02-03,false,5.886,[Comedy]
82972,Life Fractures,tr,1,6.0,2018-10-08,2018-10-29,false,2.376,["Action & Adventure,  Drama"]
137088,Şokopop Portreler: Hülya Avşar,tr,1,6.0,2021-10-22,2021-10-29,true,0.6,[Documentary]
103333,Kuşlarla Yolculuk,tr,1,6.0,2020-04-24,2020-05-23,false,2.25,[Drama]
195233,Cebimdeki Anahtar,tr,1,6.0,2022-02-24,2022-05-19,true,658.0,[Documentary]
216362,Hayatımın Şansı,tr,1,6.0,2022-12-14,2023-03-10,true,2.056,["Drama,  Crime"]
48635,Evlerden Biri,tr,1,6.0,2012-08-01,2012-10-29,false,1.604,[Drama]
44671,Red Scarf,tr,1,6.0,2011-09-12,2012-06-05,false,15.67,["Drama,  Romance"]
88492,Yazlıkçılar,tr,1,6.0,1993-08-01,1998-10-04,false,2.213,["Comedy,  Family"]
49607,Bir Ömür Yetmez,tr,1,6.0,2011-10-01,2011-11-12,false,1.4,[Drama]
50317,Cam Kırıkları,tr,1,6.0,2009-02-19,2009-05-14,false,1.374,[Drama]
219068,Annem Uyurken,tr,1,6.0,2012-06-27,2012-08-15,false,1.753,["Comedy,  Family"]
219069,Tek Başımıza,tr,1,6.0,2011-11-20,2012-01-08,false,1.4,[Drama]
133909,Sıra Dışı,tr,1,6.0,2021-08-01,2021-10-24,true,0.6,[Documentary]
82007,Immortals,tr,36,5.9,2018-09-06,2018-10-18,false,8.064,["Drama,  Sci-Fi & Fantasy"]
47711,I Named Her Feriha,tr,16,5.9,2011-01-14,2013-11-30,false,45.946,["Family,  Drama"]
49876,Çılgın Bediş,tr,13,5.9,1996-09-07,2001-03-03,false,5.029,[Comedy]
203741,Between the World and Us,tr,9,5.9,2022-09-14,2022-10-26,true,16.634,[Drama]
76542,Jet Sosyete,tr,9,5.889,2018-02-18,2020-02-21,true,6.937,["Comedy,  Family"]
39014,Yaprak Dökümü,tr,14,5.8,2006-09-13,2010-12-29,false,13.092,[Drama]
32107,Asmalı Konak,tr,12,5.8,2002-03-11,2002-09-16,false,3.964,["Family,  Drama"]
48622,Koçum Benim,tr,6,5.8,2002-03-07,2003-04-04,false,6.023,["Comedy,  Drama"]
71591,New Bride,tr,5,5.8,2017-03-11,2018-11-24,false,17.391,["Comedy,  Drama,  Family"]
71562,İçimdeki Fırtına,tr,5,5.8,2017-02-11,2017-03-18,false,5.112,[Drama]
7723,The Promise,tr,5,5.8,2019-02-18,2021-09-17,false,71.114,["Drama,  Family,  Soap"]
72066,The Name is Legend,tr,5,5.8,2017-01-28,2017-08-29,false,3.863,[Drama]
217980,Ömer,tr,3,5.8,2023-01-09,2023-10-02,true,12.318,[Drama]
108179,The Agency,tr,9,5.7,2020-08-25,2021-07-06,false,19.805,[Drama]
204925,Tozluyaka,tr,7,5.7,2022-06-27,2023-10-03,true,1968.201,["Drama,  Comedy"]
203205,Love and Hate,tr,3,5.7,2022-06-01,2022-10-10,false,5.111,[Comedy]
30932,Haziran Gecesi,tr,3,5.7,2004-09-13,2006-02-13,false,32.038,["Family,  Drama"]
63841,L.O.V.E.,tr,3,5.7,2013-09-25,2013-12-30,false,2.352,[Drama]
212818,Hot Skull,tr,38,5.645,2022-12-02,2022-12-02,false,8.022,["Drama,  Mystery,  Sci-Fi & Fantasy"]
15576,Borders of Love,tr,16,5.625,2004-11-12,2007-06-15,false,6.43,["Family,  Comedy,  Drama"]
65566,Intersection,tr,32,5.6,2016-01-07,2016-12-01,false,22.397,[Drama]
88521,Leke,tr,5,5.6,2019-04-16,2019-06-11,false,5.828,[Drama]
66124,That Life Is Mine,tr,5,5.6,2014-02-16,2017-04-16,false,30.487,[Drama]
49516,En Son Babalar Duyar,tr,7,5.571,2002-01-01,2007-12-17,false,14.71,["Family,  Comedy"]
48846,Çok Güzel Hareketler Bunlar,tr,17,5.529,2008-05-28,2010-10-17,true,1.774,[Comedy]
82345,Gülperi,tr,10,5.5,2018-09-14,2020-03-13,false,27.537,[Drama]
81312,Nefes Nefese,tr,6,5.5,2018-08-01,2018-10-14,false,11.02,[Drama]
197188,Kasaba Doktoru,tr,6,5.5,2022-04-08,2023-01-27,true,23.935,["Drama,  Family"]
84626,Rüya,tr,3,5.5,2018-12-01,2019-01-19,false,7.442,[Drama]
80664,My First Love,tr,3,5.5,2018-07-06,2018-09-28,false,12.986,[Comedy]
134842,Yalancılar ve Mumları,tr,2,5.5,2021-10-03,2021-10-31,true,1.76,[Drama]
196437,Kara Tahta,tr,2,5.5,2022-03-30,2022-10-19,false,11.582,["Family,  Drama"]
48385,Aliye,tr,2,5.5,2004-09-14,2006-10-17,false,5.777,["Family,  Drama"]
67644,Heartbeat,tr,2,5.5,2016-08-20,2016-10-15,false,2.189,[Drama]
104857,Gençliğim Eyvah,tr,2,5.5,2020-06-15,2020-10-05,false,3.51,["Comedy,  Family"]
200680,İyilik,tr,2,5.5,2022-04-29,2022-11-25,false,6.334,[Drama]
133340,Dayı Şov,tr,2,5.5,2021-09-10,2023-01-31,true,2.971,[Talk]
113570,Kefaret,tr,2,5.5,2020-11-22,2020-11-22,true,6.914,[Drama]
50491,Sevgili Dünürüm,tr,2,5.5,2007-10-19,2008-03-07,false,1.96,["Family,  Comedy"]
51152,Küçük Hesaplar,tr,2,5.5,2012-06-22,2012-08-24,false,1.038,[Comedy]
49830,Serseri,tr,2,5.5,2003-07-14,2003-07-14,false,1.911,["Family,  Drama"]
157623,Aşk Kumardır,tr,2,5.5,2022-02-14,2022-04-04,true,1.422,[Comedy]
94607,My Name is Melek,tr,2,5.5,2019-09-25,2021-05-19,false,48.3,["Drama,  Family"]
115735,O Adam Oldun Mu?,tr,2,5.5,2021-01-01,2021-03-05,true,0.6,["Comedy,  Reality"]
83964,Prisoner of Love,tr,2,5.5,2016-09-19,2018-10-30,false,136.137,["Family,  Drama,  Soap"]
195021,Adı Sevgi,tr,2,5.5,2022-03-13,2022-04-03,false,2.694,[Drama]
48659,Alemin Kıralı,tr,8,5.4,2011-09-16,2013-03-27,false,2.429,["Comedy,  Family"]
105749,Çatı Katı Aşk,tr,5,5.4,2020-07-09,2020-10-10,false,3.18,[Comedy]
90210,Kimse Bilmez,tr,6,5.333,2019-06-11,2021-03-09,false,39.506,["Action & Adventure,  Drama"]
49599,Sakarya-Fırat,tr,3,5.3,2009-12-16,2013-06-05,false,13.591,["War & Politics,  Family,  Drama"]
75355,Possessed,tr,3,5.3,2017-02-24,2017-03-24,false,3.448,[Drama]
69306,No: 309,tr,14,5.2,2016-01-14,2017-10-23,false,27.501,["Drama,  Comedy"]
39322,Daydreamers,tr,10,5.2,2007-05-31,2011-08-30,false,26.382,["Comedy,  Drama,  Family"]
78761,Hayatimin Aski,tr,5,5.2,2016-05-13,2016-09-02,false,4.389,[Comedy]
67611,High Society,tr,5,5.2,2016-07-16,2017-04-22,false,17.948,["Comedy,  Drama"]
155727,Survivor All Star,tr,4,5.2,2022-01-15,2022-06-30,true,2.299,[Reality]
92601,Lise Devriyesi,tr,2,5.2,2017-03-26,2017-06-04,false,995.0,["Comedy,  Crime,  Drama"]
37647,Beautiful Charm,tr,9,5.1,2010-07-16,2012-06-16,false,19.873,["Comedy,  Family"]
21595,From the Lips to the Heart,tr,6,5.0,2007-09-03,2009-05-26,false,25.864,[Drama]
47972,Bıçak Sırtı,tr,5,5.0,2007-09-10,2008-04-28,false,2.762,["Family,  Drama"]
49603,Aşkım Aşkım,tr,5,5.0,2001-10-08,2008-06-16,false,3.896,["Family,  Comedy"]
212294,The Choice,tr,5,5.0,2022-11-16,2022-12-28,true,3.461,["Drama,  Crime,  Mystery"]
78028,Maral: The Most Beautiful Story,tr,4,5.0,2015-03-05,2015-06-25,false,11.125,[Drama]
100165,Devious Maids,tr,3,5.0,2020-03-07,2020-03-21,false,2.569,[Drama]
64388,War of the Roses,tr,3,5.0,2014-07-08,2016-02-05,false,12.754,[Drama]
226675,The Search,tr,3,5.0,2023-06-14,2023-06-14,true,4.489,[Drama]
84347,My Father's Sins,tr,2,5.0,2018-11-01,2018-11-22,false,1.4,["Drama,  Family"]
211714,Gecenin Ucunda,tr,2,5.0,2022-10-05,2023-04-19,false,12.132,[Drama]
51410,Tek Türkiye,tr,2,5.0,2007-10-18,2010-10-07,false,1.226,[Drama]
154567,Maske - Kimsin Sen?,tr,2,5.0,2022-01-01,2022-02-12,false,1.409,[Talk]
111982,Eski Hikaye,tr,1,5.0,2013-10-03,2014-02-12,false,4.011,[Drama]
218983,Zoraki Başkan,tr,1,5.0,2009-05-08,2010-03-26,false,4.014,["Comedy,  War & Politics"]
203460,Şen Yuva,tr,1,5.0,2010-07-05,2010-12-24,false,1.752,["Comedy,  Family"]
52562,Deli Saraylı,tr,1,5.0,2010-09-17,2010-12-09,false,1.756,["Family,  Comedy,  War & Politics"]
92890,Seni Kimler Aldı,tr,1,5.0,2017-04-30,2017-07-02,false,974.0,["Family,  Drama"]
85313,Keşke Hiç Büyümeseydik,tr,1,5.0,2018-10-04,2018-10-25,false,0.6,["Comedy,  Drama,  Family"]
218993,Halil İbrahim Sofrası,tr,1,5.0,2010-09-14,2011-06-07,false,993.0,["Comedy,  Family"]
112534,Kuzey Rüzgarı,tr,1,5.0,2007-09-03,2008-01-28,false,1.96,[Drama]
207711,Vicdan,tr,1,5.0,2013-12-04,2014-01-15,false,1.4,[Drama]
207714,Zeytin Dalı,tr,1,5.0,2005-01-11,2005-07-12,false,3.842,[Drama]
48326,Sinekli Bakkal,tr,1,5.0,2007-12-27,2008-01-24,false,0.84,["Family,  Drama"]
49745,Bizim Yenge,tr,1,5.0,2011-08-17,2011-12-14,false,2.327,["Comedy,  Family"]
49754,Charlie,tr,1,5.0,1998-04-27,1998-04-27,false,1.628,["Comedy,  Family"]
49573,Gönül Salıncağı,tr,1,5.0,2007-11-03,2008-02-09,false,1.612,[Drama]
205297,İstanbul'un Altınları,tr,1,5.0,2011-08-05,2011-11-18,false,885.0,["Comedy,  Family"]
49541,Gün Akşam Oldu,tr,1,5.0,2011-10-06,2011-10-27,false,623.0,[Drama]
208017,Mayıs Kraliçesi,tr,1,5.0,2015-11-10,2016-01-19,false,1.11,[Drama]
49514,Kampüsistan,tr,1,5.0,2003-10-06,2004-08-02,false,8.77,["Comedy,  Drama"]
49512,Girls Dormitory,tr,1,5.0,2006-02-19,2006-08-27,false,4.864,["Comedy,  Drama"]
84838,Evli ve Öfkeli,tr,1,5.0,2015-10-04,2015-10-04,false,1.469,["Drama,  Comedy"]
110068,Tatar Ramazan: Ben Bu Oyunu Bozarım,tr,1,5.0,2013-04-26,2014-01-26,false,2.567,[Drama]
49382,Müjgan Bey,tr,1,5.0,2004-06-25,2004-09-17,false,991.0,[Comedy]
49399,Sudan Bıkmış Balıklar,tr,1,5.0,2012-07-10,2012-09-18,false,0.6,[Drama]
48300,Maskeli Balo,tr,1,5.0,2009-12-15,2010-01-05,false,1.173,["Family,  Drama"]
196162,Duygu İle Kendin Yap,tr,1,5.0,2022-03-24,2022-03-24,true,654.0,[Reality]
209924,En İyi Arkadaşım,tr,1,5.0,2003-11-18,2006-08-27,false,3.189,["Kids,  Sci-Fi & Fantasy,  Comedy"]
216920,Bücür Cadı,tr,1,5.0,1999-09-21,2000-05-12,false,1.4,["Family,  Comedy,  Drama,  Kids,  Sci-Fi & Fantasy"]
48548,Papatyam,tr,1,5.0,2009-01-06,2011-11-29,false,9.194,["Family,  Comedy"]
209467,Uzaylı Zekiye,tr,1,5.0,1987-09-04,1987-09-25,false,3.133,["Comedy,  Sci-Fi & Fantasy"]
114159,Babam Çok Değişti,tr,1,5.0,2020-12-03,2021-01-28,false,1.4,["Comedy,  Kids"]
129238,T Kuşağı,tr,1,5.0,2021-07-15,2021-08-11,true,0.6,[Reality]
210403,Baba Ocağı,tr,1,5.0,2008-06-27,2009-06-19,false,15.886,["Family,  Comedy"]
202788,Bir Yastıkta,tr,1,5.0,2013-04-12,2013-07-12,false,2.933,["Comedy,  Family"]
78775,Servet,tr,1,5.0,2018-04-13,2018-04-18,true,3.41,[Drama]
49492,Gece Sesleri,tr,1,5.0,2008-09-05,2009-01-23,false,3.392,["Drama,  Family"]
49616,Kırık Kanatlar,tr,1,5.0,2006-01-19,2006-12-27,false,2.744,["Drama,  War & Politics"]
156274,Yaşıma Başıma Bakmadan,tr,1,5.0,2022-01-07,2022-01-21,true,0.6,[Documentary]
195903,Doğru Mu Yanlış Mı?,tr,1,5.0,2021-06-04,2021-10-01,true,895.0,[Reality]
85460,Tutsak,tr,1,5.0,2017-09-20,2017-11-15,false,748.0,[Drama]
49914,Samanyolu,tr,1,5.0,2009-12-01,2010-06-25,false,5.126,[Drama]
71058,The Fall of Leaves,tr,1,5.0,1988-01-01,1988-01-01,false,1.901,[Drama]
49912,Ödünç Hayat,tr,1,5.0,2005-12-06,2005-12-27,false,1.4,["Drama,  Family"]
48679,Bird Language,tr,1,5.0,2006-03-11,2006-05-27,false,1.638,["Drama,  Family"]
66494,Sevda Kuşun Kanadında,tr,1,5.0,2016-04-29,2017-03-17,false,6.542,["Drama,  War & Politics"]
48658,Bu Kalp Seni Unutur Mu?,tr,1,5.0,2009-10-13,2010-02-09,false,2.617,["Drama,  War & Politics"]
108904,The Red Room,tr,4,4.8,2020-09-04,2022-02-18,false,20.414,[Drama]
247219,Dilemma,tr,4,4.8,2024-02-23,2024-03-29,true,34.515,["Drama,  Mystery"]
82583,Çocuklar Duymasın,tr,13,4.769,2002-01-16,2019-04-11,false,15.755,["Comedy,  Family,  Kids,  Drama"]
62217,Cherry Season,tr,17,4.7,2014-07-04,2016-05-16,false,14.917,[Comedy]
50541,Bitter Sweet Life,tr,6,4.7,2016-10-16,2017-04-30,false,10.982,["Drama,  Comedy"]
125262,Glass Ceiling,tr,5,4.7,2021-06-09,2021-12-01,false,5.896,[Drama]
69336,Şahane Damat,tr,3,4.7,2016-06-21,2016-08-09,false,4.828,[Comedy]
49593,Keşanlı Ali Destanı,tr,3,4.7,2011-12-10,2012-04-21,false,755.0,["Drama,  War & Politics"]
49792,Şaban Askerde,tr,3,4.7,1993-01-02,1993-04-09,false,1.216,[Comedy]
49078,Sihirli Annem,tr,3,4.7,2021-01-01,2022-05-06,true,3.631,["Family,  Sci-Fi & Fantasy"]
105219,Exatlon Challenge,tr,7,4.6,2020-07-03,2020-07-03,true,1.935,[Reality]
48333,Cennet Mahallesi,tr,11,4.545,2004-05-30,2007-06-09,false,53.876,["Comedy,  Family"]
47918,Lale Devri,tr,6,4.5,2010-09-14,2014-02-08,false,72.956,[Drama]
83738,Wings of Love,tr,2,4.5,2016-08-26,2017-01-30,false,3.933,[Drama]
49598,Küçük Kadınlar,tr,2,4.5,2008-06-10,2011-03-05,false,2.964,["Drama,  Family"]
78223,İnsanlık Suçu,tr,2,4.5,2018-03-31,2018-05-19,false,1.805,["Action & Adventure,  Crime"]
209976,Ümit Milli,tr,2,4.5,2006-07-06,2006-08-31,false,691.0,[Comedy]
77564,Kizlarim Icin,tr,2,4.5,2017-11-29,2018-03-27,false,2.53,[Drama]
89741,Canevim,tr,2,4.5,2019-05-27,2019-09-16,false,2.715,[Drama]
210742,O Kız - That Girl,tr,2,4.5,2022-09-21,2023-03-15,true,6.244,["Drama,  Family"]
86725,Çok Güzel Hareketler 2,tr,5,4.4,2019-02-10,2022-12-25,true,9.141,["Family,  Comedy,  Talk"]
4906,Sıla,tr,12,4.3,2006-09-15,2008-09-19,false,16.174,["Family,  Drama"]
49807,World of Mysteries,tr,3,4.3,,,true,0.6,[Drama]
154610,Baba,tr,3,4.3,2022-02-15,2022-12-27,true,12.917,[Drama]
86903,Güldüy Güldüy Show Çocuk,tr,3,4.3,2016-07-01,2016-09-16,false,1.008,["Family,  Kids,  Comedy,  Talk"]
48660,Türk Malı,tr,12,4.292,2010-03-15,2017-09-27,false,2.538,["Comedy,  Family"]
115661,Akıncı,tr,6,4.2,2021-01-01,2021-05-14,false,2.343,["Drama,  Action & Adventure,  Sci-Fi & Fantasy"]
111940,Adını Kalbime Yazdım,tr,2,4.2,2013-10-26,2014-04-05,false,3.716,[Drama]
129209,Mahrem,tr,3,4.0,2021-07-14,2021-07-30,true,1.4,["Documentary,  Reality,  Drama"]
49729,Kadın İsterse,tr,3,4.0,2004-12-14,2006-06-13,false,4.933,["Comedy,  Family"]
76755,Deniz Inside My Heart,tr,3,4.0,2016-10-22,2017-10-06,false,7.13,[Drama]
196597,Back to Basketball,tr,2,4.0,2022-04-01,2022-04-01,true,2.176,[Documentary]
49791,Şaban ile Şirin,tr,2,4.0,1997-03-05,1997-05-31,false,2.706,[Comedy]
156921,Eee Sonra?,tr,2,4.0,2021-02-12,2021-04-16,true,1.745,[Comedy]
80902,Ege'nin Hamsisi,tr,2,4.0,2018-07-16,2018-12-31,false,6.427,["Family,  Comedy"]
225994,Serhat,tr,2,4.0,2023-05-07,2023-05-07,true,4.242,[Action & Adventure]
203699,Love On Duty,tr,2,4.0,2022-06-08,2022-08-03,false,11.989,["Drama,  Comedy,  Crime"]
153311,Sevdaluk,tr,1,4.0,2013-12-11,2014-05-28,false,4.476,["Comedy,  Drama"]
129360,Ne Münasebet,tr,1,4.0,2015-07-31,2015-10-09,false,1.4,[Comedy]
109926,Kalbim Ege'de Kaldı,tr,1,4.0,2015-06-24,2015-10-07,false,2.296,[Comedy]
207742,Güzel-Çirkin,tr,1,4.0,2013-07-01,2013-09-23,false,1.52,["Crime,  Drama"]
101081,Gülümse Yeter,tr,1,4.0,2016-07-12,2017-01-17,false,4.314,["Family,  Comedy"]
48384,Alanya-Almanya,tr,1,4.0,2005-10-13,2005-10-13,false,826.0,["Family,  Comedy"]
208129,Süper Babaanne,tr,1,4.0,2008-07-10,2008-10-30,false,627.0,["Comedy,  Family,  Sci-Fi & Fantasy"]
210312,Altınsoylar,tr,1,4.0,2016-11-05,2016-11-26,false,2.339,["Family,  Comedy"]
203858,Dürüye'nin Güğümleri,tr,1,4.0,2010-07-24,2011-06-18,false,1.74,["Comedy,  Family"]
221867,Küçük Ağa,tr,1,4.0,2014-01-28,2014-09-09,false,933.0,["Family,  Comedy"]
110069,Bitmeyen Şarkı,tr,1,4.0,2010-08-23,2011-04-26,false,3.114,[Drama]
110044,Kalp Hırsızı,tr,1,4.0,2014-08-31,2014-10-12,false,708.0,["Family,  Comedy"]
52874,Berivan,tr,1,4.0,2002-05-02,2002-05-16,false,2.863,["Family,  Drama"]
213488,Kadim Dostum,tr,1,4.0,2014-09-01,2014-10-27,false,1.515,["Comedy,  Family"]
123187,Mavera: Hace Ahmed Yesevi,tr,1,4.0,2021-04-12,2021-05-07,false,5.307,[Drama]
49808,Güneydoğu'dan Öyküler: Önce Vatan,tr,1,4.0,2010-10-20,2010-12-29,false,959.0,[Drama]
80329,Hayati ve Diğerleri,tr,1,4.0,2018-06-20,2018-06-22,false,1.697,["Family,  Comedy"]
78829,Cinayet,tr,1,4.0,2014-01-07,2014-02-09,false,2.056,["Drama,  Mystery,  Crime"]
196083,Galiçya İşgal Altında,tr,1,4.0,2020-01-19,2020-02-23,true,0.94,[Comedy]
217591,Aşk Yalanı Sever,tr,1,4.0,2016-04-04,2016-05-16,false,1.63,[Drama]
84346,Dayan Yüreğim,tr,1,4.0,2018-11-01,2019-02-07,false,4.91,[Drama]
120810,Red Truck,tr,1,4.0,2021-03-31,2021-05-19,false,1.96,["Action & Adventure,  Drama"]
48428,All My Children,tr,1,4.0,2004-04-22,2005-02-24,false,5.033,["Family,  Drama"]
112369,Yasak,tr,1,4.0,2014-04-11,2014-06-06,false,947.0,[Drama]
107214,Litle Bride,tr,1,4.0,2013-09-08,2013-09-08,false,2.19,[Drama]
129212,Yusuf Yüzlü,tr,1,4.0,2004-01-01,2004-09-23,false,1.56,["Drama,  Family"]
80543,Analar ve Anneler,tr,1,4.0,2015-10-22,2015-12-24,false,3.77,[Drama]
205609,Buyur Bi'De Burdan Bak,tr,1,4.0,2015-07-30,2018-07-05,false,4.2,[Comedy]
209660,Babalar ve Evlatlar,tr,1,4.0,2012-09-17,2012-10-08,false,936.0,["Drama,  Family"]
49485,Ey Aşk Nerdesin?,tr,1,4.0,2009-08-13,2009-09-17,false,2.421,["Comedy,  Family"]
53807,Sensiz Olmuyor,tr,1,4.0,2005-01-26,2005-07-20,false,5.519,[Comedy]
208693,Bu Sayılmaz,tr,1,4.0,2017-08-09,2017-08-23,false,0.67,["Comedy,  Family"]
195726,Yalancı Bahar,tr,1,4.0,2011-09-05,2011-10-31,false,0.84,[Drama]
210868,Osmanlı'da Derin Devlet,tr,1,4.0,2013-04-11,2013-07-04,false,1.712,[Drama]
49919,Aşk ve Gurur,tr,1,4.0,2017-03-05,2017-04-09,true,1.719,[Drama]
209882,Kül ve Ateş,tr,1,4.0,2009-09-14,2009-11-09,false,1.4,[Drama]
209879,Paşa Gönlüm,tr,1,4.0,2014-04-24,2014-05-08,false,1.406,[Comedy]
51409,Cumhur Cemaat,tr,1,4.0,2007-01-18,2007-02-11,false,916.0,["Family,  Comedy"]
50707,Memur Muzaffer,tr,1,4.0,2008-05-30,2008-07-11,false,1.26,["Family,  Comedy,  Drama"]
214781,Cuma'ya Kalsa,tr,1,4.0,2010-04-19,2010-07-05,false,1.4,["Comedy,  Family"]
214710,Roman Havası,tr,1,4.0,2014-12-04,2015-01-08,false,1.375,["Comedy,  Family"]
71558,Yıldızlar Şahidim,tr,2,3.8,2017-01-27,2017-02-17,false,1.506,["Comedy,  Drama"]
48037,Umutsuz Ev Kadınları,tr,3,3.7,2011-10-02,2015-02-04,false,10.076,["Comedy,  Drama,  Crime"]
76783,Cennet,tr,4,3.6,2017-09-24,2018-06-10,false,22.011,[Drama]
48732,Eve Düşen Yıldırım,tr,2,3.5,2012-03-09,2012-10-15,false,2.446,[Drama]
49515,Hürrem Sultan,tr,2,3.5,2003-09-01,2003-10-27,false,2.43,[Drama]
87467,A Family Story,tr,2,3.5,2019-03-09,2019-10-24,false,2.995,[Drama]
101645,Zengin Kız Fakir Oğlan,tr,2,3.5,2012-08-30,2015-08-28,false,4.537,["Comedy,  Action & Adventure,  Drama,  Family"]
49487,Esref saati,tr,2,3.5,2007-10-16,2008-11-24,false,2.23,["Comedy,  Family"]
204681,Kertenkele,tr,2,3.5,2014-10-25,2016-12-24,false,6.243,["Comedy,  Action & Adventure,  Crime"]
48514,Selena,tr,5,3.4,2006-09-10,2010-02-07,false,6.603,["Kids,  Family,  Comedy,  Sci-Fi & Fantasy"]
48619,Doktorlar,tr,6,3.3,2006-12-28,2011-02-04,false,20.221,[Drama]
88255,Rich and Poor,tr,3,3.3,2019-04-07,2019-05-26,false,2.15,[Drama]
117578,Seni Çok Bekledim,tr,2,3.0,2021-01-29,2021-04-23,false,2.771,[Drama]
84139,Eser Yenenler Show,tr,2,3.0,2018-11-14,2018-11-14,true,0.6,["Comedy,  Talk,  News"]
95553,Gorbi,tr,2,3.0,2019-09-02,2019-09-02,false,0.6,["Comedy,  Sci-Fi & Fantasy"]
76943,The Enemy in My House,tr,2,3.0,2018-01-25,2018-03-01,false,3.136,["Drama,  Family"]
50747,Küçük Besleme,tr,2,3.0,1999-05-19,2001-10-01,false,918.0,[Drama]
77574,Kanatsız Kuşlar,tr,2,3.0,2017-06-15,2018-05-24,false,10.013,[Drama]
109921,Bir Deniz Hikayesi,tr,1,3.0,2015-09-15,2015-11-10,false,1.348,["Family,  Drama"]
112582,Bana Artık Hicran De,tr,1,3.0,2014-09-12,2014-10-03,false,10.016,[Drama]
201117,Farklı Desenler,tr,1,3.0,2010-10-19,2012-09-16,false,2.965,["Drama,  Family"]
109925,Hayat Mucizelere Gebe,tr,1,3.0,2015-12-07,2016-01-25,false,5.174,["Comedy,  Drama"]
201116,Ötesiz İnsanlar,tr,1,3.0,2013-11-21,2015-06-15,false,3.587,[Drama]
202259,Fatih,tr,1,3.0,2013-09-30,2013-10-28,false,4.561,["Drama,  Action & Adventure"]
201881,Diğer Yarım,tr,1,3.0,2014-06-20,2014-11-21,false,3.842,["Family,  Comedy"]
218603,Pulsar,tr,1,3.0,2008-06-10,2008-09-30,false,2.106,["Family,  Kids"]
108373,Kocamın Ailesi,tr,1,3.0,2014-07-03,2015-11-11,false,21.526,["Family,  Drama,  Comedy"]
207776,Boynu Bükükler,tr,1,3.0,2014-02-27,2014-03-20,false,2.74,[Comedy]
50049,Mükemmel Çift,tr,1,3.0,2010-06-22,2010-08-10,false,623.0,[Comedy]
48383,Ahh İstanbul,tr,1,3.0,2006-09-21,2006-11-30,false,1.242,["Family,  Drama"]
131136,Enes Batur'la Buluşma,tr,1,3.0,2021-06-01,2021-12-03,true,0.6,[Reality]
49719,Kılıç Günü,tr,1,3.0,2010-09-17,2010-11-05,false,1.373,["Drama,  Action & Adventure"]
115732,Buluşma,tr,1,3.0,2021-01-01,2021-01-01,true,0.6,[Reality]
49571,Azap Yolu,tr,1,3.0,2006-03-30,2006-07-06,false,3.244,["Family,  Drama"]
208065,Urfalıyam Ezelden,tr,1,3.0,2014-10-12,2014-12-21,false,1.774,["Family,  Comedy,  Drama"]
49555,Düğün Şarkıcısı,tr,1,3.0,2008-06-01,2008-10-26,false,1.717,["Family,  Comedy,  Drama"]
157186,Ali Ayşe'yi Seviyor,tr,1,3.0,2013-01-27,2013-06-02,false,1.596,["Comedy,  Family"]
49559,Eyvah Kızım Büyüdü,tr,1,3.0,2000-03-22,2001-01-29,false,978.0,["Comedy,  Family"]
136983,Alın Yazım,tr,1,3.0,2014-05-05,2014-05-05,false,4.659,[Drama]
213040,Babam Sınıfta Kaldı,tr,1,3.0,2013-07-07,2013-09-01,false,2.835,["Family,  Comedy"]
48986,Karamel,tr,1,3.0,2008-11-03,2008-11-17,false,915.0,[Drama]
123370,Kendimize Doğru,tr,1,3.0,2012-07-11,2012-08-07,false,2.305,["Comedy,  Family"]
48482,We Are Not Innocent,tr,1,3.0,2018-03-31,2018-03-31,false,2.153,[Drama]
48526,Fesupanallah,tr,1,3.0,2007-09-10,2007-10-29,false,1.4,[Comedy]
49030,Candan öte,tr,1,3.0,2006-09-05,2007-02-13,false,3.793,["Drama,  Family"]
49614,Aşk Yakar,tr,1,3.0,2008-10-17,2009-03-06,false,3.704,["Family,  Comedy,  Drama"]
49902,Metro Palas,tr,1,3.0,2004-01-01,2004-01-01,false,0.84,[Comedy]
49901,Yağmurdan Kaçarken,tr,1,3.0,2013-03-30,2013-05-18,false,0.91,[Comedy]
50729,Aile Reisi,tr,1,3.0,2009-06-22,2009-10-19,false,3.504,["Family,  Comedy"]
50341,Tatlı Bela Fadime,tr,1,3.0,2007-10-11,2007-10-11,false,831.0,["Family,  Comedy"]
48676,Seni Bana Yazmışlar,tr,1,3.0,2011-08-07,2011-10-09,false,993.0,[Comedy]
92959,Dostlar Mahallesi,tr,1,3.0,2017-12-16,2017-12-30,false,0.65,["Family,  Comedy"]
205351,Deniz Yıldızı,tr,1,3.0,2009-08-24,2015-09-07,false,4.582,[Drama]
50333,Anadolu Kaplanı,tr,1,3.0,2006-03-02,2006-04-20,false,928.0,["Comedy,  Family"]
105285,Familya,tr,1,3.0,2016-09-20,2016-11-22,false,1.594,["Family,  Drama,  Comedy"]
92620,Arkadaşlar İyidir,tr,2,2.5,2016-08-28,2016-10-30,false,2.885,[Drama]
76988,Dudullu Postası,tr,2,2.5,2018-01-26,2018-04-20,false,1.24,["Family,  Comedy"]
49012,Dog,tr,2,2.5,2005-02-23,2005-06-01,false,2.556,["Crime,  Action & Adventure,  Drama"]
49648,Türk'ün Uzayla İmtihanı,tr,2,2.5,2012-03-21,2012-05-16,false,1.597,["Comedy,  Sci-Fi & Fantasy"]
49584,Pis Yedili,tr,3,2.3,2011-10-25,2014-01-29,false,10.708,[Comedy]
49865,Aşk Yeniden,tr,4,2.1,2007-11-17,2008-02-25,false,1.158,["Comedy,  Family"]
119693,Beni Affet,tr,2,2.0,2011-10-17,2018-09-17,false,1.868,["Family,  Drama,  Soap"]
50189,Yıldızlar Savaşı,tr,1,2.0,2007-03-05,2007-03-26,false,658.0,[Comedy]
84213,Benim Hâlâ Umudum Var,tr,1,2.0,2013-07-01,2019-06-13,false,7.668,[Drama]
202293,Doksanlar,tr,1,2.0,2013-06-26,2014-04-16,false,3.288,["Comedy,  Family"]
207706,Düşman Kardeşler,tr,1,2.0,2012-07-05,2012-09-13,false,1.694,["Family,  Comedy"]
49588,Derman Bey,tr,1,2.0,2000-10-04,2000-11-08,false,899.0,[Drama]
49563,Son Ağa,tr,1,2.0,2008-07-17,2008-12-18,false,3.932,["Family,  Comedy"]
209544,Bir Küçük Gün Işığı,tr,1,2.0,2022-09-05,2023-06-26,true,4.61,["Family,  Drama"]
210086,Gerçek Kesit,tr,1,2.0,1993-07-01,1993-07-01,false,0.6,["Action & Adventure,  Drama,  Sci-Fi & Fantasy,  Comedy,  Crime"]
93505,Şampiyon,tr,1,2.0,2019-09-12,2020-08-11,false,9.985,["Family,  Drama,  Action & Adventure"]
49889,İki Yabancı,tr,1,2.0,2007-04-04,2007-07-03,false,701.0,[Drama]
49810,Hayat Apartmanı,tr,1,2.0,2007-06-02,2007-06-30,false,1.189,[Comedy]
92543,Sevda'nın Bahçesi,tr,1,2.0,2017-09-23,2017-10-14,false,1.022,["Family,  Drama"]
225967,Şanzelize Düğün Salonu,tr,1,2.0,2023-05-07,2023-08-20,true,1.776,["Drama,  Comedy"]
49668,Bez Bebek,tr,1,2.0,2007-09-20,2010-04-02,false,18.647,["Kids,  Family,  Sci-Fi & Fantasy,  Comedy"]
208862,Reis,tr,1,2.0,2011-08-01,2011-09-26,false,0.6,["Drama,  Family"]
127953,Not Defteri,tr,1,2.0,2014-03-26,2014-06-18,false,2.575,[Drama]
49421,Görgüsüzler,tr,1,2.0,2008-01-13,2008-02-17,false,0.6,["Comedy,  Family"]
48270,Emret Komutanım,tr,2,1.5,2005-06-23,2005-06-23,false,16.759,["Drama,  Comedy"]
50323,Adanalı,tr,7,1.4,2008-11-07,2010-11-07,false,13.76,["Crime,  Action & Adventure,  Comedy,  Drama"]
201115,Hıyanet Sarmalı,tr,1,1.0,2013-10-23,2013-10-23,false,0.66,["Family,  Drama,  Action & Adventure"]
50001,Mert ile Gert,tr,1,1.0,2008-07-18,2009-02-03,false,3.167,[Comedy]
210676,Ben Bu Cihana Sığmazam,tr,1,1.0,2022-09-20,2023-09-19,true,12.102,["Drama,  Action & Adventure"]
123805,Ayrılsak da Beraberiz,tr,1,1.0,2015-03-17,2015-08-30,false,704.0,["Comedy,  Family"]
131814,Kırık Hayatlar,tr,1,1.0,2021-08-23,2021-09-06,true,1.768,["Family,  Drama"]
49572,Gazi,tr,1,1.0,2008-01-14,2008-06-01,false,2.692,[Drama]
99934,Come and Love,tr,1,1.0,2020-03-08,2020-03-29,false,2.963,[Drama]
206127,Mükemmel Eşleşme,tr,1,1.0,2022-07-16,2022-07-16,false,1.446,[Comedy]
83540,İkizler Memo-Can,tr,1,1.0,2018-10-27,2019-05-08,false,4.387,["Family,  Kids,  Comedy"]
220490,Ankara'nın Dikmen'i,tr,1,1.0,2014-03-12,2014-12-31,false,898.0,["Family,  Comedy"]
92603,Nerdesin Birader?,tr,1,1.0,2017-11-01,2017-11-22,false,1.669,[Comedy]
83058,Kayıtdışı,tr,1,1.0,2017-09-18,2018-03-05,false,3.813,["Action & Adventure,  Crime,  Drama"]
201912,Zeyrek ile Çeyrek,tr,1,1.0,2015-06-18,2015-07-16,false,3.706,["Comedy,  Family,  Action & Adventure,  Crime"]
49171,Fedai,tr,1,1.0,2007-11-16,2008-01-12,false,1.054,[Drama]
77634,Bahtiyar Olmez,tr,1,1.0,2017-11-11,2018-03-24,false,3.123,[Comedy]
49664,Müge Anlı ile Tatlı Sert,tr,1,1.0,2008-08-18,2019-09-16,true,688.0,["Reality,  Crime"]
208637,Türkan Hanım'ın Konağı,tr,1,1.0,2020-09-14,2021-06-09,false,2.663,[Family]
53823,Kollama,tr,1,1.0,2008-02-10,2010-10-01,false,1.729,["Crime,  Action & Adventure,  Drama"]
123465,Beni Bırakma,tr,1,1.0,2018-01-08,2018-01-08,false,0.6,["Drama,  Soap"]
48664,Ah Polis Olsam,tr,1,1.0,2006-08-10,2006-10-05,false,622.0,["Comedy,  Crime,  Action & Adventure"]
67110,We Need to Break Up,tr,1,0.5,2016-07-15,2016-08-12,false,1.183,[Comedy]
50190,Büyümüş de Küçülmüş,tr,1,0.0,2003-08-11,2003-10-06,false,745.0,[Comedy]
82606,Bir Umut Yeter,tr,1,0.0,2018-09-27,2018-11-12,false,2.892,[Drama]
48745,Kurşun Yarası,tr,1,0.0,2003-09-15,2005-01-31,false,5.663,[Drama]
218217,Çimen Talkshow,tr,1,0.0,2023-01-12,2023-03-02,true,0.6,[Talk]
49897,Harem,tr,1,0.0,2012-09-30,2013-06-17,false,4.386,[Comedy]
123732,Kağıt Ev,tr,1,0.0,2021-04-19,2021-06-07,false,2.185,[Drama]
218528,Canlı Mutfak,tr,1,0.0,2022-03-04,2022-05-20,true,0.6,["Animation,  Kids"]
