114860,The Masked Singer,nl,2,10.0,2020-09-18,2023-04-28,true,16.907,["Family,  Reality"]
197931,WACHTEN OP DE BEL,nl,2,10.0,2020-12-14,2020-12-18,false,0.6,["Comedy,  Family"]
95340,En Nou Wij FF,nl,2,10.0,2013-12-07,2013-12-07,false,0.6,["News,  Reality"]
84208,Jabaloe,nl,1,10.0,2012-02-21,2013-10-18,false,683.0,["Kids,  Comedy"]
95299,Dit zijn wij,nl,1,10.0,2019-11-14,2020-03-04,false,4.187,[Drama]
218926,Onze man bij de Taliban,nl,1,10.0,2023-01-22,2023-02-12,true,1.4,[Documentary]
131409,The Scheldepeleton,nl,1,10.0,2021-08-30,2021-10-04,false,0.6,["Documentary,  Reality"]
116918,Ewout&,nl,1,10.0,2019-07-12,2019-08-23,false,924.0,[Documentary]
208874,Uncle Martin,nl,1,10.0,2022-09-27,2022-11-15,false,0.6,["Documentary,  Reality,  Family"]
155337,Hacked,nl,1,10.0,2022-01-03,2023-02-22,true,2.661,[Drama]
79515,Five Days Inside,nl,1,10.0,2018-02-27,2023-09-27,true,6.918,[Documentary]
36522,Brandpunt,nl,1,10.0,1959-10-05,2014-04-13,true,1.4,[Documentary]
246467,Het pleintje (1986 - 1987),nl,1,10.0,1986-01-05,1986-01-05,false,672.0,[Drama]
132147,Don't Worry Be Happy,nl,1,10.0,2019-04-11,2022-03-24,true,1.4,[Reality]
117925,Força Koeman,nl,1,10.0,2021-02-17,2022-03-03,true,624.0,[Documentary]
136937,Cryptokoorts,nl,1,10.0,2021-10-21,2021-10-21,true,0.6,[Documentary]
93935,F16,nl,1,10.0,2018-03-20,2018-04-17,false,628.0,["Reality,  Documentary"]
35576,Vermist,nl,1,10.0,2008-03-25,2016-04-07,false,8.516,["Drama,  Crime"]
12819,Alfa Papa Tango,nl,1,10.0,1990-02-25,1992-02-23,false,1.291,[Drama]
122164,GameKeepers,nl,1,10.0,2021-09-08,2023-09-27,true,24.956,["Sci-Fi & Fantasy,  Kids"]
41457,Maigret,nl,1,10.0,1964-10-23,1969-03-02,false,2.32,["Mystery,  Drama,  Crime"]
85507,Utopia 2,nl,1,10.0,2018-06-04,2019-01-18,true,3.013,[Reality]
29290,Amika,nl,1,10.0,2008-11-10,2011-11-04,false,22.786,["Kids,  Soap"]
97661,Ninja Nanny,nl,1,10.0,2019-01-13,2022-01-09,true,4.203,["Family,  Drama"]
115499,Het Leven.doc,nl,1,10.0,2020-12-23,2020-12-30,false,2.322,[Talk]
37430,Ciske de Rat,nl,1,10.0,2001-01-06,2001-02-10,false,1.471,[Drama]
35307,Hallo K3,nl,1,10.0,2010-10-06,2012-11-20,false,2.5,[Comedy]
126717,De Oude Egyptenaren,nl,1,10.0,1997-01-01,1997-01-29,false,1.121,["Documentary,  Mystery"]
218527,Murky Skies,nl,1,10.0,2023-01-05,2023-01-19,false,0.6,[Documentary]
216229,Season of Sex,nl,1,10.0,2022-12-12,2022-12-12,true,7.76,[Drama]
96246,#LikeMe,nl,3,9.7,2019-01-13,2023-04-05,false,8.221,["Drama,  Family,  Comedy"]
85516,Oogappels,nl,3,9.667,2019-01-24,2023-09-27,true,31.093,[Drama]
85019,Buck,nl,2,9.5,2018-12-10,2019-01-06,false,2.51,["Comedy,  Family,  Kids"]
119935,The Voice Kids,nl,2,9.5,2012-01-27,2021-06-04,true,2.59,["Reality,  Kids,  Family"]
29185,Spoorloos,nl,1,9.5,,2010-10-04,true,13.418,["Family,  Reality"]
29980,Road abusers,nl,1,9.5,,2015-11-01,false,4.467,["Action & Adventure,  Reality"]
11840,Zembla,nl,3,9.3,1995-09-07,2023-06-29,true,3.204,[Documentary]
12983,In De Gloria,nl,11,9.2,2000-02-11,2001-04-27,false,1.798,[Comedy]
35700,The Island,nl,13,9.1,2004-01-31,2005-02-26,false,1.914,[Comedy]
203616,Knokke off,nl,5,9.0,2023-05-12,2023-06-30,true,10.593,[Drama]
11422,Alles Kan Beter,nl,3,9.0,1997-12-05,1999-02-26,false,696.0,[Comedy]
28720,Seth & Fiona,nl,2,9.0,1994-04-07,1994-06-30,false,1.784,["Comedy,  Drama"]
227072,"Nick, Simon & Kees: The Beatles",nl,2,9.0,2023-05-18,2023-06-22,false,1.151,[Documentary]
35998,Windkracht 10,nl,2,9.0,1997-04-22,1998-06-23,false,3.149,[Drama]
114707,Max Verstappen: Whatever It Takes,nl,2,9.0,2020-12-18,2020-12-18,false,1.678,[Documentary]
121681,The Children of Ruinerwold,nl,2,9.0,2021-03-24,2021-04-15,false,1.65,[Documentary]
62024,Schalkse Ruiters,nl,2,9.0,1996-12-01,1998-02-08,false,1.429,[Comedy]
120246,Chinese dromen,nl,2,9.0,2019-11-17,2019-12-08,false,0.6,[Documentary]
16665,Zoop,nl,2,9.0,2004-04-07,2006-07-07,false,32.108,["Drama,  Comedy"]
100925,De Kris Pusaka,nl,1,9.0,1977-10-31,1977-10-31,false,2.621,[Kids]
214937,Lampje,nl,1,9.0,2023-01-02,2023-01-05,false,2.792,["Sci-Fi & Fantasy,  Action & Adventure,  Drama,  Family"]
113420,Heterdaad,nl,1,9.0,1996-01-07,1999-04-11,false,627.0,["Crime,  Drama"]
8860,Kopspijkers,nl,1,9.0,,,false,0.6,[Comedy]
76368,De Verenigde Staten van Eva,nl,1,9.0,2016-08-25,2017-11-23,true,0.6,[Documentary]
108516,Axel Gaat Binnen,nl,1,9.0,2020-08-31,2021-11-03,true,1.156,["Reality,  Documentary"]
61822,Mindfuck,nl,1,9.0,2015-01-05,2021-12-04,true,1.878,["Mystery,  Family"]
135769,Als je ons kan horen,nl,1,9.0,2021-10-20,2021-11-10,false,1.4,[Documentary]
231024,Black Swans,nl,1,9.0,2013-07-01,2022-07-05,true,0.6,[Documentary]
223432,Dag & Nacht,nl,1,9.0,2023-04-12,2023-05-31,true,2.053,[Drama]
114517,Château Planckaert,nl,1,9.0,2020-09-06,2023-05-14,true,3.372,["Family,  Kids,  Reality"]
106168,Een Huis Vol,nl,1,9.0,,2023-09-08,true,6.362,[Reality]
70350,Maya de bij,nl,1,9.0,2009-11-01,2009-11-01,true,2.134,["Animation,  Kids"]
233062,Hoog Spel in de Oost,nl,1,9.0,2023-08-23,2023-09-06,false,1.151,[Documentary]
137806,Sabena,nl,1,9.0,2021-11-03,2021-12-01,false,0.6,[Documentary]
110325,Bureau 040,nl,1,9.0,2020-09-02,2020-12-09,false,0.9,["Crime,  Documentary"]
110354,Het A-Woord,nl,1,9.0,2020-09-21,2020-11-02,false,1.273,[Drama]
14067,Neveneffecten,nl,1,9.0,2005-11-18,2008-12-26,false,0.6,[Comedy]
19677,Hopla,nl,1,9.0,,,true,1.511,[Animation]
11399,Willy's en Marjetten,nl,1,9.0,2006-10-15,2006-12-31,false,1.231,[Comedy]
27969,Unit 13,nl,1,9.0,1996-10-12,1999-01-02,false,2.309,[Drama]
77235,Through the Heart of China,nl,1,9.0,2018-01-14,2018-02-25,false,634.0,[Documentary]
137979,Creative with Cork,nl,1,9.0,1993-01-04,1994-05-29,false,0.6,[Comedy]
79150,Dossier X,nl,1,9.0,2018-04-02,2018-05-21,true,879.0,["Documentary,  Crime"]
156228,True Crime Belgium,nl,1,9.0,2022-02-16,2023-03-22,true,2.948,["Documentary,  Drama"]
208302,Exen,nl,1,9.0,2023-09-04,2023-09-04,true,2.704,["Comedy,  Drama"]
107632,Denkend aan Holland,nl,1,9.0,2019-08-05,2023-09-16,true,4.697,[Documentary]
199326,Tweede Hans,nl,1,9.0,2022-04-29,2022-07-01,true,2.496,[Drama]
128116,De Mooiste Treinreizen (Great Railway Journeys),nl,1,9.0,1999-01-01,1999-02-12,false,0.6,[Documentary]
105244,Real Life in the Zoo,nl,1,9.0,2019-06-16,2023-04-08,true,3.553,["Documentary,  Family,  Reality"]
210708,De Oranjewinter,nl,1,9.0,2022-11-20,2022-12-18,true,6.741,[Talk]
35182,Buiten De Zone,nl,7,8.9,1994-01-28,1996-04-05,false,3.021,[Comedy]
37834,Freshers,nl,5,8.8,2010-11-01,2013-10-21,false,2.799,["Drama,  Comedy"]
36464,Tomtesterom,nl,5,8.8,2008-04-06,2012-04-08,false,1.866,["Documentary,  Comedy,  Reality"]
93739,Commandos,nl,4,8.8,2020-08-30,2020-11-01,false,3.143,[Drama]
60558,Wauters vs. Waes,nl,2,8.8,2014-01-13,2014-03-17,false,1.901,["Family,  Action & Adventure,  Reality"]
116941,The world of the Chinese,nl,4,8.75,2021-01-10,2021-02-21,false,1.945,[Documentary]
62025,Quiz Me Quick,nl,10,8.7,2012-04-29,2012-07-01,false,1.606,["Drama,  Comedy"]
79133,Sense of tumour,nl,6,8.7,2018-03-18,2018-05-06,false,2.296,["Drama,  Comedy"]
64095,Bevergem,nl,6,8.7,2015-09-30,2015-11-18,false,2.127,[Comedy]
88898,Zeven Kleine Criminelen,nl,3,8.7,2019-03-17,2019-04-28,false,1.835,["Action & Adventure,  Family,  Drama,  Crime"]
37240,Sam Sam,nl,3,8.7,1994-09-05,2002-12-23,false,2.068,[Comedy]
122166,Lost Luggage,nl,3,8.7,2022-03-20,2022-04-24,false,2.036,[Drama]
28693,Vuurzee,nl,3,8.7,2005-11-26,2009-04-18,false,2.955,["Drama,  Mystery"]
67607,Ex on the Beach: Double Dutch,nl,8,8.6,2016-08-28,2023-07-16,true,4.521,[Reality]
56992,The Out-Laws,nl,9,8.5,2012-09-03,2012-11-05,false,3.725,["Comedy,  Drama,  Crime"]
68667,In Flanders Fields,nl,6,8.5,2014-01-12,2014-03-16,false,3.014,["Drama,  War & Politics"]
156002,Sander en de kloof,nl,2,8.5,2022-01-20,2022-02-24,false,2.199,[Documentary]
43339,Kulderzipken,nl,2,8.5,1995-10-29,1997-02-23,false,1.601,["Sci-Fi & Fantasy,  Comedy"]
90475,Random Shit,nl,2,8.5,2019-04-18,2019-04-18,true,947.0,[Comedy]
222790,De Partizanen,nl,2,8.5,1995-05-01,1995-05-15,false,0.65,[Drama]
68564,De Ideale Wereld,nl,2,8.5,2013-08-31,2023-04-06,true,39.019,[Talk]
212314,Bureau Arnhem,nl,2,8.5,2022-10-11,2022-12-06,true,1.85,["Documentary,  Crime,  Reality"]
156960,The terrible eighties,nl,2,8.5,2022-02-06,2022-03-27,false,2.393,["Drama,  Comedy"]
115468,Bathroom Stories,nl,2,8.5,2020-12-28,2020-12-31,false,2.475,["Drama,  Comedy"]
38506,Het Geslacht De Pauw,nl,2,8.5,2004-02-06,2005-03-27,false,1.279,[Comedy]
153891,Liegebeest,nl,2,8.5,1983-09-11,1987-01-11,false,5.408,["Kids,  Comedy,  Family,  Action & Adventure"]
225326,Prins Bernhard,nl,2,8.5,2023-02-24,2023-02-24,false,0.6,[Documentary]
76720,De Familie Backeljau,nl,2,8.5,1994-01-01,1997-03-08,false,3.42,[Comedy]
94471,Chateau Meiland,nl,2,8.5,2019-05-20,2023-10-02,true,34.401,["Family,  Reality"]
156808,The Story of The Netherlands,nl,2,8.5,2022-02-02,2022-04-13,false,3.569,[Documentary]
43181,Van Vlees en Bloed,nl,14,8.357,2009-01-01,2009-02-12,false,2.458,[Drama]
57861,Reizen Waes,nl,5,8.3,2013-09-03,2022-11-14,true,4.508,[Documentary]
111745,Lieve Mama,nl,3,8.3,2020-10-15,2020-10-15,false,2.201,["Crime,  Drama"]
65757,Clinch,nl,3,8.3,2016-02-24,2016-04-06,false,1.545,[Comedy]
38250,Amsterdam Paradise,nl,3,8.3,2011-03-06,2016-12-18,true,3.956,[Drama]
38629,Basta,nl,3,8.3,2011-01-10,2011-02-14,false,1.303,[Comedy]
85508,Judas,nl,3,8.3,2019-01-06,2022-11-10,false,2.683,["Drama,  Crime"]
75071,Het geheime dagboek van Hendrik Groen,nl,2,8.3,2017-10-23,2019-12-30,true,1.587,["Comedy,  Family"]
83062,Mocro Maffia,nl,20,8.2,2018-10-11,2023-07-14,true,20.919,["Crime,  Action & Adventure"]
76471,De Luizenmoeder,nl,10,8.2,2018-01-14,2019-04-07,false,2.267,[Comedy]
116225,De Verhulstjes,nl,5,8.2,2021-01-07,2023-02-12,true,2.042,[Reality]
158576,Uncles,nl,4,8.2,2022-04-29,2022-04-29,true,1.337,["Comedy,  Drama"]
223129,Ik Weet Er Alles Van!,nl,23,8.1,2019-07-08,2023-07-28,true,14.211,[Reality]
61507,Dutch Hope,nl,13,8.1,2014-09-27,2020-03-29,false,5.106,["Crime,  Drama"]
85213,wtFOCK,nl,11,8.1,2018-10-06,2023-06-30,true,30.592,["Drama,  Comedy"]
81791,The Day,nl,36,8.056,2018-03-26,2018-03-26,false,7.426,["Drama,  Crime"]
95347,De 12 van Schouwendam,nl,6,8.0,2019-11-12,2019-11-12,false,2.003,[Drama]
61604,Divorce,nl,5,8.0,2012-12-16,2016-03-20,false,3.01,["Drama,  Comedy"]
100681,Jachtseizoen,nl,4,8.0,2016-12-17,2023-06-24,true,4.809,[Action & Adventure]
33088,Samson & Gert,nl,4,8.0,1990-09-02,2014-12-25,false,47.597,[Kids]
76612,The Fix,nl,3,8.0,2017-11-05,2017-12-17,false,3.107,[Drama]
64815,Tom & Harry,nl,3,8.0,2015-02-03,2015-04-14,false,725.0,[Comedy]
35639,Kinderen geen bezwaar,nl,3,8.0,2004-09-25,2013-02-18,false,9.106,[Comedy]
64458,Heer & Meester,nl,3,8.0,2014-01-11,2016-04-07,false,2.929,["Drama,  Mystery"]
93809,Amigo's,nl,3,8.0,2017-01-16,2017-03-20,false,2.29,["Drama,  Crime"]
131490,Expedition Gooris,nl,2,8.0,2021-10-12,2023-02-14,true,0.65,[Reality]
230655,Yada yada yada with Schaap,nl,2,8.0,2023-07-27,2023-08-11,false,1.925,["Reality,  Comedy"]
16394,LouisLouise,nl,2,8.0,2008-09-24,2009-06-25,false,12.31,["Drama,  Soap"]
24293,Keuringsdienst van Waarde,nl,2,8.0,2003-04-11,2023-06-27,true,5.411,[Documentary]
93162,Taboo,nl,2,8.0,2018-01-21,2022-02-13,true,1.655,["Comedy,  Documentary,  Reality"]
61548,Marsman,nl,2,8.0,2014-03-25,2014-05-20,false,2.503,["Drama,  Comedy"]
64317,Altijd Prijs,nl,2,8.0,2015-09-30,2015-12-02,false,1.827,[Comedy]
51975,Scheire and the Creation,nl,2,8.0,2012-04-15,2021-10-19,true,4.378,[Comedy]
225076,Het Onbekende,nl,2,8.0,2023-05-12,2023-06-30,true,3.259,["Action & Adventure,  Reality"]
71053,Generation B,nl,2,8.0,2017-02-08,2017-03-15,false,1.885,[Comedy]
65685,Floortje To The End Of The World,nl,2,8.0,2014-01-02,2022-07-03,true,2.867,[Documentary]
206493,Rust Roest,nl,1,8.0,1989-01-07,1989-02-18,false,0.63,[Comedy]
125973,Farmer Wants a Wife,nl,1,8.0,2004-03-01,2023-04-30,true,4.148,[Reality]
156622,Kamp Van Koningsbrugge,nl,1,8.0,2020-10-31,2023-07-20,true,3.28,[Reality]
37912,13 in de Oorlog,nl,1,8.0,2009-10-25,2011-11-29,false,3.76,["Family,  War & Politics"]
37908,Undercover in Nederland,nl,1,8.0,2005-03-06,2023-05-28,true,1.83,["Documentary,  Reality"]
119177,Echte Gooische Moeders,nl,1,8.0,2020-11-04,2023-07-10,true,1.399,["Reality,  Drama"]
146118,Dossier K.,nl,1,8.0,2012-12-25,2013-01-08,false,824.0,[Crime]
124035,I Can See Your Voice,nl,1,8.0,2020-10-29,2022-10-05,true,3.574,["Family,  Reality"]
117800,Kinderen van de Holocaust,nl,1,8.0,2020-04-28,2020-06-09,false,986.0,[Documentary]
233784,The Big Bang,nl,1,8.0,2023-09-14,2023-09-28,true,18.322,[Reality]
99338,Boerenjaar,nl,1,8.0,2020-01-07,2021-02-09,true,645.0,[Reality]
154345,De Verraders - Videoland Edition,nl,1,8.0,2021-12-05,2023-09-30,true,9.468,["Mystery,  Reality,  Family"]
222720,De Beste Slechtste Chauffeur Van Nederland,nl,1,8.0,2023-05-31,2023-06-21,true,1.167,[Reality]
57415,De Daltons,nl,1,8.0,1999-10-31,2000-01-02,false,621.0,["Drama,  Family"]
110689,All Stars & Zonen,nl,1,8.0,2020-09-20,2023-09-28,true,13.863,["Drama,  Comedy"]
214073,Isola di Beau,nl,1,8.0,2022-11-20,2022-12-25,true,2.423,["Talk,  Reality"]
221896,CAST,nl,1,8.0,2023-03-16,2023-05-11,true,3.69,[Comedy]
117698,Het hoge Noorden,nl,1,8.0,2020-12-29,2023-02-21,true,1.64,["Documentary,  Family,  Reality,  Talk"]
138964,Zomerrust,nl,1,8.0,1993-05-10,1995-09-01,false,2.231,[Comedy]
36532,Ernstige Delicten,nl,1,8.0,2002-01-05,2004-03-13,false,4.572,["Action & Adventure,  Drama"]
132964,Chansons!,nl,1,8.0,2021-09-17,2022-10-30,true,1.4,[Documentary]
235956,Belpop,nl,1,8.0,2008-11-18,2020-11-23,true,3.937,[Documentary]
250322,De Piano,nl,1,8.0,2024-04-03,2024-04-03,true,6.053,[Reality]
247363,The Hostage Situation in the Apple Store,nl,1,8.0,2024-02-22,2024-02-22,false,2.435,[Documentary]
207317,Odds,nl,1,8.0,2022-08-02,2022-08-02,true,1.527,[Crime]
206160,Wie Kent Nederland?,nl,1,8.0,2021-10-24,2022-08-28,true,0.6,[Reality]
123996,Girls,nl,1,8.0,2020-09-06,2023-06-26,true,2.315,["Kids,  Drama"]
27185,Meiden van de Wit,nl,1,8.0,2002-10-13,2005-05-22,false,1.743,[Drama]
209240,Weet Ik Veel,nl,1,8.0,2013-03-09,2023-04-01,true,2.557,["Talk,  Reality"]
208776,De kaping van de Pompei,nl,1,8.0,2022-08-30,2022-08-30,false,0.6,[Documentary]
230581,Langs de IJssel,nl,1,8.0,2023-09-02,2023-09-30,false,6.71,[Documentary]
67003,9 Days of the Vulture,nl,1,8.0,2001-12-12,2002-01-30,false,3.697,["Crime,  Drama"]
226587,De Moeite Waard ?!,nl,1,8.0,2023-05-23,2023-07-04,true,701.0,[Reality]
201042,De Bevers,nl,1,8.0,2022-05-26,2023-09-28,true,17.913,[Reality]
231068,In Levenden Lijve,nl,1,8.0,2022-02-11,2022-03-18,false,0.6,[Documentary]
75396,Armin van Buuren is Mr. Perfect,nl,1,8.0,2017-05-09,2017-05-13,false,1.024,[Documentary]
112914,Ik geloof in mij,nl,1,8.0,2020-10-16,2021-09-04,true,726.0,[Reality]
68711,Mr. Frank Visser doet Uitspraak,nl,1,8.0,2016-03-28,2023-06-01,true,5.046,[Reality]
223902,Mitchel aan de Maas,nl,1,8.0,2023-04-11,2023-05-16,true,0.6,[Reality]
139800,Nood,nl,1,8.0,2021-11-30,2023-03-21,true,1.4,[Drama]
114167,Roadtrippers,nl,1,8.0,2014-10-04,2023-09-30,true,10.647,[Action & Adventure]
65554,"Nick & Simon, The Dream",nl,1,8.0,2015-01-07,2016-02-10,true,0.6,["Documentary,  Comedy"]
197846,Tropenjaren,nl,1,8.0,2022-04-17,2022-06-19,true,2.13,["Drama,  Comedy"]
21940,Het Zonnetje In Huis,nl,1,8.0,1993-12-31,2003-11-06,false,2.2,["Family,  Comedy"]
100795,De Regels van Floor,nl,1,8.0,2018-04-08,2022-05-15,true,6.14,[Kids]
80195,Wonderschool,nl,1,8.0,2015-10-03,2015-10-03,false,0.88,["Kids,  Family"]
62071,De Schuur van Scheire,nl,1,8.0,2015-02-11,2015-04-15,true,1.192,[Comedy]
230855,Casa di Beau,nl,1,8.0,2023-08-31,2023-09-28,true,17.445,[Reality]
79337,Spoorloos verdwenen,nl,1,8.0,2006-01-05,2018-01-26,false,1.378,[Crime]
38586,The Tour,nl,1,8.0,2011-02-13,2011-04-10,false,0.65,["Drama,  Comedy"]
113683,Kats & Co,nl,1,8.0,1994-01-01,1994-09-24,false,1.726,["Crime,  Drama"]
36656,M!LF,nl,1,8.0,2009-03-26,2010-05-03,false,1.218,[Comedy]
30149,Van Speijk,nl,1,8.0,2006-01-08,2007-04-12,false,2.25,[Crime]
94757,Andy on Patrol,nl,1,8.0,2019-10-15,2023-05-31,false,1.107,["Reality,  Documentary"]
225013,Beste Kijkers,nl,1,8.0,2015-09-02,2023-07-01,true,2.265,["News,  Comedy,  Reality"]
218570,Planet Finance,nl,1,8.0,2023-01-16,2023-02-20,false,2.192,[Documentary]
225999,Het Perfecte Plaatje Op Reis,nl,1,8.0,2022-06-01,2023-06-28,true,939.0,[Reality]
28887,Farmer Wants a Wife,nl,1,8.0,2004-11-21,2023-10-01,true,17.17,[Reality]
137130,Roomies,nl,1,8.0,2022-10-13,2022-10-13,true,1.944,["Drama,  Comedy"]
208863,In Mijn Caravan,nl,1,8.0,2022-10-18,2022-11-22,true,0.6,[Reality]
120209,Oases in de Oriënt,nl,1,8.0,2020-04-15,2022-07-08,true,1.4,[Documentary]
95348,Kerst bij Koosje,nl,1,8.0,2019-11-12,2019-11-12,true,688.0,["Family,  Kids,  Comedy"]
71293,Love Me,nl,1,8.0,2017-02-21,2020-03-31,false,1.25,["Comedy,  Family,  Drama"]
118516,"Ernst, Bobbie en de rest",nl,1,8.0,1998-04-01,2004-03-05,true,3.132,["Kids,  Family,  Comedy,  Action & Adventure"]
139663,De zaak Alzheimer,nl,1,8.0,2004-12-15,2004-12-29,false,1.255,[Crime]
120228,Van Ninevé naar Nazareth,nl,1,8.0,2019-07-10,2019-07-17,true,1.067,[Documentary]
137449,Down the Road,nl,1,8.0,2022-01-04,2023-02-07,true,0.6,[Reality]
117892,IJsmeesters: een koud kunstje,nl,1,8.0,2021-02-12,2023-02-26,true,0.6,[Reality]
122158,Blind Gekocht,nl,1,8.0,2019-03-27,2023-06-01,true,2.189,[Reality]
199369,De Hollandse nieuwe,nl,1,8.0,2022-06-04,2022-07-16,true,0.98,[Reality]
111706,Vakkenvullers,nl,1,8.0,2018-11-14,2022-08-31,false,2.278,[Comedy]
121122,Popquiz,nl,1,8.0,2021-04-01,2021-06-02,false,2.067,[Family]
217045,The Floor,nl,1,8.0,2023-01-08,2023-02-26,true,974.0,[Reality]
30157,For better and for worse,nl,1,8.0,1991-10-01,1998-10-02,false,2.096,[Comedy]
124638,Swanenburg,nl,1,8.0,2021-07-19,2021-08-19,true,10.634,[Drama]
240093,Het Beste van 2023,nl,1,8.0,2023-12-03,2023-12-17,true,5.811,[Comedy]
14784,Wie is de Mol?,nl,12,7.9,1999-11-19,2023-03-11,true,10.928,["Mystery,  Reality"]
66601,Rundfunk,nl,8,7.9,2015-08-10,2019-12-28,false,3.776,[Comedy]
65084,Black Tulip,nl,7,7.9,2015-03-30,2016-05-06,false,3.36,[Drama]
71916,The 12 from Oldenheim,nl,10,7.8,2017-05-24,2017-05-24,false,2.606,[Mystery]
61554,The Knight,nl,10,7.8,2013-10-13,2016-10-27,false,2.976,["Drama,  Crime"]
64089,Nightwatch,nl,5,7.8,2015-10-04,2020-10-18,true,9.089,[Kids]
66971,Sylvia's Cats,nl,5,7.8,2016-05-10,2016-05-10,false,2.193,[Drama]
220196,Floortje gaat mee,nl,2,7.8,2023-02-16,2023-04-20,true,1.4,[Documentary]
86942,Undercover,nl,102,7.789,2019-02-24,2022-01-09,false,29.749,["Crime,  Drama"]
14555,Baantjer,nl,13,7.769,1995-10-06,2006-12-01,false,6.152,[Crime]
55546,De Slimste Mens ter Wereld,nl,7,7.714,2003-09-01,2022-11-10,true,72.855,[Family]
20790,Russian Dolls: Sex Trade,nl,26,7.7,2005-01-05,2008-06-13,false,7.366,["Crime,  Drama"]
36536,Penoza,nl,19,7.7,2010-09-12,2017-10-29,false,6.407,["Crime,  Drama"]
64175,Flikken Rotterdam,nl,9,7.7,2016-01-08,2023-09-29,true,18.76,[Crime]
115019,Lockdown,nl,3,7.7,2021-01-18,2021-01-21,false,2.382,[Drama]
71139,Vechtershart,nl,3,7.7,2015-11-22,2017-07-11,false,3.447,[Drama]
1560,Floris,nl,9,7.667,1969-10-05,1969-12-21,false,1.827,[Drama]
74764,Tabula Rasa,nl,85,7.606,2017-10-29,2017-12-03,false,9.661,["Drama,  Mystery"]
69190,Hotel Beau Séjour,nl,47,7.6,2017-01-01,2022-07-01,false,6.241,["Drama,  Crime,  Mystery,  Sci-Fi & Fantasy"]
82948,SKAM NL,nl,10,7.6,2018-09-16,2019-06-04,false,5.387,[Drama]
29974,Vrienden voor het Leven,nl,5,7.6,1991-04-08,1995-01-01,false,1.609,[Comedy]
94531,Turbulent Skies,nl,5,7.6,2020-10-18,2020-12-06,false,3.0,["Drama,  Action & Adventure"]
77308,De Infiltrant,nl,5,7.6,2018-02-05,2018-03-26,false,1.024,["Crime,  Action & Adventure"]
22657,Flodder,nl,12,7.542,1993-10-07,1998-04-03,false,6.8,[Comedy]
61519,Home Grown,nl,16,7.5,2013-11-05,2019-02-05,false,5.47,["Comedy,  Drama"]
64758,Zondag met Lubach,nl,10,7.5,2014-11-09,2021-03-28,false,4.01,["News,  Comedy"]
124841,Het jaar van Fortuyn,nl,6,7.5,2022-03-25,2022-04-22,false,2.271,["Drama,  War & Politics"]
69009,New Texas,nl,2,7.5,2015-03-18,2015-06-10,false,1.215,[Comedy]
208982,TAFKAL,nl,2,7.5,2022-08-26,2022-09-30,true,3.552,[Comedy]
67652,Sien van Sellingen,nl,2,7.5,2010-12-30,2012-11-09,false,2.351,[Family]
214546,Sleepers,nl,2,7.5,2022-12-08,2022-12-08,true,3.278,["Drama,  Crime"]
36185,Old Belgie,nl,2,7.5,2010-01-03,2010-02-07,false,1.303,["Drama,  Comedy"]
28496,Q&Q,nl,2,7.5,1974-10-05,1976-03-27,false,1.4,["Action & Adventure,  Kids,  Crime"]
114844,Veronica Inside,nl,2,7.5,2018-08-10,2021-12-20,false,18.665,[Talk]
68683,Echte Verhalen: De Buurtpolitie,nl,2,7.5,2014-02-03,2023-03-03,true,8.128,[Crime]
37445,Kees & Co,nl,2,7.5,1997-09-20,2020-04-04,false,3.374,[Comedy]
103841,Dertigers,nl,2,7.5,2020-05-18,2023-08-10,false,22.037,[Drama]
246439,Bodem,nl,2,7.5,2024-03-11,2024-04-01,true,19.047,["Comedy,  Drama"]
76966,The Prey,nl,2,7.5,2013-10-19,2013-11-02,false,1.615,[Drama]
66630,Oppassen!!!,nl,2,7.5,1991-03-09,2003-02-22,false,35.497,[Comedy]
38599,Tegen de Sterren op,nl,2,7.5,2010-12-05,2018-03-22,false,2.08,["Comedy,  Reality"]
79339,Jeuk,nl,2,7.5,2014-01-06,2018-05-20,false,2.142,["Comedy,  Family"]
218716,Boris,nl,2,7.5,2023-04-05,2023-05-24,false,843.0,[Documentary]
122169,Under Fire,nl,20,7.45,2021-09-12,2023-01-15,true,7.767,[Drama]
1887,Alfred J. Kwak,nl,35,7.443,1989-04-03,1991-03-16,false,23.683,["Animation,  Kids,  Action & Adventure"]
55509,Crimi Clowns,nl,8,7.4,2012-10-01,2018-05-25,false,3.615,["Comedy,  Drama"]
125693,The Bank Hacker,nl,9,7.333,2021-05-21,2021-05-21,false,16.056,[Drama]
67779,Callboys,nl,9,7.333,2016-09-08,2019-10-17,false,1.957,["Drama,  Comedy"]
79294,Tytgat Chocolat,nl,3,7.3,2017-09-10,2017-10-22,false,1.248,["Action & Adventure,  Drama"]
82842,LOIS,nl,3,7.3,2018-11-28,2018-12-12,false,1.182,["Drama,  Crime"]
19716,House of Anubis (NL),nl,3,7.3,2006-09-26,2009-12-04,false,41.09,["Kids,  Mystery,  Soap"]
81729,Fenix,nl,3,7.3,2018-03-01,2018-03-01,false,4.042,["Drama,  Crime"]
93602,High Flyers,nl,4,7.25,2020-01-11,2020-02-29,false,2.996,["Drama,  Action & Adventure,  War & Politics"]
68050,New Kids,nl,9,7.222,2007-12-10,2010-02-26,false,4.707,[Comedy]
61839,Salamander,nl,20,7.2,2012-12-30,2018-03-11,false,7.249,["Crime,  Drama"]
105306,Dirty Lines,nl,12,7.2,2022-04-08,2022-04-08,false,5.526,[Drama]
3233,De Mol,nl,10,7.2,1998-12-06,2023-05-14,true,4.398,["Reality,  Family"]
52028,Dokter Tinus,nl,6,7.2,2012-08-29,2017-11-13,false,10.511,["Comedy,  Drama"]
212408,The Golden Hour,nl,5,7.2,2022-10-23,2022-11-20,true,6.756,["Drama,  Crime"]
8308,Expeditie Robinson,nl,5,7.2,2000-10-01,2023-10-01,true,25.266,[Reality]
22556,De Zevensprong,nl,5,7.2,1982-09-30,1982-12-23,false,2.265,["Action & Adventure,  Family"]
69796,The Blood Pact,nl,5,7.2,2017-01-19,2020-11-26,false,4.989,["Drama,  Crime"]
62237,Popoz,nl,5,7.2,2013-11-03,2014-12-08,false,1.002,["Comedy,  Action & Adventure"]
53034,Deadline 14/10,nl,4,7.2,2012-08-23,2012-10-11,false,2.024,[Drama]
64533,Strikers,nl,4,7.2,2015-03-30,2017-11-06,false,2.367,[Drama]
68874,The Body Collector,nl,6,7.167,2016-11-23,2016-12-07,false,1.4,[Drama]
100013,Black-out,nl,7,7.143,2020-11-22,2021-01-24,false,2.422,["Drama,  Crime"]
114641,Red Light,nl,15,7.133,2020-12-04,2021-02-05,false,15.593,[Drama]
90522,Love Island,nl,13,7.115,2019-05-27,2023-09-16,true,17.243,[Reality]
63315,Cordon,nl,17,7.1,2014-03-10,2016-11-07,false,4.103,["Action & Adventure,  Mystery"]
94551,The Twelve,nl,98,7.0,2019-11-03,2023-10-01,true,24.545,[Drama]
36960,Code 37,nl,11,7.0,2009-08-31,2012-11-22,false,5.002,["Drama,  Crime"]
16148,F.C. De Kampioenen,nl,10,7.0,1990-10-06,2011-02-26,false,5.945,[Comedy]
62637,Smeris,nl,8,7.0,2014-03-17,2020-02-02,false,5.821,[Crime]
117264,Mocro Mafia: Zakaria,nl,7,7.0,2021-01-22,2021-01-22,false,2.171,["Action & Adventure,  Crime"]
109804,Fair Trade,nl,7,7.0,2021-02-15,2023-03-15,true,8.069,[Crime]
92132,Studio Tarara,nl,6,7.0,2019-02-12,2019-03-26,false,1.504,["Drama,  Comedy"]
42577,Backlight,nl,6,7.0,2002-09-08,2022-09-12,true,7.5,[Documentary]
101477,LEGO Masters,nl,6,7.0,2020-04-11,2022-10-22,true,915.0,[Reality]
37839,Framed,nl,6,7.0,2010-11-07,2010-11-28,false,0.6,[Drama]
101791,GR5,nl,5,7.0,2020-03-22,2020-05-10,false,1.194,[Drama]
49931,Danni Lowinski,nl,5,7.0,2013-03-18,2016-05-16,false,2.983,["Drama,  Comedy,  Romance"]
133054,Chantal,nl,4,7.0,2022-09-04,2022-10-23,true,8.374,["Crime,  Drama"]
93904,Stanley,nl,4,7.0,2019-10-13,2019-11-03,false,1.58,["Drama,  Crime"]
74270,The Hidden Force,nl,4,7.0,1974-09-09,1974-09-23,false,1.586,[Drama]
112101,Doodstil,nl,4,7.0,2020-12-27,2021-01-17,false,1.348,["Crime,  Drama"]
112915,Familie Gillis: Massa is Kassa,nl,3,7.0,2020-08-21,2023-07-11,true,5.487,[Reality]
81540,I know who you are,nl,3,7.0,2018-08-26,2018-12-09,false,8.359,[Drama]
12788,Spoed,nl,3,7.0,2000-01-24,2008-02-26,false,25.884,[Drama]
61778,The Biker Boys,nl,3,7.0,2014-12-21,2015-02-15,false,1.928,[Comedy]
71153,Zenith,nl,3,7.0,2017-03-12,2022-11-20,false,4.066,["Comedy,  Sci-Fi & Fantasy"]
38741,Dokter Deen,nl,3,7.0,2012-01-30,2018-05-17,false,2.643,[Drama]
24561,Herenstraat 10,nl,3,7.0,1983-12-03,1984-01-14,false,1.4,[Drama]
53151,Lijn 32,nl,3,7.0,2012-01-14,2012-03-03,false,1.824,[Drama]
22321,Fort Alpha,nl,2,7.0,1996-01-04,1997-05-23,false,2.342,[Drama]
139089,BuZa,nl,2,7.0,2021-11-19,2021-12-10,true,0.84,[Drama]
69483,De mannen van dokter Anne,nl,2,7.0,2016-12-06,2017-01-17,false,2.575,[Comedy]
27631,Swiebertje,nl,2,7.0,1961-10-18,1975-04-25,false,1.787,[Comedy]
63261,Bagels & Bubbels,nl,2,7.0,2015-04-07,2015-05-26,false,1.916,["Comedy,  Romance"]
74815,Soof: A New Begin,nl,2,7.0,2017-11-24,2018-11-29,true,3.111,["Drama,  Comedy"]
95995,Code van Coppens,nl,2,7.0,2019-10-30,2023-01-22,false,4.445,["Family,  Reality"]
42835,De Parelvissers,nl,2,7.0,2006-02-26,2006-04-02,false,1.219,[Drama]
209363,2DEZIT,nl,2,7.0,2022-09-29,2022-11-10,true,2.392,["Drama,  Comedy"]
85661,Riphagen,nl,2,7.0,2017-01-01,2017-01-15,false,3.091,["Drama,  War & Politics"]
209031,Sihame,nl,2,7.0,2022-08-28,2022-10-16,true,2.208,["Drama,  Crime"]
26323,We gaan nog niet naar huis,nl,2,7.0,2008-01-20,2010-06-06,false,1.153,[Comedy]
69299,The House,nl,2,7.0,2015-10-20,2023-01-30,true,2.814,["Talk,  Documentary"]
135604,Deep Shit,nl,2,7.0,2021-10-17,2021-11-28,false,1.555,["Action & Adventure,  Comedy"]
92761,DNA,nl,2,7.0,2019-08-29,2019-10-31,false,3.199,["Action & Adventure,  Crime"]
218714,Assisen,nl,2,7.0,2023-02-08,2023-03-29,true,1.918,[Crime]
226732,Anoniem,nl,2,7.0,2023-05-26,2023-07-28,true,2.914,[Crime]
95280,Red Sonja,nl,1,7.0,2011-12-05,2012-01-23,false,1.587,[Comedy]
62241,Liefde voor muziek,nl,1,7.0,2015-03-23,2023-05-23,true,3.227,[Reality]
225880,Bij Ons Op De Boerderij,nl,1,7.0,2023-05-18,2023-07-06,true,0.6,[Reality]
114886,Niets te melden,nl,1,7.0,2020-10-12,2020-10-12,true,1.257,[Comedy]
67844,Alloo bij...,nl,1,7.0,2016-09-06,2022-06-02,true,909.0,["Reality,  Documentary"]
65037,Bluf,nl,1,7.0,2014-09-11,2015-11-05,false,1.597,[Drama]
35150,Bassie & Adriaan,nl,1,7.0,1978-01-10,1995-09-15,false,6.337,[Comedy]
35187,Obese (NL),nl,1,7.0,2011-10-02,2022-07-20,true,1.056,[Reality]
220353,Special Forces: Wie Durft Wint,nl,1,7.0,2023-05-01,2023-06-05,true,3.076,[Reality]
33994,Benidorm Bastards,nl,1,7.0,2010-03-25,2010-11-20,false,1.946,["Reality,  Comedy"]
137347,Je Huis op Orde,nl,1,7.0,2021-10-13,2023-03-15,true,0.6,[Reality]
92837,De Vijfhoek,nl,1,7.0,2012-09-04,2012-11-27,false,2.208,[Drama]
124001,Hotel Römantiek,nl,1,7.0,2017-02-09,2022-10-23,true,2.401,["Reality,  Comedy"]
76293,De Mannentester,nl,1,7.0,2017-04-22,2017-06-24,false,2.51,[Drama]
82644,Seinpost Den Haag,nl,1,7.0,2011-09-04,2011-11-13,false,1.821,["Crime,  Drama"]
113456,Kopen Zonder Kijken,nl,1,7.0,2017-11-20,2023-06-19,true,1.77,[Reality]
201290,Waar doen ze het van?,nl,1,7.0,2020-09-23,2023-09-21,true,3.041,[Reality]
30641,Voetbal International,nl,1,7.0,2008-09-15,2013-01-25,false,13.741,[Talk]
68889,La Famiglia,nl,1,7.0,2016-09-29,2016-12-04,false,1.168,[Drama]
116109,Inbreken,nl,1,7.0,2021-01-06,2021-01-27,true,889.0,[Reality]
57929,Southside,nl,1,7.0,2013-09-02,2013-11-25,false,1.492,[Drama]
138137,Ewout:,nl,1,7.0,2021-10-11,2023-10-03,true,25.371,["Reality,  Documentary"]
28594,"Brug, De",nl,1,7.0,1990-09-02,1990-10-21,false,2.275,["Drama,  War & Politics"]
233997,You Never Walk Alone,nl,1,7.0,2023-09-03,2023-10-01,true,6.77,[Reality]
209373,Mommy Mafia,nl,1,7.0,2022-09-30,2022-09-30,false,1.322,[Comedy]
234848,Het jaar van ...,nl,1,7.0,2023-09-15,2023-09-29,true,12.245,[Reality]
205468,Voor Hetzelfde Geld,nl,1,7.0,2019-11-04,2022-07-05,true,0.6,[Reality]
219477,Incognito,nl,1,7.0,2023-02-17,2023-02-17,true,1.96,["Crime,  Drama"]
109458,The Voice Kids,nl,1,7.0,2014-09-05,2023-09-29,true,12.377,["Family,  Kids,  Reality"]
95965,Tygo in de Psychiatrie,nl,1,7.0,2019-11-28,2020-07-09,true,1.135,[Documentary]
131362,Regi Academy,nl,1,7.0,2021-08-19,2022-10-22,true,0.84,[Reality]
131394,Onverwacht,nl,1,7.0,2021-08-30,2021-10-04,true,645.0,[Reality]
238255,Casino Royaal,nl,1,7.0,2023-01-07,2023-02-11,true,5.379,[Reality]
238030,Kopen of Slopen?,nl,1,7.0,2023-11-06,2023-11-13,true,7.647,[Reality]
238255,Casino Royaal,nl,1,7.0,2023-01-07,2023-11-11,true,11.235,[Reality]
238820,De Frogers: Happy campers,nl,1,7.0,2023-11-02,2023-11-09,true,24.273,[Reality]
250889,Daar Gaan Ze Weer,nl,1,7.0,2024-04-02,2024-04-02,true,2.744,[Reality]
237895,Online criminelen ontmaskerd,nl,1,7.0,2023-10-23,2023-10-30,true,8.25,["Reality,  Crime"]
37501,David,nl,1,7.0,2009-09-18,2010-06-30,false,8.117,[Soap]
215631,Tough as Nails,nl,1,7.0,2023-01-09,2023-02-27,true,1.24,[Reality]
237895,Online criminelen ontmaskerd,nl,1,7.0,2023-10-23,2023-11-13,true,8.891,["Reality,  Crime"]
24842,Shouf Shouf!,nl,1,7.0,2006-01-01,2009-06-07,false,1.017,[Comedy]
76681,Zomer in Zeeland,nl,1,7.0,2018-01-08,2018-03-26,false,972.0,["Comedy,  Drama"]
134635,Jochem in de Wolken,nl,1,7.0,2021-10-15,2021-11-05,true,1.155,[Documentary]
90923,Rupel,nl,1,7.0,2004-09-03,2019-03-30,false,2.43,["Action & Adventure,  Crime"]
214610,Andy & Melisa,nl,1,7.0,2014-02-28,2022-11-18,true,1.182,[Reality]
214662,De Vermeires,nl,1,7.0,2023-02-18,2023-03-25,false,741.0,[Reality]
133413,Maud & Babs,nl,1,7.0,2021-09-12,2021-10-31,true,1.824,["Drama,  Comedy"]
155474,De Verraders,nl,1,7.0,2022-02-07,2023-10-01,true,8.352,[Reality]
36404,Wolven,nl,1,7.0,2012-12-04,2013-03-05,false,628.0,["Action & Adventure,  Drama"]
135775,Secret Duets,nl,1,7.0,2021-12-30,2023-06-22,true,1.576,[Reality]
68668,Alloo bij de Wegpolitie,nl,1,7.0,2014-09-04,2020-12-17,true,1.4,["Documentary,  Reality"]
208023,Veronica Offside,nl,1,7.0,2022-08-15,2023-10-02,true,13.978,[Talk]
93925,Napoleon in Holland,nl,1,7.0,2019-04-01,2019-04-22,false,1.251,[Documentary]
222651,Langs de nieuwe zijderoute,nl,1,7.0,2023-03-05,2023-04-09,false,729.0,[Documentary]
67068,Nieuwe Tijden,nl,1,7.0,2016-07-04,2018-08-31,false,23.212,["Drama,  Soap"]
220300,De Nieuwe Vermeer,nl,1,7.0,2023-02-12,2023-03-19,true,1.593,["Reality,  Documentary"]
96327,H3L,nl,1,7.0,2019-11-11,2023-02-24,true,5.454,[Drama]
121723,Snackmasters,nl,1,7.0,2021-04-27,2022-01-26,true,1.326,[Reality]
221917,Max Verstappen: Anatomy of a Champion,nl,1,7.0,2023-04-02,2023-04-16,false,2.698,[Documentary]
227491,Jungle in Huis,nl,1,7.0,2023-05-29,2023-07-03,true,866.0,[Reality]
116396,Surprise #LikeMe,nl,1,7.0,2021-01-10,2021-03-14,false,1.009,[Reality]
135032,Bureau Hofstad,nl,1,7.0,2021-10-12,2021-11-30,true,0.6,["Documentary,  Reality"]
75943,Rang 1,nl,1,7.0,2011-10-28,2012-12-19,false,1.216,[Drama]
229716,Ik Ga op Reis en Neem Mee,nl,1,7.0,2023-07-02,2023-08-27,true,1.072,[Reality]
30357,"Help, My Husband is a Handyman!",nl,1,7.0,2005-11-15,2023-04-10,true,6.812,[Reality]
202451,De 1% Quiz,nl,1,7.0,2022-05-21,2022-10-01,true,718.0,[Reality]
95099,Der Jahrhundertkrieg: Der Sturm,nl,1,7.0,2005-01-11,2005-02-01,false,871.0,["Documentary,  War & Politics"]
210233,Ministars,nl,1,7.0,2023-01-06,2023-02-17,true,0.6,[Reality]
101423,Headhunters,nl,1,7.0,2020-04-03,2020-05-22,true,0.6,["Drama,  Comedy"]
134333,Urk!,nl,1,7.0,2019-03-19,2023-10-03,true,15.232,[Reality]
62069,Geubels en de Belgen,nl,1,7.0,2013-09-05,2014-11-06,false,1.218,[Comedy]
78755,Blind Getrouwd,nl,1,7.0,2016-03-07,2023-10-02,true,14.423,[Reality]
221534,Race Across The World,nl,1,7.0,2023-03-15,2023-05-03,true,1.399,[Reality]
230858,Het Spaanse Dorp: Zarra,nl,1,7.0,2023-08-27,2023-10-02,true,7.964,[Reality]
230856,"Samen Uit, Samen Thuis?",nl,1,7.0,2023-08-29,2023-10-01,true,8.79,[Reality]
124272,Zeeman Confronteert: Stalkers,nl,1,7.0,2020-11-10,2023-06-27,true,4.353,["Reality,  Crime"]
216122,F1 2022: Year of the Lion,nl,1,7.0,2022-11-30,2022-11-30,false,1.321,[Documentary]
126357,The Most Dangerous Roads in the World,nl,1,7.0,2016-01-17,2023-01-29,true,3.711,["Reality,  Documentary"]
96647,Het Beest van Harkstede,nl,1,7.0,2019-12-18,2019-12-18,false,675.0,[Documentary]
81298,Aaf,nl,1,7.0,2013-03-16,2015-01-24,true,2.463,["Family,  Comedy"]
36142,Katarakt,nl,1,7.0,2007-12-09,2008-03-02,false,5.939,[Drama]
227583,Déjà Vu - Alles is Voorbestemd,nl,1,7.0,2023-04-07,2023-04-21,false,653.0,["Drama,  Sci-Fi & Fantasy"]
122584,Zorgen Voor Mama,nl,1,7.0,2021-04-20,2022-06-20,true,0.6,[Reality]
29243,Doris,nl,1,7.0,,,false,0.6,[Comedy]
200893,Ten minste houdbaar tot,nl,1,7.0,2022-06-02,2022-07-21,false,982.0,["Comedy,  Drama"]
111705,De Slet van 6VWO,nl,1,7.0,2017-11-02,2021-07-16,false,5.745,[Drama]
94017,Gaston & Leo,nl,1,7.0,1989-01-01,1991-03-31,false,1.132,[Comedy]
42728,Stille Waters,nl,1,7.0,2001-12-09,2002-03-03,false,1.295,[Drama]
216864,War Junkies,nl,1,7.0,2023-02-01,2023-02-01,false,1.733,["Documentary,  War & Politics"]
63815,Meiden van de Herengracht,nl,1,7.0,2015-09-02,2015-10-21,false,0.6,[Drama]
70103,Bitterzoet,nl,1,7.0,2017-01-17,2017-02-21,false,1.695,[Comedy]
87073,Morten,nl,1,7.0,2019-04-07,2019-05-26,false,2.155,[Drama]
136547,Race Om De Ringen,nl,1,7.0,2022-05-26,2022-07-07,true,681.0,[Reality]
117168,Marble Mania,nl,1,7.0,2021-01-21,2023-04-22,true,1.842,[Family]
103006,De Jacht op de Mocro-Maffia,nl,1,7.0,2020-04-24,2023-03-29,true,3.004,["Documentary,  Crime"]
130096,Willemspark,nl,1,7.0,2007-02-08,2007-03-29,false,1.41,["Drama,  Comedy,  Kids"]
16900,Voetbalvrouwen,nl,1,7.0,2007-03-18,2010-01-29,false,4.316,["Drama,  Comedy"]
139643,The Villa Murder,nl,1,7.0,2020-01-15,2021-09-13,true,0.6,[Documentary]
122171,The ancestor,nl,1,7.0,2023-01-01,2023-02-19,false,2.3,["Drama,  War & Politics"]
99878,Helden van hier: De MUG,nl,1,7.0,2020-02-24,2023-09-28,true,11.159,["Documentary,  Reality"]
153881,Restaurant Misverstand,nl,1,7.0,2022-03-17,2023-03-20,true,757.0,[Reality]
62621,Familie Kruys,nl,1,7.0,2015-03-29,2019-10-20,true,2.338,["Comedy,  Family"]
118489,E.O.D.: Explosieven Opruimings Dienst,nl,1,7.0,2021-01-05,2021-12-16,true,665.0,["Documentary,  Reality"]
218525,Sinan op zoek naar het Paradijs,nl,1,7.0,2023-01-05,2023-01-26,false,697.0,["Documentary,  Reality"]
205943,"Boeren, Bijbels en Beauties",nl,1,7.0,2022-07-18,2022-08-22,true,0.6,[Reality]
81916,Otje,nl,1,7.0,1998-10-03,1999-01-09,false,1.568,[Kids]
237895,Online criminelen ontmaskerd,nl,1,7.0,2023-10-23,2023-11-06,true,8.189,["Reality,  Crime"]
238820,De Frogers: Happy campers,nl,1,7.0,2023-11-02,2023-11-02,true,5.379,[Reality]
124730,Tijd is Geld,nl,1,7.0,2021-05-07,2021-05-07,true,641.0,[Documentary]
199349,Fout Maar Goud,nl,1,7.0,2022-09-01,2022-10-20,true,1.252,[Reality]
199344,Blow Up,nl,1,7.0,2022-06-03,2023-07-01,true,1.172,["Reality,  Family"]
238255,Casino Royaal,nl,1,7.0,2023-01-07,2023-11-04,true,11.719,[Reality]
237895,Online criminelen ontmaskerd,nl,1,7.0,2023-10-23,2023-10-23,true,1.96,["Reality,  Crime"]
153187,Citroenstraat 10,nl,1,7.0,2019-12-09,2019-12-19,false,1.4,[Comedy]
240605,Winter vol Liefde,nl,1,7.0,2023-12-18,2023-12-21,true,36.788,[Reality]
133979,Two Summers,nl,27,6.926,2022-02-06,2022-03-13,false,13.339,["Mystery,  Drama"]
82835,ANNE+,nl,7,6.9,2018-09-30,2020-04-21,false,3.618,[Drama]
65017,Safety First,nl,7,6.857,2013-10-30,2014-12-17,false,2.593,[Comedy]
26324,Flikken Maastricht,nl,24,6.833,2007-09-03,2023-05-19,true,28.426,["Crime,  Action & Adventure"]
43757,The Adulterer,nl,10,6.8,2011-09-08,2015-11-19,false,8.497,[Drama]
64011,Professor T.,nl,9,6.8,2015-09-13,2018-12-09,false,3.848,["Drama,  Crime"]
50116,What If?,nl,4,6.8,2011-04-04,2016-11-23,true,4.559,[Comedy]
61774,Celblok H,nl,4,6.8,2014-03-03,2017-03-27,false,3.307,["Crime,  Drama"]
75460,W817,nl,4,6.8,1999-01-06,2003-03-17,false,24.241,[Comedy]
84968,De kijk van Koolhoven,nl,5,6.75,2018-10-05,2022-12-23,true,1.109,["Documentary,  Talk"]
223668,Rough Diamonds,nl,42,6.7,2023-04-21,2023-04-21,true,17.293,["Drama,  Crime"]
68590,The Swell,nl,14,6.7,2016-11-05,2016-12-10,false,4.69,[Drama]
61506,New Neighbors,nl,7,6.7,2014-09-14,2019-05-10,false,7.171,["Drama,  Crime"]
65507,Auwch_,nl,3,6.7,2016-02-01,2019-05-01,true,1.257,[Comedy]
63212,Dagboek van een Callgirl,nl,3,6.7,2015-03-26,2015-04-23,false,3.155,[Drama]
69964,Meyer's Law,nl,3,6.7,2017-01-25,2017-02-15,false,3.203,[Drama]
21270,Kapitein Zeppos,nl,3,6.7,1964-10-21,1969-05-16,false,2.289,["Family,  Action & Adventure"]
87821,Terug naar Oosterdonk,nl,3,6.7,1997-10-18,1997-11-22,true,1.841,[Drama]
72321,Lili and Marleen,nl,3,6.7,1994-09-05,2010-02-28,false,4.139,["Drama,  Comedy"]
63830,De Bunker,nl,3,6.7,2015-08-31,2023-05-11,false,2.97,["Action & Adventure,  Mystery"]
86769,Ares,nl,76,6.691,2020-01-17,2020-01-17,false,11.322,[Mystery]
81679,Toon,nl,9,6.667,2016-04-22,2017-05-26,false,4.006,[Comedy]
208831,The Crash,nl,9,6.667,2022-09-29,2022-10-04,false,7.252,["Drama,  Mystery"]
67729,Flight HS13,nl,9,6.667,2016-09-04,2016-10-30,false,4.626,[Drama]
124428,B&B Vol Liefde,nl,9,6.667,2021-07-12,2023-08-27,true,16.813,[Reality]
14670,Gooische Vrouwen,nl,9,6.625,2005-10-30,2009-10-23,false,4.654,["Drama,  Comedy"]
115646,Lisa,nl,37,6.6,2021-01-25,2023-10-02,true,872.901,["Drama,  Family"]
81180,Women of the Night,nl,19,6.5,2019-11-10,2020-01-12,false,7.339,["Drama,  Crime"]
79876,Over Water,nl,13,6.5,2018-12-16,2020-03-15,false,3.944,["Drama,  Crime"]
12908,Flikken,nl,11,6.5,1999-10-17,2009-04-19,false,3.901,["Drama,  Action & Adventure"]
104649,1985,nl,10,6.5,2023-01-22,2023-03-12,false,13.212,["Drama,  Crime"]
82303,In de Vlaamsche pot,nl,4,6.5,1990-10-04,1994-12-20,false,9.723,["Comedy,  Family"]
214663,Modern Love Amsterdam,nl,4,6.5,2022-12-16,2022-12-16,false,4.7,["Drama,  Comedy"]
51887,Van As & Sons,nl,4,6.5,2012-03-23,2021-02-07,true,5.438,["Comedy,  Family,  Drama"]
88832,Geub,nl,4,6.5,2019-09-03,2019-10-22,false,1.776,[Comedy]
36148,Nonkel Jef,nl,2,6.5,1995-03-25,2001-08-27,false,15.071,[Comedy]
68416,The Hunt,nl,2,6.5,2016-05-23,2016-06-06,false,1.327,[Crime]
107388,For Queen and Country,nl,2,6.5,1979-01-13,1979-02-03,false,1.749,["Drama,  War & Politics"]
68116,Centraal Medisch Centrum,nl,2,6.5,2016-10-02,2018-03-26,false,1.615,[Drama]
31354,Gnome Wesley,nl,2,6.5,2009-08-31,2010-05-25,false,6.178,["Animation,  Comedy"]
82057,Nederland van Boven,nl,2,6.5,2011-12-06,2014-01-23,false,904.0,[Documentary]
54209,All Stars: De Serie,nl,2,6.5,1999-09-10,2001-12-18,false,3.695,["Drama,  Comedy"]
81221,Suspects,nl,2,6.5,2017-03-12,2018-04-05,true,1.4,[Crime]
65341,The Eleventh of the Eleventh,nl,2,6.5,2016-01-03,2016-02-14,false,1.4,["Drama,  Comedy"]
133304,Misfit: The Series,nl,5,6.4,2021-10-16,2021-10-16,true,2.104,[Comedy]
116394,Danni Lowinski,nl,3,6.333,2012-03-01,2013-05-23,false,3.67,["Comedy,  Drama"]
135776,Bonnie & Clyde,nl,3,6.333,2021-11-04,2021-11-04,true,1.4,[Drama]
93533,Thieves of the Wood,nl,180,6.319,2020-01-02,2020-01-02,false,15.141,["Drama,  Action & Adventure,  Mystery"]
119069,That One Word - Feyenoord,nl,3,6.3,2021-09-01,2021-10-27,false,2.218,[Documentary]
122958,#hetisingewikkeld,nl,3,6.3,2017-08-30,2020-11-17,true,1.4,["Drama,  Comedy"]
75680,13 Commandments,nl,26,6.2,2018-09-10,2018-12-03,false,5.727,["Mystery,  Crime"]
35489,Witse,nl,6,6.2,2004-01-11,2016-12-18,false,19.687,["Action & Adventure,  Drama,  Crime,  Mystery"]
210311,Geldwolven,nl,4,6.2,2022-11-14,2022-12-26,true,3.011,["Crime,  Drama"]
71291,Gent-West,nl,4,6.2,2018-02-07,2019-04-17,false,2.437,["Crime,  Drama"]
25778,Family,nl,13,6.154,1991-12-30,2023-10-02,true,183.905,[Soap]
108934,Drag Race Holland,nl,11,6.0,2020-09-18,2021-09-24,false,2.712,[Reality]
73901,Meisje van Plezier,nl,7,6.0,2017-09-10,2020-12-06,false,2.668,[Drama]
8318,Zone Stad,nl,4,6.0,2003-12-13,2013-05-27,false,11.079,[Drama]
114155,Temptation Island Love or Leave,nl,3,6.0,2020-11-26,2023-06-15,true,8.968,[Reality]
110346,Albatross,nl,3,6.0,2020-07-01,2020-07-01,false,1.733,["Drama,  Comedy"]
214463,The Real Housewives of Amsterdam,nl,2,6.0,2022-11-24,2023-01-12,true,1.848,[Reality]
12080,Het Klokhuis,nl,2,6.0,,2005-07-10,true,0.6,["Kids,  Family"]
35838,Toen was geluk heel gewoon,nl,2,6.0,1994-01-02,2009-06-03,false,19.531,[Comedy]
219339,Bartje,nl,2,6.0,1972-12-26,1973-03-20,false,0.6,["Family,  Drama"]
90896,Crème de la Crème,nl,1,6.0,2013-01-07,2013-03-11,false,1.342,[Drama]
208782,De Repair Shop,nl,1,6.0,2022-08-29,2022-11-14,true,0.6,[Reality]
117771,Helden van Hier: Op Interventie,nl,1,6.0,2018-09-05,2023-02-22,false,709.0,[Documentary]
131493,Klopjacht,nl,1,6.0,2021-10-18,2023-10-01,true,11.843,[Reality]
131495,James De Musical,nl,1,6.0,2021-11-25,2023-02-02,true,2.681,[Reality]
116145,De Perfecte Verbouwing,nl,1,6.0,2021-01-06,2023-02-06,true,4.077,[Reality]
205293,Ze Weten Alles Van Je,nl,1,6.0,2022-06-29,2022-06-29,false,769.0,["Documentary,  Drama"]
36776,Spijkerhoek,nl,1,6.0,1989-01-04,,false,0.99,[Drama]
55682,Met man en macht,nl,1,6.0,2013-01-28,2013-03-18,true,0.6,["Comedy,  Drama"]
139158,Woensel West,nl,1,6.0,2021-12-17,2021-12-17,false,1.148,["Drama,  Comedy,  Crime"]
93300,Chantals Pyjama Party,nl,1,6.0,2019-09-05,2023-02-24,true,806.0,[Reality]
64781,Tessa,nl,1,6.0,2015-11-26,2016-01-21,false,1.963,["Comedy,  Drama"]
37001,De Rodenburgs,nl,1,6.0,2009-10-07,2011-04-06,false,5.621,[Drama]
28707,Temptation Island,nl,1,6.0,2002-03-01,2020-06-03,true,4.337,[Reality]
122056,Storm Lara,nl,1,6.0,2021-08-23,2021-08-23,false,887.0,["Drama,  Mystery"]
106023,Love Island Nederland,nl,1,6.0,2019-09-23,2021-07-09,true,8.604,[Reality]
232702,Jordy's Zomervlog,nl,1,6.0,2023-08-14,2023-08-14,false,1.123,[Comedy]
202842,Domino Challenge,nl,1,6.0,2022-05-28,2022-07-02,true,2.712,[Reality]
153921,Taxi Joris,nl,1,6.0,2022-01-12,2022-09-28,true,1.4,[Reality]
93894,Children of the Colony,nl,1,6.0,2018-11-20,2019-01-01,false,1.182,[Documentary]
83993,Famke Louise,nl,1,6.0,2018-11-04,2018-11-04,true,0.6,[Documentary]
99165,De burgemeester van Veurne,nl,1,6.0,1984-09-30,1984-10-14,false,1.512,["Crime,  Drama"]
79344,Deadline 25/5,nl,1,6.0,2014-04-03,2014-05-22,false,1.41,["Crime,  News"]
114049,Temptation Island VIPS,nl,1,6.0,2018-06-07,2019-09-26,false,788.0,[Reality]
42704,Sedes & Belli,nl,1,6.0,2002-12-08,2004-01-04,false,903.0,[Drama]
29893,Floor Faber,nl,1,6.0,2009-10-27,2009-12-29,false,1.963,["Drama,  Comedy"]
112778,Bij Ons Op Het Kamp,nl,1,6.0,2020-08-31,2022-12-22,true,1.807,["Reality,  Documentary"]
237094,The Jump,nl,1,6.0,2023-10-21,2023-10-21,true,8.046,[Reality]
61961,Vossenstreken,nl,1,6.0,2015-01-19,2015-03-23,false,1.259,["Drama,  Crime"]
114885,Big Brother,nl,8,5.9,2021-01-04,2023-04-01,true,10.178,[Reality]
65055,Loving Ibiza: Series,nl,4,5.8,2013-10-26,2013-12-14,false,2.097,["Comedy,  Drama"]
60553,Ramses,nl,4,5.8,2014-01-10,2014-01-31,false,1.576,[Drama]
29982,Sil de strandjutter,nl,4,5.8,1976-10-16,1976-11-27,false,1.839,[Drama]
97005,Amsterdam Vice,nl,4,5.8,2019-12-30,2020-02-09,false,4.031,[Crime]
208487,Arcadia,nl,7,5.786,2023-03-19,2023-05-07,true,8.262,["Drama,  Sci-Fi & Fantasy"]
158732,Million Dollar Island,nl,3,5.7,2022-03-06,2023-06-25,true,4.339,[Reality]
29875,The Factory,nl,6,5.5,1981-03-16,1982-04-16,false,3.449,[Drama]
29082,De Wereld Draait Door,nl,4,5.5,2005-10-10,2017-05-19,true,240.638,[Talk]
113846,Mensen zoals jij en ik,nl,2,5.5,1981-12-14,1985-01-14,false,4.663,[Drama]
27686,Verborgen Gebreken,nl,2,5.5,2009-03-02,2011-05-09,false,2.286,[Drama]
89564,De Luizenmoeder,nl,2,5.5,2019-01-09,2020-03-11,false,2.406,[Comedy]
91805,Gina & Chantal,nl,2,5.5,2019-08-27,2019-10-29,false,1.4,["Drama,  Comedy"]
232410,Jordy doet Ibiza,nl,2,5.5,2023-08-16,2023-09-09,false,1.351,[Comedy]
209762,Five Live,nl,2,5.5,2022-10-02,2022-11-20,true,3.272,["Drama,  Comedy"]
113635,A Good Year,nl,5,5.4,2020-07-23,2020-09-10,false,2.198,["Drama,  Comedy,  Crime"]
14506,Thuis,nl,7,5.3,1995-12-23,2023-10-02,true,18.88,[Soap]
131514,Alloo bij de Verkeerspolitie,nl,3,5.3,2021-10-14,2023-10-02,true,15.594,[Documentary]
81541,Floodland,nl,4,5.25,2019-03-22,2019-03-22,false,1.738,[Drama]
137650,Soil,nl,10,5.2,2021-10-26,2021-12-14,false,2.919,["Drama,  Comedy"]
66191,Mailbox X,nl,4,5.2,1989-01-02,1990-03-09,false,2.237,[Kids]
30270,Oorlogswinter,nl,4,5.2,1975-10-02,1975-12-25,false,775.0,[Drama]
30639,Aspe,nl,6,5.0,2004-02-13,2014-06-04,false,10.859,["Drama,  Action & Adventure,  Crime"]
42596,Moordvrouw,nl,5,5.0,2012-01-20,2018-03-11,false,3.968,[Action & Adventure]
218529,LOL: Last One Laughing Netherlands,nl,4,5.0,2023-01-20,2023-01-27,true,2.786,[Comedy]
11431,De Kotmadam,nl,3,5.0,1991-12-30,2023-02-12,true,11.498,[Comedy]
205048,I Want your Song,nl,2,5.0,2022-07-01,2022-08-19,true,1.566,[Reality]
26993,Diamant,nl,2,5.0,1997-08-31,1997-10-05,false,1.014,[Drama]
92716,Het Goddelijke Monster,nl,2,5.0,2011-09-04,2011-11-06,false,1.622,[Drama]
212171,Interstellar Ella,nl,2,5.0,2022-10-17,2022-10-31,true,4.552,[Animation]
122585,Billie vs Benjamin,nl,2,5.0,2022-01-17,2022-01-17,false,4.355,["Comedy,  Drama"]
90840,Fiskepark,nl,1,5.0,2019-05-15,2019-07-03,true,1.492,[Drama]
202223,Spartacus Run,nl,1,5.0,2022-06-27,2022-07-21,true,2.359,[Reality]
119185,TRECX,nl,1,5.0,2021-03-01,2021-03-01,true,1.4,[Comedy]
136598,First Dates NL,nl,1,5.0,2015-03-25,2023-03-29,true,27.009,[Reality]
94158,De Kolderbrigade,nl,1,5.0,1980-03-03,1980-04-14,false,1.4,[Comedy]
36777,Rozengeur & Wodka Lime,nl,1,5.0,2001-09-02,2006-06-25,false,8.659,["Comedy,  Drama"]
63611,Voetbal Inside,nl,1,5.0,2015-08-10,2016-08-01,false,6.107,[Talk]
238256,Ranking The Talent,nl,1,5.0,2023-11-04,2023-11-11,true,11.75,[Reality]
65460,Rough Justice,nl,1,5.0,2016-01-04,2016-03-28,false,1.072,["Drama,  Crime"]
124716,Onmogelijke duetten,nl,1,5.0,2021-05-02,2022-05-07,true,1.669,[Reality]
139084,Gilliams & De Bie,nl,1,5.0,1997-02-19,1999-04-02,false,883.0,[Crime]
124422,"F*** You Very, Very Much",nl,1,5.0,2021-08-01,2023-08-02,true,2.158,[Comedy]
74752,Anneliezen,nl,1,5.0,2010-10-15,2010-12-03,false,628.0,[Comedy]
102005,De Vloek van Woestewolf,nl,1,5.0,1974-01-01,1974-03-26,false,0.6,["Kids,  Mystery"]
30280,De Troon,nl,1,5.0,2010-03-06,2010-04-10,false,1.345,[Drama]
92559,Amateurs,nl,1,5.0,2014-09-01,2014-10-26,false,1.4,["Comedy,  Drama"]
27904,Schiet mij maar lek,nl,1,5.0,2001-09-06,2002-11-28,false,1.881,[Comedy]
238256,Ranking The Talent,nl,1,5.0,2023-11-04,2023-11-04,true,12.384,[Reality]
92745,Connie & Clyde,nl,3,4.7,2013-09-04,2018-05-29,false,3.804,["Drama,  Comedy"]
205401,Ik Weet Er Alles Van! VIPS,nl,2,4.5,2020-08-17,2022-07-15,true,1.054,[Reality]
80746,De Spa,nl,2,4.5,2017-10-03,2018-03-28,false,15.335,["Drama,  Soap"]
49957,Malaika,nl,2,4.5,2013-03-25,2013-05-31,false,11.509,[Drama]
208711,Een Jaar Van Je Leven,nl,7,4.2,2022-09-05,2023-08-25,true,11.024,[Reality]
11890,"Goede Tijden, Slechte Tijden",nl,13,4.0,1990-10-01,2023-09-28,true,462.342,[Soap]
36062,Best Friends,nl,4,4.0,2007-09-03,2022-04-28,true,112.111,["Comedy,  Drama,  Soap"]
155086,The Spectacular,nl,3,4.0,2022-01-02,2022-01-23,false,1.988,["War & Politics,  Crime"]
212920,André Hazes: Crossroads,nl,2,4.0,2022-10-20,2022-10-20,false,725.0,["Documentary,  Reality"]
94609,Glad IJs,nl,2,4.0,2021-06-16,2021-06-16,false,3.459,["Drama,  Crime"]
127309,Wilhelmina,nl,1,4.0,2001-04-02,2001-04-23,false,1.697,[Drama]
116881,Belgium's Got Talent,nl,1,4.0,2012-08-31,2021-11-19,true,1.96,["Family,  Reality"]
102299,Ti-Ta Wizard,nl,1,4.0,1972-10-01,1974-06-01,false,2.128,["Kids,  Family"]
138147,De Avondshow met Arjen Lubach,nl,1,4.0,2022-02-21,2023-10-03,true,268.652,[Talk]
66085,Patrouille Linkeroever,nl,1,4.0,2016-03-30,2016-06-01,false,2.049,[Comedy]
106288,André Van Duin - De Dik Voormekaar Show,nl,1,4.0,1977-10-06,2009-05-28,false,1.234,["Family,  Comedy"]
79314,Brussel,nl,1,4.0,2017-01-20,2017-01-20,false,1.91,[Drama]
219155,The Talent Scouts,nl,1,4.0,2023-07-08,2023-08-26,true,1.566,[Reality]
139312,Diepe Gronden,nl,1,4.0,2022-01-02,2022-01-23,false,2.478,["Drama,  Crime"]
61591,Adam zkt. Eva,nl,12,3.9,2014-03-04,2018-10-10,false,9.471,[Reality]
82708,The First Years,nl,4,3.8,2014-05-26,2023-10-02,true,1576.642,["Soap,  Drama"]
25252,S1ngle,nl,4,3.8,2008-10-14,2010-06-08,false,2.29,["Comedy,  Drama"]
75203,Hunted,nl,3,3.7,2016-10-17,2023-09-27,true,24.352,[Reality]
210855,NOW WHAT,nl,7,3.6,2022-09-26,2022-12-24,true,2.39,[Reality]
157392,The Club of Ugly Children,nl,2,3.0,2019-09-15,2019-11-03,true,1.942,[Action & Adventure]
117313,Dennis,nl,2,3.0,2002-01-02,2003-04-16,false,1.272,[Comedy]
205470,Het Beste Antwoord,nl,1,3.0,2022-07-10,2022-08-21,true,667.0,[Reality]
194681,Think Inside The Box,nl,1,3.0,2022-05-06,2022-06-03,false,1.785,[Reality]
206015,Don't Scream,nl,1,3.0,2022-10-03,2022-10-31,true,1.599,[Reality]
61806,Utopia,nl,6,2.8,2014-01-06,2016-10-01,false,1.659,[Reality]
124598,De Oranjezomer,nl,6,2.5,2021-06-10,2023-08-11,true,11.085,[Talk]
208752,Married at First Sight: Match or Mistake,nl,2,2.0,2022-08-22,2023-09-26,true,4.624,[Reality]
98417,Los Zand,nl,1,2.0,2009-09-03,2009-11-26,false,632.0,["Action & Adventure,  Drama"]
88642,Daily Fables,nl,1,2.0,2019-04-19,2019-04-19,true,2.451,["Kids,  Family"]
206156,Donnie Speciaal,nl,1,2.0,2022-07-14,2022-07-14,false,0.6,[Reality]
198239,ANNA: STATUS,nl,1,2.0,2022-04-29,2022-04-29,true,1.226,[Documentary]
224354,Wolfpack,nl,1,2.0,2023-03-17,2023-03-17,false,1.952,[Documentary]
214613,Kookklunzen,nl,1,2.0,2022-12-08,2022-12-29,true,713.0,[Reality]
220279,Veekay,nl,1,2.0,2023-02-10,2023-02-10,false,0.84,[Documentary]
38799,Real Girls in the Jungle,nl,1,2.0,2011-03-24,2023-02-27,true,1.4,[Reality]
214331,Ruud Gullit en de mysteries van het oude Egypte,nl,1,2.0,2022-11-11,2022-11-11,true,1.855,[Documentary]
8997,Spuiten en Slikken,nl,1,2.0,2005-10-10,2012-10-07,true,12.913,["Documentary,  Reality"]
91841,Tik Tak,nl,1,2.0,1985-01-01,2020-10-22,true,2.711,[Kids]
146407,Special Forces VIPS,nl,1,2.0,2021-12-13,2023-06-11,true,1.16,[Reality]
225990,Van A naar Onbekend,nl,1,2.0,2023-04-21,2023-05-19,true,0.6,["Comedy,  Reality"]
139681,De Bende van Jan de Lichte Behind the Scenes,nl,1,2.0,2021-11-28,2021-11-28,false,1.4,[Documentary]
22857,Lieve Lust,nl,1,2.0,2005-08-16,2006-02-01,false,937.0,["Comedy,  Drama"]
108941,Ziggy and the Zoo Tram,nl,1,2.0,2016-12-26,2020-05-15,true,1.91,[Animation]
221668,All-in team Jumbo Visma,nl,1,2.0,2023-03-01,2023-03-01,false,741.0,["Documentary,  Reality"]
158580,Rico: Dream Big,nl,1,2.0,2022-03-04,2022-03-04,true,1.96,[Documentary]
15820,Draadstaal,nl,1,1.5,2007-09-14,2023-05-14,true,2.679,[Comedy]
66182,Koning van de Wereld,nl,1,1.0,2007-12-12,2008-01-09,false,1.464,["Action & Adventure,  Drama"]
26428,Ik vertrek,nl,1,1.0,2005-09-02,2023-09-28,true,17.227,[Documentary]
130849,Queer Amsterdam,nl,1,1.0,2017-02-08,2017-02-08,false,1.249,[Drama]
98681,Gentbrugge,nl,1,1.0,2020-01-08,2020-01-15,true,0.6,["Documentary,  Family"]
27901,De Avondetappe,nl,1,1.0,2005-07-02,2023-07-23,true,7.999,["Talk,  News"]
129607,MAUVE.,nl,1,0.0,2021-04-22,2023-09-15,true,1.31,[Documentary]
94533,Publiek Geheim,nl,1,0.0,2010-03-23,2014-05-07,false,0.6,[Documentary]
65588,Langs de oevers van de Yangtze,nl,1,0.0,2016-02-07,2016-03-13,false,876.0,[Documentary]
