85648,Wanna Have A Good Time,hi,3,10.0,2019-01-09,2019-01-15,true,4.852,["Comedy,  Drama"]
82605,Dance Plus,hi,3,10.0,2015-07-26,2021-10-15,true,28.36,[Reality]
118533,Kahaan Hum Kahaan Tum,hi,2,10.0,2019-06-17,2019-06-17,false,0.76,["Comedy,  Family"]
82416,Kuch Rang Pyar Ke Aise Bhi,hi,2,10.0,2016-02-29,2021-08-25,false,5.379,["Drama,  Soap,  Family"]
136568,Dil Toh Happy Hai Ji,hi,2,10.0,2019-01-15,2019-01-15,false,708.0,["Comedy,  Family"]
96007,Cheesecake,hi,2,10.0,2019-11-29,2019-11-29,false,2.526,["Drama,  Family"]
91237,Ishq Aaj Kal,hi,1,10.0,2019-07-10,2019-10-30,false,888.0,["Drama,  Mystery"]
136761,Pinaki & Happy - The Bhoot Bandhus,hi,1,10.0,2020-11-09,2020-11-09,true,2.871,["Comedy,  Animation,  Kids"]
16342,Oye! It's Friday!,hi,1,10.0,2008-12-12,2009-03-20,false,2.152,[Talk]
112591,Dance With Me,hi,1,10.0,2020-11-01,2020-11-01,true,643.0,[Reality]
136675,itna karo na mujhe pyaar,hi,1,10.0,2014-11-17,2014-11-17,false,0.6,[Drama]
33581,Pyaar Kii Ye Ek Kahaani,hi,1,10.0,2010-10-18,2011-12-15,false,9.227,["Mystery,  Drama,  Soap"]
136606,कुछ तो है तेरे मेरे दरमियां,hi,1,10.0,2015-11-28,2015-11-28,false,754.0,[Drama]
136626,koi laut ke aaya hai,hi,1,10.0,2017-02-25,2017-02-25,false,925.0,["Mystery,  Drama"]
137236,aadhe adhoore,hi,1,10.0,2015-12-14,2015-12-14,true,875.0,[Drama]
75712,Tamas,hi,1,10.0,1988-01-09,1988-02-13,false,2.011,[Drama]
69390,Saraswatichandra,hi,1,10.0,2013-02-25,2013-06-24,false,42.841,[Soap]
98127,Madhuri Talkies,hi,1,10.0,2020-01-12,2020-01-12,true,919.0,["Drama,  Mystery"]
99918,India's Best Dancer,hi,1,10.0,2020-02-29,2023-09-30,true,80.069,[Reality]
89650,Simply Baatein With Raveena,hi,1,10.0,2014-09-07,2014-11-23,false,1.771,[Talk]
217912,Janam Janam Ka Saath,hi,1,10.0,2022-11-14,2022-11-14,true,0.6,[Drama]
89683,Up Close & Personal with PZ,hi,1,10.0,2011-09-03,2011-11-12,true,2.112,[Talk]
30785,Tere Mere Beach Mein,hi,1,10.0,2009-08-30,2009-11-22,true,3.041,[Reality]
242574,Aangan Aapno Kaa,hi,1,10.0,2023-12-11,2023-12-29,true,1.4,[Drama]
247044,Rakshak India's Braves,hi,1,10.0,2024-02-17,2024-02-22,true,9.659,["War & Politics,  Action & Adventure,  Drama"]
90990,Comedy Nights Bachao,hi,1,10.0,2015-09-15,2016-11-26,true,49.911,["Talk,  Comedy"]
16378,Bandini,hi,1,10.0,2009-01-19,2009-01-19,false,663.0,["Soap,  Drama"]
156035,Fanaa: Ishq Mein Marjawa,hi,1,10.0,2022-01-31,2022-09-02,true,7.484,[Drama]
139710,Jaana Na Dil Se Door,hi,1,10.0,2016-05-09,2016-05-09,false,876.0,["Drama,  Soap"]
42334,Sur Kshetra,hi,1,10.0,2012-09-08,2013-04-13,false,6.369,[Reality]
216999,Bandbudh Aur Budbak,hi,1,10.0,,,true,0.6,["Animation,  Comedy,  Kids"]
110249,Crackdown,hi,1,10.0,2020-09-23,2023-05-31,true,1.711,["Action & Adventure,  Crime,  Drama"]
195516,Woh To Hai Albelaa,hi,1,10.0,2022-03-14,2022-04-29,true,1.426,[Drama]
100708,State of Siege 26/11,hi,1,10.0,2020-03-20,2020-03-20,false,3.433,["Action & Adventure,  Crime"]
213206,Buddha: Rajaon ka Raja,hi,1,10.0,2013-09-08,2014-09-21,false,1.4,[Drama]
114456,Pati Patni Aur Panga,hi,1,10.0,2020-12-11,2020-12-11,false,2.904,["Comedy,  Drama,  Family"]
126520,Ek Bhram - Sarvagun Sampanna,hi,1,10.0,2019-04-22,2021-05-17,false,6.908,[Drama]
102751,Dahleez,hi,1,10.0,2016-03-14,2016-03-14,false,691.0,["Family,  Drama,  Soap"]
156231,Kyun Utthe Dil Chhod Aaye ?,hi,1,10.0,2021-01-27,2021-01-27,false,1.4,[Drama]
99838,Ek Hasina Thi,hi,1,10.0,2014-04-14,2014-04-15,true,3.255,["Drama,  Soap"]
120112,Mehndi Hai Rachne Waali,hi,1,10.0,2021-02-15,2021-11-27,false,15.502,["Drama,  Soap"]
94783,Yehh Jadu Hai Jinn Ka!,hi,1,10.0,2019-10-12,2019-10-12,false,3.141,["Drama,  Family"]
137186,Chupke Chupke,hi,1,10.0,2017-07-12,2017-07-12,false,627.0,["Drama,  Comedy"]
74046,Nagin,hi,1,10.0,1998-01-01,1998-01-01,false,2.638,["Action & Adventure,  Sci-Fi & Fantasy"]
105945,Raah De Maa,hi,1,10.0,2019-04-10,2020-04-04,true,1.146,[Comedy]
99796,Madhubala – Ek Ishq Ek Junoon,hi,1,10.0,2012-05-28,2012-05-31,false,10.858,[Drama]
72484,Rain,hi,1,10.0,2017-06-22,2017-07-27,true,1.831,[Mystery]
110264,Simple Samosa,hi,1,10.0,2018-05-14,2018-12-10,true,2.413,["Animation,  Kids"]
111357,Devlok With Devdutt Pattanaik,hi,1,10.0,2015-10-21,2016-08-10,true,18.667,["Talk,  Reality"]
241815,Dabangii: Mulgii Aayi Re Aayi,hi,1,10.0,2023-10-30,2023-12-19,true,2.744,[Drama]
241810,"Kavya - Ek Jazbaa, Ek Junoon",hi,1,10.0,2023-09-25,2023-12-18,true,2.744,[Drama]
139609,I'M Possible,hi,18,9.9,2021-10-16,2021-12-10,false,757.0,["Drama,  Animation"]
18301,Bharat Ek Khoj,hi,5,9.8,1988-01-03,1989-01-01,false,62.746,["Documentary,  Drama"]
80915,Dil Hi Toh Hai,hi,3,9.7,2018-06-19,2020-09-19,false,69.082,[Drama]
67212,Comedy Nights Live,hi,2,9.5,2016-01-31,2016-07-31,false,41.318,["Comedy,  Talk"]
89471,Bekaaboo,hi,2,9.5,2019-05-15,2023-09-22,true,10.541,[Drama]
42316,Devon Ke Dev...Mahadev,hi,5,9.4,2011-12-18,2017-01-08,false,31.225,[Drama]
73490,Mahakaali,hi,3,9.333,2017-07-22,2018-08-05,false,3.199,["Drama,  Family,  Sci-Fi & Fantasy"]
58420,Buddha,hi,4,9.25,2013-09-08,2016-09-24,false,28.038,["Drama,  History,  Documentary"]
75200,Bose: Dead/Alive,hi,5,9.0,2017-11-20,2017-11-20,false,1.989,["Drama,  Mystery"]
219019,Rafta Rafta,hi,4,9.0,2023-01-25,2023-01-25,false,2.002,["Drama,  Comedy"]
68604,Ishqbaaaz,hi,3,9.0,2016-06-27,2016-08-27,false,5.912,["Drama,  Family"]
203763,Udan Patolas,hi,3,9.0,2022-06-10,2022-08-11,true,1.795,[Drama]
120607,Qubool Hai 2.0,hi,3,9.0,2021-03-12,2021-03-12,false,3.117,[Drama]
8426,MTV Roadies,hi,2,9.0,2003-11-03,2021-01-16,true,17.05,["Reality,  Action & Adventure"]
81476,Dil Hai Hindustani,hi,2,9.0,2017-01-07,2018-09-30,false,20.159,[Reality]
223187,Chorr Police,hi,2,9.0,,2013-03-26,false,1.4,["Animation,  Comedy,  Kids"]
17630,Vikram Aur Betaal,hi,2,9.0,,,false,1.441,[Sci-Fi & Fantasy]
87084,Parchhayee: Ghost Stories By Ruskin Bond,hi,2,9.0,2019-01-15,2019-06-25,true,2.394,["Mystery,  Drama"]
81927,Nazar,hi,2,9.0,2018-07-30,2020-02-19,false,3.59,["Mystery,  Sci-Fi & Fantasy"]
204597,Ishq Express,hi,2,9.0,2022-06-23,2022-06-23,false,1.611,["Drama,  Comedy"]
105735,4 Thieves,hi,2,9.0,2020-03-26,2020-03-26,true,1.925,["Comedy,  Crime"]
89759,Medically Yourrs,hi,2,9.0,2019-05-27,2019-05-27,false,3.117,["Comedy,  Drama"]
139657,Bade Achhe Lagte Hain 2,hi,2,9.0,2021-08-30,2023-05-25,true,6.741,[Drama]
82231,Zindabaad,hi,2,9.0,2018-09-05,2018-09-05,false,1.4,["Action & Adventure,  Crime"]
95238,"Love, Sleep, Repeat",hi,1,9.0,2019-11-07,2019-11-07,true,1.33,[Drama]
133647,Pavitra Rishta - It's Never too Late,hi,1,9.0,2021-09-15,2022-01-28,true,1.792,[Drama]
232281,Taali,hi,1,9.0,2023-08-15,2023-08-15,false,2.736,[Drama]
86261,Memories,hi,1,9.0,2018-07-01,2018-07-01,true,1.301,["Mystery,  Crime"]
137237,Girgit,hi,1,9.0,2021-10-27,2021-10-27,false,646.0,["Crime,  Mystery,  Drama"]
137211,Dilli Wali Thakur Gurls,hi,1,9.0,2015-03-30,2015-03-30,false,0.6,[Drama]
220842,SK Sir Ki Class,hi,1,9.0,2023-02-21,2023-03-07,false,1.4,[Drama]
89523,DRISHTIBHRAM,hi,1,9.0,2019-05-14,2019-05-14,true,1.173,["Crime,  Drama,  Mystery"]
84831,Kaali,hi,1,9.0,2018-11-13,2020-05-29,true,1.977,[Drama]
155835,Honey Bunny Ka Jholmaal,hi,1,9.0,2018-04-18,2019-10-22,true,1.96,["Comedy,  Animation,  Kids"]
204157,Masoom,hi,1,9.0,2022-06-17,2022-06-17,false,1.384,["Crime,  Drama"]
94537,MTV Hustle,hi,1,9.0,2019-08-10,2019-08-11,true,1.24,[Reality]
112308,Ek Jhoothi Love Story,hi,1,9.0,2020-10-30,2020-10-30,false,2.31,[Drama]
98698,C for Crime,hi,1,9.0,2018-12-07,2019-01-11,true,1.21,["Documentary,  Crime"]
228850,Everest,hi,1,9.0,2014-11-03,2015-03-01,false,13.02,["Drama,  Action & Adventure"]
223952,Gutar Gu,hi,1,9.0,2023-04-05,2023-04-05,true,1.108,["Drama,  Comedy"]
94291,Swaragini,hi,1,9.0,2015-03-02,2015-06-03,false,5.81,["Family,  Drama"]
76938,Haq Se,hi,1,9.0,2018-02-02,2018-04-06,false,5.331,[Drama]
138365,Zindagi Mere Ghar Aana,hi,1,9.0,2021-07-26,2021-07-26,true,1.4,[Drama]
157716,Jagannath Aur Purvi Ki Dosti Anokhi,hi,1,9.0,2022-02-07,2022-03-18,true,7.878,[Drama]
132825,ziddi dil maane na,hi,1,9.0,2021-08-30,2021-08-30,true,0.6,["Drama,  Comedy"]
233717,Kaala,hi,1,9.0,2023-09-15,2023-09-15,false,6.436,["Crime,  Drama,  Action & Adventure"]
217418,Main Monica,hi,1,9.0,2022-11-04,2022-11-04,true,944.0,["Comedy,  Drama"]
199357,Home Shanti,hi,1,9.0,2022-05-06,2022-05-06,false,1.993,["Comedy,  Drama,  Family"]
153179,Say Yes to the Dress: India,hi,1,9.0,2021-12-08,2021-12-28,true,1.238,[Reality]
78397,Porus,hi,6,8.833,2017-11-27,2018-11-13,false,10.927,["Action & Adventure,  Family"]
62707,Byomkesh Bakshi,hi,6,8.8,1993-02-14,1997-11-09,false,2.224,["Crime,  Mystery"]
120353,OK Computer,hi,3,8.7,2021-03-26,2021-03-26,false,2.033,["Comedy,  Sci-Fi & Fantasy"]
68744,Shani,hi,3,8.7,2016-11-07,2016-11-18,true,2.005,["Action & Adventure,  Drama,  Family"]
1990,Ramayan,hi,16,8.688,1987-06-21,1988-12-11,false,7.257,["Drama,  Action & Adventure,  Family"]
229429,Sandeep Bhaiya,hi,3,8.667,2023-06-30,2023-07-14,false,2.881,[Drama]
86310,RadhaKrishn,hi,3,8.667,2018-10-01,2023-01-21,false,21.532,["Drama,  Family,  Comedy,  Action & Adventure,  Soap"]
60550,Mahabharat,hi,15,8.6,2013-09-16,2014-08-16,false,16.517,[Drama]
203202,Rana Naidu,hi,17,8.529,2023-03-10,2023-03-10,true,6.281,["Crime,  Drama,  Mystery"]
201271,Ashish Chanchlani Vines,hi,2,8.5,2017-12-20,2022-04-27,true,3.008,[Comedy]
206488,Ghar Waapsi,hi,2,8.5,2022-07-22,2022-07-22,true,722.0,["Family,  Drama"]
229257,Kafas,hi,2,8.5,2023-06-23,2023-06-23,false,1.4,["Crime,  Drama"]
213202,Tu Zakhm Hai,hi,2,8.5,2022-10-14,2023-03-23,true,1.868,["Drama,  Crime"]
204908,Shoorveer,hi,3,8.3,2022-07-15,2022-07-15,false,2.384,[Action & Adventure]
84789,What the Folks,hi,3,8.3,2017-08-16,2022-02-19,false,3.635,["Comedy,  Drama"]
76828,Karrle Tu Bhi Mohabbat,hi,3,8.3,2017-04-16,2019-04-02,false,1.4,["Drama,  Family"]
111188,Scam 1992 - The Harshad Mehta Story,hi,76,8.257,2020-10-09,2020-10-10,false,14.603,["Crime,  Drama"]
227807,Jee Karda,hi,4,8.25,2023-06-15,2023-06-15,false,4.161,["Comedy,  Drama"]
74150,Romil and Jugal,hi,4,8.25,2017-04-16,2017-04-16,false,2.019,[Drama]
96312,Cubicles,hi,7,8.143,2019-12-09,2022-01-07,true,3.64,["Comedy,  Drama"]
89113,Kota Factory,hi,68,8.125,2019-04-16,2021-09-24,true,7.891,["Comedy,  Drama"]
101352,Panchayat,hi,58,8.1,2020-04-03,2022-05-18,true,21.293,["Comedy,  Drama"]
100612,Special OPS,hi,32,8.078,2020-03-17,2020-03-17,false,5.116,["Mystery,  Drama"]
90966,Gullak,hi,16,8.063,2019-06-27,2022-04-07,true,3.898,["Comedy,  Drama,  Family"]
132117,Farzi,hi,63,8.048,2023-02-10,2023-02-10,false,45.697,["Drama,  Crime"]
218953,The Night Manager,hi,7,8.0,2023-02-17,2023-06-30,true,10.362,["Crime,  Drama"]
138211,Rocket Boys,hi,7,8.0,2022-02-04,2023-03-16,true,4.362,[Drama]
105759,Undekhi,hi,4,8.0,2020-07-10,2022-03-04,true,3.224,["Crime,  Drama"]
83485,Smoke,hi,3,8.0,2018-10-26,2018-10-26,false,1.556,["Crime,  Drama"]
229403,Scam 2003: The Telgi Story,hi,3,8.0,2023-09-01,2023-09-01,true,6.395,["Drama,  Crime"]
230483,Kaalkoot,hi,2,8.0,2023-07-27,2023-08-02,false,2.288,["Crime,  Drama"]
202870,Nirmal Pathak Ki Ghar Wapsi,hi,2,8.0,2022-05-27,2022-05-27,true,1.775,[Drama]
108378,Kaleerein,hi,2,8.0,2018-02-05,2018-11-16,false,34.579,["Drama,  Soap"]
72392,Kasam - Tere Pyaar Ki,hi,2,8.0,2016-03-07,2016-03-07,false,1.513,["Soap,  Family,  Drama"]
78451,Prithvi Vallabh,hi,2,8.0,2018-01-20,2018-06-30,false,4.071,["Family,  Drama"]
88959,Baarish,hi,2,8.0,2019-04-25,2020-05-25,true,10.32,[Drama]
195833,Roohaniyat,hi,2,8.0,2022-03-23,2022-07-22,true,2.744,[Drama]
102571,Hundred,hi,2,8.0,2020-04-25,2020-04-25,true,1.122,["Comedy,  Drama,  Action & Adventure"]
72522,May I Come in Madam?,hi,2,8.0,2016-03-07,2016-03-07,true,2.926,[Comedy]
72415,Tu Sooraj Main Saanjh Piyaji,hi,2,8.0,2017-04-03,2017-04-03,false,3.367,[Soap]
85762,The Reunion,hi,2,8.0,2018-04-28,2021-12-11,true,2.451,[Drama]
87648,Rising Star,hi,1,8.0,2017-02-04,2017-02-04,true,1.96,[Reality]
126801,Dude,hi,1,8.0,2021-02-27,2022-10-11,true,1.045,["Drama,  Mystery"]
100989,Naked,hi,1,8.0,2020-03-24,2020-03-24,true,2.474,[Mystery]
82115,This is Love,hi,1,8.0,2013-12-02,2013-12-02,false,1.589,[Drama]
204152,Salt City,hi,1,8.0,2022-06-16,2022-06-16,true,1.062,["Family,  Drama"]
102153,Girlfriend Chor,hi,1,8.0,2020-04-17,2020-04-17,true,901.0,["Comedy,  Drama"]
75251,Udaan,hi,1,8.0,2014-08-18,2014-08-29,true,979.0,[Drama]
112513,The Interns,hi,1,8.0,2020-10-15,2021-11-26,true,1.973,[Comedy]
82664,Dastaan-E-Mohabbat: Salim Anarkali,hi,1,8.0,2018-10-01,2018-11-21,true,9.507,["Drama,  Family"]
232282,The Freelancer,hi,1,8.0,2023-09-01,2023-09-01,true,17.758,["Action & Adventure,  Drama"]
197331,Hum Do Teen Chaar,hi,1,8.0,2022-03-29,2022-04-26,true,1.4,[Comedy]
76272,Jijaji Chhat Per Hain,hi,1,8.0,,,true,968.0,[Comedy]
82093,Hum: I'm Because of Us,hi,1,8.0,2018-07-30,2018-09-24,false,8.618,[Drama]
209319,Ajooni,hi,1,8.0,2022-07-26,2023-05-01,true,1.109,["Drama,  Soap"]
75749,The Great Indian Laughter Challenge,hi,1,8.0,2005-06-03,2017-12-30,false,18.533,["Comedy,  Reality"]
231779,Commando,hi,1,8.0,2023-08-11,2023-08-11,false,5.331,[Action & Adventure]
206278,Doon Kand,hi,1,8.0,2022-07-18,2022-07-18,true,0.6,[Crime]
91200,Bahu Begum,hi,1,8.0,2019-07-15,2019-07-29,false,21.467,["Drama,  Family"]
194499,Bloody Brothers,hi,1,8.0,2022-03-18,2022-03-18,false,2.357,["Comedy,  Crime,  Mystery"]
138940,Matsya Kaand,hi,1,8.0,2021-11-18,2021-11-18,false,2.649,["Crime,  Drama"]
104646,Pati Patni Aur Woh,hi,1,8.0,2020-06-10,2020-06-10,true,2.118,["Comedy,  Drama"]
69795,It's Not That Simple,hi,1,8.0,2016-10-06,2019-01-25,true,0.88,[Drama]
138621,Hiccups & Hookups,hi,1,8.0,2021-11-26,2021-11-26,false,1.654,["Drama,  Comedy,  Family"]
115220,Sandwiched Forever,hi,1,8.0,2020-12-25,2020-12-25,true,3.546,[Comedy]
86130,Jijaji Chhat Par Hai,hi,1,8.0,2018-01-09,2018-01-09,true,908.0,[Comedy]
158843,Sutliyan,hi,1,8.0,2022-03-04,2022-03-04,true,1.506,[Drama]
222667,"Hunter - Tootega Nahi, Todega",hi,1,8.0,2023-03-22,2023-03-22,false,8.215,["Action & Adventure,  Crime,  Mystery"]
46940,Pyaar Ka Dard Hai Meetha Meetha Pyaara Pyaara,hi,1,8.0,2012-06-18,2012-06-25,false,1.258,["Drama,  Family"]
106104,Barely Speaking with Arnub,hi,1,8.0,2014-10-24,2018-09-19,true,3.136,["Comedy,  News,  Talk"]
72353,Pradhanmantri,hi,1,8.0,2013-07-14,2014-07-08,false,5.375,[Documentary]
115030,Sanam Hotline,hi,1,8.0,2020-12-06,2020-12-06,true,1.149,[Comedy]
88815,Kullfi Kumarr Bajewala,hi,1,8.0,2018-03-19,2018-03-26,false,1.494,["Family,  Drama"]
129223,Psycho Saiyan,hi,1,8.0,2021-06-25,2021-06-25,true,0.0,[Reality]
232133,The Jengaburu Curse,hi,1,8.0,2023-08-09,2023-08-09,false,3.58,["Mystery,  Crime,  Drama"]
90584,Bombers,hi,1,8.0,2019-06-22,2019-07-20,false,881.0,[Drama]
82394,Babbar Ka Tabbar,hi,1,8.0,2018-06-14,2018-11-14,true,2.02,[Comedy]
157785,Kaamnaa,hi,1,8.0,2021-11-15,2022-03-18,true,0.6,[Drama]
226707,Inspector Avinash,hi,1,8.0,2023-05-18,2023-05-24,true,18.762,["Action & Adventure,  Mystery"]
101226,Maharaj Ki Jai Ho,hi,1,8.0,2020-03-23,2020-03-23,true,1.004,[Comedy]
94690,Fittrat,hi,1,8.0,2019-10-18,2019-10-18,false,737.0,[Drama]
157815,Good Night India,hi,1,8.0,2022-01-31,2022-02-15,true,2.062,[Comedy]
101337,Who's Your Daddy?,hi,1,8.0,2020-04-02,2020-12-22,false,2.941,["Comedy,  Drama"]
232442,Aakhri Sach,hi,1,8.0,2023-08-25,2023-09-22,false,21.377,["Crime,  Drama"]
200822,Escaype Live,hi,1,8.0,2022-05-20,2022-05-27,false,2.345,["Crime,  Sci-Fi & Fantasy"]
94779,What's Your Status,hi,1,8.0,2018-07-16,2018-08-13,false,1.479,["Comedy,  Drama"]
157856,Jugaadistan,hi,1,8.0,2022-03-04,2022-03-04,false,2.922,["Comedy,  Drama"]
90760,Booo: Sabki Phategi,hi,1,8.0,2019-06-27,2019-06-27,true,3.242,["Comedy,  Drama"]
86832,Operation Cobra,hi,1,8.0,2019-02-15,2019-02-15,true,2.171,[Action & Adventure]
99795,Gathbandhan,hi,1,8.0,2019-01-15,2019-05-10,false,30.408,["Family,  Drama"]
94918,Mission Breaking News,hi,1,8.0,2019-10-05,2019-10-05,true,1.555,["Action & Adventure,  Crime,  Mystery"]
217271,Aar Ya Paar,hi,1,8.0,2022-12-30,2022-12-30,false,9.323,[Action & Adventure]
216268,Physics Wallah,hi,1,8.0,2022-12-15,2022-12-15,false,2.797,[Drama]
17606,Indradhanush,hi,1,8.0,,,false,1.37,[Sci-Fi & Fantasy]
72411,Dil Boley Oberoi,hi,1,8.0,2017-02-13,2017-07-07,false,27.728,["Drama,  Family,  Soap"]
78606,Kehne Ko Humsafar Hain,hi,1,8.0,2018-03-16,2020-07-01,false,9.87,[Drama]
105761,Girl in the City,hi,1,8.0,2016-04-29,2018-10-02,false,917.0,["Comedy,  Drama"]
207558,Case Toh Banta Hai,hi,1,8.0,2022-07-28,2022-10-27,true,4.271,[Comedy]
228782,Charlie Chopra & The Mystery Of Solang Valley,hi,1,8.0,2023-06-29,2023-09-26,false,13.32,[Mystery]
236583,Constable Girpade,hi,1,8.0,2023-10-05,2023-10-05,true,5.272,["Comedy,  Drama"]
91510,RejctX,hi,1,8.0,2019-07-20,2020-05-15,false,2.053,[Mystery]
84105,Mirzapur,hi,104,7.995,2018-11-15,2020-10-23,true,23.381,["Crime,  Action & Adventure"]
100911,Asur,hi,50,7.99,2020-03-02,2023-06-02,true,9.279,["Crime,  Drama,  Mystery"]
213635,Khakee: The Bihar Chapter,hi,26,7.9,2022-11-25,2022-11-25,true,4.005,["Crime,  Drama"]
79352,Sacred Games,hi,171,7.889,2018-07-06,2019-08-15,false,13.101,["Drama,  Crime,  Action & Adventure"]
229932,Pyaar Ka Pehla Adhyaya  - Shiv Shakti,hi,55,7.864,2023-07-03,2023-10-03,true,1195.145,["Drama,  Soap"]
228093,Titlie,hi,88,7.835,2023-06-06,2023-09-30,true,286.851,[Drama]
81166,Yeh Meri Family,hi,28,7.821,2018-07-12,2023-05-19,true,4.534,["Family,  Drama"]
93352,The Family Man,hi,100,7.8,2019-09-20,2021-06-04,true,18.944,["Comedy,  Drama,  Action & Adventure"]
217699,Trial by Fire,hi,20,7.8,2023-01-13,2023-01-13,true,4.597,["Drama,  Crime"]
74538,Laakhon Mein Ek,hi,17,7.8,2017-10-13,2019-04-12,true,2.994,[Drama]
103761,Raktanchal,hi,5,7.8,2020-05-28,2022-02-11,true,4.047,["Crime,  Drama"]
81202,Damaged,hi,2,7.8,2018-06-06,2022-01-20,true,4.291,["Crime,  Drama"]
87508,Delhi Crime,hi,79,7.766,2019-03-22,2022-08-26,true,8.862,[Crime]
220525,Maitree,hi,36,7.7,2023-02-07,2023-09-17,true,7.476,[Drama]
104913,Aarya,hi,11,7.7,2020-06-19,2021-12-10,true,6.435,["Crime,  Drama"]
210067,Dahan: Raakan Ka Rahasya,hi,3,7.7,2022-09-16,2022-09-16,false,2.433,[Mystery]
92410,Sex Chat with Pappu & Papa,hi,3,7.7,2016-07-20,2016-08-23,false,1.047,["Comedy,  Kids"]
86453,Girls Hostel,hi,3,7.7,2018-12-08,2022-11-25,true,3.368,["Comedy,  Drama"]
98575,Never Kiss Your Best Friend,hi,3,7.7,2020-01-20,2022-04-29,true,2.996,[Drama]
8380,Dance India Dance,hi,3,7.7,2009-01-30,,true,1.47,[Reality]
94392,Fixerr,hi,3,7.7,2019-10-07,2019-10-07,false,3.088,[Drama]
88177,Criminal Justice,hi,30,7.667,2019-04-05,2019-04-05,false,9.531,["Crime,  Mystery,  Drama"]
106581,Avrodh: The Siege Within,hi,6,7.667,2020-07-31,2022-06-24,true,6.074,["Drama,  War & Politics"]
18327,Office Office,hi,3,7.667,2001-09-03,2006-07-21,true,4.822,[Comedy]
63180,TVF Pitchers,hi,72,7.611,2015-06-03,2022-12-23,true,6.32,["Comedy,  Drama"]
82862,Little Things,hi,31,7.6,2016-10-25,2021-10-15,false,4.871,["Drama,  Comedy"]
115161,Criminal Justice: Behind Closed Doors,hi,15,7.6,2020-12-24,2020-12-24,false,4.86,["Crime,  Drama,  Mystery"]
246483,Maamla Legal Hai,hi,7,7.6,2024-03-01,2024-03-01,true,26.764,["Comedy,  Drama"]
113423,A Simple Murder,hi,5,7.6,2020-11-20,2020-11-20,false,3.544,["Action & Adventure,  Crime"]
224654,"Saas, Bahu Aur Flamingo",hi,5,7.6,2023-05-05,2023-05-05,false,3.718,["Drama,  Action & Adventure"]
156714,Guns & Gulaabs,hi,14,7.571,2023-08-18,2023-08-18,false,15.076,["Comedy,  Drama"]
12605,Mahabharat,hi,27,7.519,1988-10-02,1988-10-02,false,8.277,[Drama]
124411,Aspirants,hi,25,7.5,2021-04-07,2021-05-08,false,2.293,[Drama]
211116,Class,hi,20,7.5,2023-02-03,2023-02-03,true,16.883,[Drama]
195900,Mai: A Mother's Rage,hi,13,7.5,2022-04-15,2022-04-15,false,3.974,["Crime,  Drama,  Mystery"]
119316,Wagle Ki Duniya,hi,11,7.5,2021-02-08,2023-09-30,true,111.995,["Comedy,  Drama,  Family"]
230034,Kohrra,hi,11,7.5,2023-07-15,2023-07-15,false,8.138,["Crime,  Drama"]
15785,Hatim,hi,10,7.5,2003-12-26,2004-11-19,false,6.786,["Action & Adventure,  Sci-Fi & Fantasy"]
102823,Mastram,hi,6,7.5,2020-04-30,2020-04-30,false,63.225,[Drama]
208939,Criminal Justice: Adhura Sach,hi,4,7.5,2022-08-26,2022-10-07,false,9.516,["Crime,  Drama,  Mystery"]
69521,Life Sahi Hai,hi,4,7.5,2016-06-08,2018-04-04,false,2.632,["Drama,  Comedy"]
90312,Kaafir,hi,4,7.5,2019-06-15,2019-06-15,false,1.4,["Crime,  Drama,  Mystery"]
99515,Love Bites,hi,2,7.5,2020-01-02,2020-01-02,true,1.222,[Drama]
96310,Hum Tum and Them,hi,2,7.5,2019-12-06,2019-12-06,true,4.612,[Drama]
87501,21 Sarfarosh - Saragarhi 1897,hi,2,7.5,2018-02-12,2018-05-11,false,17.94,[War & Politics]
93790,Bhakharwadi,hi,2,7.5,,,true,1.4,["Comedy,  Family,  Drama"]
87752,Roar of The Lion,hi,2,7.5,2019-03-20,2019-03-20,false,986.0,["Documentary,  Drama"]
125018,Teen Do Paanch,hi,2,7.5,2021-05-06,2021-05-18,true,993.0,[Comedy]
86258,13 Mussoorie,hi,2,7.5,2018-10-12,2018-10-12,false,3.093,[Mystery]
133644,Nakaab,hi,2,7.5,2021-09-15,2021-09-15,true,749.0,["Crime,  Mystery,  Drama"]
34522,Adaalat,hi,2,7.5,2010-11-20,2016-09-04,false,23.691,["Drama,  Crime,  Mystery"]
76341,Dev DD,hi,2,7.5,2017-04-16,2021-02-20,false,2.608,[Drama]
114340,Namak Issk Ka,hi,2,7.5,2020-12-07,2020-12-07,true,8.162,["Soap,  Drama"]
76742,Class of,hi,2,7.5,2017-07-12,2020-03-01,true,8.957,[Drama]
66465,The Kapil Sharma Show,hi,30,7.483,2016-04-23,2023-07-23,true,579.478,["Comedy,  Talk"]
113218,Imlie,hi,81,7.475,2020-11-16,2023-10-01,true,437.356,["Drama,  Soap,  Family"]
69710,TVF Tripling,hi,28,7.429,2016-08-28,2022-10-21,true,4.001,["Comedy,  Drama"]
215902,Katha Ankahee,hi,107,7.416,2022-12-05,2023-10-02,true,551.117,["Drama,  Family,  Soap"]
106872,Bandish Bandits,hi,14,7.4,2020-08-04,2020-08-04,false,4.465,["Family,  Drama"]
222922,Jubilee,hi,13,7.385,2023-04-07,2023-04-14,false,4.871,[Drama]
208130,Indian Predator: The Diary of a Serial Killer,hi,8,7.375,2022-09-07,2022-09-07,false,2.635,["Documentary,  Crime"]
76659,Breathe,hi,51,7.373,2018-01-26,2018-03-01,false,10.608,["Crime,  Drama"]
219541,Jehanabad - Of Love & War,hi,3,7.333,2023-02-03,2023-02-03,false,2.131,["Drama,  Crime"]
76369,FLAMES,hi,22,7.318,2018-01-05,2022-10-28,true,5.736,["Comedy,  Drama"]
84962,Apharan,hi,18,7.306,2018-12-14,2022-03-18,true,5.533,["Crime,  Drama"]
84150,College Romance,hi,19,7.3,2018-08-07,2023-07-14,false,11.744,["Comedy,  Drama"]
85201,Rangbaaz,hi,11,7.3,2018-12-22,2022-07-29,false,7.78,["Crime,  Action & Adventure,  Reality"]
138396,Special Ops 1.5: The Himmat Story,hi,7,7.3,2021-11-12,2021-11-12,false,1.517,["Action & Adventure,  Crime,  Drama"]
67113,Stories by Rabindranath Tagore,hi,6,7.3,2015-07-06,2015-09-29,false,10.509,[Drama]
64410,The Anupam Kher Show,hi,5,7.3,2014-07-06,2014-12-21,false,22.589,[Talk]
205027,Farzi Mushaira,hi,3,7.3,2022-06-29,2023-01-13,true,2.646,[Comedy]
15778,Alif Laila,hi,3,7.3,1993-08-24,1993-08-24,true,25.389,[Drama]
31611,Powder,hi,3,7.3,2010-01-03,2010-06-27,false,6.234,["Action & Adventure,  Crime,  Drama"]
205464,Dr. Arora,hi,3,7.3,2022-07-22,2022-07-22,false,6.067,["Comedy,  Drama"]
230418,Choona,hi,3,7.3,2023-09-29,2023-09-29,true,39.243,["Comedy,  Crime,  Drama"]
76793,The Test Case,hi,3,7.3,2017-04-30,2018-01-26,false,3.088,["Drama,  Action & Adventure"]
103051,Paatal Lok,hi,57,7.289,2020-05-15,2020-05-15,false,6.222,["Crime,  Mystery"]
158345,CAT,hi,11,7.273,2022-12-09,2022-12-09,false,3.011,["Crime,  Drama"]
128217,Aranyak,hi,43,7.209,2021-12-10,2021-12-10,false,12.692,["Crime,  Drama,  Mystery"]
215103,Teri Meri Doriyaann,hi,111,7.2,2023-01-04,2023-09-30,true,406.995,["Drama,  Family"]
84310,Selection Day,hi,19,7.2,2018-12-28,2019-04-19,false,5.786,[Drama]
153870,Shark Tank India,hi,14,7.2,2021-12-20,2023-03-13,true,19.22,[Reality]
87030,ImMATURE,hi,9,7.2,2019-02-19,2022-08-26,true,7.727,["Comedy,  Drama"]
18486,Pavitra Rishta,hi,5,7.2,2009-07-01,2011-10-20,false,10.945,[Drama]
155649,Crushed,hi,4,7.2,2022-01-12,2022-12-02,true,3.435,["Comedy,  Drama"]
125546,Alma Matters: Inside the IIT Dream,hi,4,7.2,2021-05-14,2021-05-14,false,1.715,["Documentary,  Drama"]
60118,Brave Son of India: Maharana Pratap,hi,2,7.2,,,false,2.412,["Documentary,  Drama"]
133359,House of Secrets: The Burari Deaths,hi,40,7.125,2021-10-08,2021-10-08,false,8.72,["Documentary,  Crime"]
64068,Permanent Roommates,hi,39,7.1,2014-10-29,2016-06-24,false,4.855,[Comedy]
96421,Hostel Daze,hi,29,7.1,2019-12-13,2023-09-27,false,26.895,["Drama,  Comedy"]
105521,Breathe: Into the Shadows,hi,25,7.1,2020-07-10,2022-11-09,true,9.563,["Drama,  Mystery,  Crime"]
39390,Iss Pyaar Ko Kya Naam Doon?,hi,10,7.1,2011-06-06,2022-05-23,false,144.519,["Drama,  Family"]
89080,City of Dreams,hi,8,7.1,2019-05-03,2023-05-26,true,5.04,["Drama,  Crime,  Mystery"]
201085,Adhura,hi,7,7.1,2023-07-07,2023-07-07,false,11.735,[Mystery]
96870,Jamtara – Sabka Number Ayega,hi,22,7.045,2020-01-10,2022-09-23,true,3.004,["Drama,  Crime"]
60698,Comedy Nights with Kapil,hi,16,7.031,2013-06-22,2015-06-20,true,264.722,[Comedy]
213713,Faltu,hi,136,7.004,2022-11-02,2023-08-31,true,26.833,[Drama]
91016,Bard of Blood,hi,27,7.0,2019-09-27,2019-09-27,false,9.547,["Action & Adventure,  Drama"]
87407,Made in Heaven,hi,26,7.0,2019-03-08,2023-08-10,true,10.827,[Drama]
15211,Malgudi Days,hi,9,7.0,1987-03-17,1987-11-17,false,3.507,[Drama]
74057,Rangrasiya,hi,8,7.0,2013-12-30,2014-04-14,false,14.208,["Comedy,  Drama,  Reality"]
76503,TVF Bachelors,hi,7,7.0,2016-06-15,2022-03-08,true,3.324,["Comedy,  Drama"]
87324,Abhay,hi,5,7.0,2019-02-07,2022-04-08,true,4.245,["Crime,  Drama,  Action & Adventure"]
228824,Highway Love,hi,4,7.0,2023-06-16,2023-06-16,true,3.714,[Comedy]
87655,Yeh Rishtey Hain Pyaar Ke,hi,4,7.0,2019-03-18,2019-05-31,false,9.373,["Drama,  Family"]
108459,Bebaakee,hi,3,7.0,2020-08-30,2020-12-11,false,11.494,[Drama]
5979,Jeena Isi Ka Naam Hai,hi,3,7.0,2002-03-22,2007-03-10,false,29.339,[Talk]
39314,Bade Achhe Lagte Hain,hi,2,7.0,2011-05-30,2022-03-18,true,97.318,["Drama,  Family,  Soap"]
216030,Faadu,hi,2,7.0,2022-12-09,2022-12-09,false,1.874,[Drama]
82696,Adulting,hi,2,7.0,2018-04-18,2021-11-26,true,5.883,["Comedy,  Drama"]
85879,Patiala Babes,hi,2,7.0,2018-11-27,2018-11-27,true,1.05,[Drama]
214530,Dharavi Bank,hi,2,7.0,2022-11-19,2022-11-19,false,4.567,["Crime,  Drama"]
84982,Aladdin - Naam Toh Suna Hoga,hi,2,7.0,2018-08-21,2021-03-27,true,3.343,["Comedy,  Drama,  Sci-Fi & Fantasy"]
223194,Crimes Aaj Kal,hi,2,7.0,2023-03-24,2023-03-24,true,1.377,[Crime]
105686,Please Find Attached,hi,2,7.0,2019-09-21,2022-09-21,true,2.636,[Drama]
230020,Half CA,hi,2,7.0,2023-07-26,2023-07-26,false,4.128,[Drama]
224929,Garmi,hi,2,7.0,2023-04-21,2023-04-21,false,2.859,["Crime,  Drama"]
156903,Mithya,hi,2,7.0,2022-02-18,2022-02-18,true,1.768,["Mystery,  Drama"]
94638,Nisha,hi,2,7.0,2019-10-18,2019-10-18,true,1.484,["Drama,  Mystery"]
82760,Truth or Tamanna?,hi,2,7.0,2018-07-20,2018-09-22,false,674.0,["Mystery,  Drama"]
99733,Maddam Sir,hi,2,7.0,2020-02-24,2020-02-24,true,971.0,["Comedy,  Family"]
158591,Sab Satrangi,hi,2,7.0,2022-02-07,2022-05-27,true,1.261,["Comedy,  Drama"]
102963,F.A.T.H.E.R.S.,hi,2,7.0,2017-01-28,2019-10-25,true,2.348,["Comedy,  Family"]
95783,The Red Land,hi,1,7.0,2019-10-14,2019-10-14,true,0.6,["Action & Adventure,  Drama"]
127306,Indori Ishq,hi,1,7.0,2021-06-10,2021-06-10,false,2.987,["Drama,  Comedy"]
105683,Rabish Ki Report,hi,1,7.0,2017-09-09,2017-12-16,true,673.0,[Comedy]
41602,Ek Hazaaron Mein Meri Behna Hai,hi,1,7.0,2011-10-03,2011-10-03,false,1.4,["Drama,  Family"]
205522,Tera Chhalaava,hi,1,7.0,2022-07-07,2022-07-07,true,1.025,[Drama]
203766,Cyber Vaar,hi,1,7.0,2022-06-10,2022-06-24,true,3.647,["Crime,  Mystery"]
72226,Star Boyz,hi,1,7.0,2016-05-05,2018-04-26,true,0.6,["Comedy,  Sci-Fi & Fantasy"]
229884,Ishq Next Door,hi,1,7.0,2023-07-03,2023-07-12,true,2.113,["Drama,  Comedy"]
85072,Tantra,hi,1,7.0,2018-12-03,2019-12-02,true,14.963,["Drama,  Mystery"]
99351,Kaale Dhande,hi,1,7.0,2019-10-02,2019-10-02,true,11.234,[Comedy]
82601,SideHero,hi,1,7.0,2018-09-24,2018-09-24,true,0.6,["Comedy,  Drama"]
203769,Pushpa Impossible,hi,1,7.0,2022-06-06,2022-09-07,true,10.877,["Family,  Drama,  Comedy"]
85053,Jammin,hi,1,7.0,2018-12-01,2018-12-01,true,635.0,[Reality]
105196,Basement Company,hi,1,7.0,2020-06-24,2020-06-24,true,0.84,["Comedy,  Drama"]
105821,Backpackers,hi,1,7.0,2019-12-27,2022-02-13,true,0.66,[Drama]
227929,UP65,hi,1,7.0,2023-06-08,2023-07-01,true,1.809,["Drama,  Comedy"]
236957,Half Love Half Arranged,hi,1,7.0,2023-10-12,2023-10-12,true,7.531,["Drama,  Comedy"]
125013,Risky Ishq,hi,1,7.0,2021-05-06,2021-05-17,true,0.0,[Crime]
125007,Bamini and Boys,hi,1,7.0,2021-05-06,2021-07-14,true,0.0,[Comedy]
87275,Metro Park,hi,1,7.0,2019-03-03,2021-01-29,false,2.374,[Comedy]
220497,Love Kills: Madhumita Shukla Hatyakand,hi,1,7.0,2023-02-08,2023-02-22,false,1.245,["Documentary,  Crime"]
83368,Akoori,hi,1,7.0,2018-08-30,2018-08-30,true,1.308,[Drama]
86101,Ek Thi Rani Ek Tha Ravan,hi,1,7.0,2019-01-21,2019-01-21,true,1.385,[Drama]
211137,Karm Yuddh,hi,1,7.0,2022-09-30,2022-09-30,false,1.945,[Drama]
59041,Hero - Bhakti Hi Shakti Hai,hi,1,7.0,2005-05-30,2006-06-12,true,5.119,["Action & Adventure,  Kids,  Sci-Fi & Fantasy"]
32839,Ishaan: Call For Your Dreams,hi,1,7.0,2010-05-10,2011-03-27,false,3.597,["Drama,  Kids,  Family"]
197989,London Files,hi,1,7.0,2022-04-21,2022-04-21,false,2.879,["Crime,  Drama"]
228293,Badtameez Dil,hi,1,7.0,2023-06-09,2023-06-09,true,2.619,[Drama]
7174,Sapna Babul Ka... Bidaai,hi,1,7.0,2007-10-08,2007-10-08,false,622.0,["Drama,  Soap"]
202758,Dhappa,hi,1,7.0,2022-05-24,2022-05-31,true,904.0,["Comedy,  Drama"]
153787,Missing Chapter,hi,1,7.0,2021-12-20,2021-12-20,true,0.6,["Mystery,  Crime,  Drama"]
221583,Peshwa Bajirao,hi,1,7.0,2017-01-23,2017-08-21,false,888.0,[Drama]
225916,Fireflies: Parth aur Jugnu,hi,1,7.0,2023-05-05,2023-05-05,true,1.843,["Sci-Fi & Fantasy,  Drama,  Mystery"]
194726,Swaanng,hi,1,7.0,2022-03-09,2022-03-09,true,1.96,["Drama,  Crime"]
209730,Good Bad Girl,hi,1,7.0,2022-10-14,2022-10-21,true,2.413,["Comedy,  Drama"]
86978,Divya Drishti,hi,1,7.0,2019-02-20,2019-02-20,true,2.038,["Mystery,  Sci-Fi & Fantasy"]
79138,Love Lust and Confusion,hi,1,7.0,2018-03-16,2019-05-24,true,1.806,[Drama]
195763,Ek Extra Mile,hi,1,7.0,2022-03-21,2022-03-21,true,653.0,["Drama,  Family"]
71029,"Bisht, Please!",hi,1,7.0,2017-03-31,2017-05-06,false,1.578,["Drama,  Comedy"]
99291,Tadap,hi,1,7.0,2019-12-06,2020-05-17,true,14.96,[Drama]
217260,Awakening,hi,1,7.0,2022-10-18,2022-10-18,true,0.6,["Drama,  Crime"]
99514,Mujhse Shaadi Karoge,hi,1,7.0,2020-02-17,2020-02-24,true,938.0,[Reality]
105756,Minus One,hi,1,7.0,2019-09-12,2023-02-14,true,616.0,["Comedy,  Drama"]
155054,Kaun Banegi Shikharwati,hi,1,7.0,2022-01-07,2022-01-07,true,1.698,["Drama,  Comedy"]
228718,The Trial,hi,1,7.0,2023-07-14,2023-07-14,false,4.729,["Drama,  Crime,  Mystery"]
911,Kaun Banega Crorepati,hi,24,6.958,2000-07-03,2023-10-02,true,604.401,[Reality]
96853,The Forgotten Army - Azaadi ke liye,hi,150,6.943,2020-01-23,2020-01-23,false,10.179,["Drama,  Action & Adventure"]
69715,Humorously Yours,hi,15,6.9,2016-12-11,2019-06-28,true,1.638,["Comedy,  Drama"]
64408,Baked,hi,5,6.9,2015-05-20,2022-05-02,true,1.94,["Comedy,  Drama"]
80707,GHOUL,hi,173,6.87,2018-08-24,2018-08-24,false,12.363,["Mystery,  Sci-Fi & Fantasy,  Drama"]
130780,Bigg Boss OTT,hi,12,6.8,2021-08-08,2023-08-14,true,61.186,[Reality]
90762,The Office,hi,6,6.8,2019-06-28,2019-09-15,false,4.053,[Comedy]
8916,Flop Show,hi,5,6.8,1989-10-31,1989-10-31,false,1.068,["Drama,  Comedy"]
85047,Guddan - Tumse Na Ho Payega,hi,4,6.8,2018-12-19,2021-08-18,false,2.578,[Comedy]
82743,Bepannah,hi,4,6.8,2018-03-19,2018-03-19,false,12.81,[Drama]
113606,Sons of The Soil - Jaipur Pink Panthers,hi,4,6.8,2020-12-03,2020-12-03,false,2.525,["Drama,  Documentary"]
98000,Out of Love,hi,4,6.8,2019-11-22,2021-05-21,true,2.654,["Mystery,  Drama"]
201050,Dahaad,hi,11,6.7,2023-05-12,2023-05-12,false,6.603,["Crime,  Mystery,  Drama"]
123888,Rudra: The Edge Of Darkness,hi,6,6.7,2022-03-04,2022-03-04,false,5.007,["Drama,  Crime"]
97120,The Chargesheet: Innocent or Guilty?,hi,3,6.7,2020-01-01,2020-02-19,false,3.111,["Drama,  Mystery"]
89685,Yaaron Ki Baraat,hi,3,6.7,2016-10-08,2017-01-28,true,3.823,[Talk]
104663,Your Honor,hi,3,6.7,2020-06-18,2021-11-26,true,5.15,["Mystery,  Drama"]
94144,The Verdict - State Vs Nanavati,hi,3,6.7,2019-09-30,2019-09-30,false,2.906,["Crime,  Drama"]
101648,Ek Thi Begum,hi,3,6.7,2020-04-08,2021-09-30,false,0.0,["Crime,  Mystery,  Drama"]
214332,Sixer,hi,3,6.7,2022-11-11,2022-11-11,false,2.733,[Drama]
47343,24: India,hi,3,6.7,2013-10-04,2016-10-09,false,27.303,["Action & Adventure,  Mystery"]
42135,Shaktimaan,hi,6,6.667,1997-09-13,1998-03-12,false,33.025,["Action & Adventure,  Sci-Fi & Fantasy"]
220977,Taj,hi,3,6.667,2023-03-03,2023-06-02,true,5.946,[Drama]
8456,Shaka Laka Boom Boom,hi,14,6.643,2002-08-19,2004-12-27,false,3.108,["Family,  Sci-Fi & Fantasy"]
215315,Rabb Se Hai Dua,hi,91,6.615,2022-11-28,2023-09-29,true,241.511,[Drama]
70058,Motu Patlu,hi,8,6.6,2012-10-16,2017-03-16,true,8.917,["Animation,  Comedy,  Kids,  Action & Adventure"]
101644,Samantar,hi,5,6.6,2020-03-13,2021-07-01,true,2.709,[Mystery]
103759,Betaal,hi,173,6.546,2020-05-24,2020-05-24,false,5.793,[Action & Adventure]
89545,Leila,hi,22,6.5,2019-06-14,2019-06-14,false,3.56,["War & Politics,  Sci-Fi & Fantasy,  Drama"]
203832,Taaza Khabar,hi,12,6.5,2023-01-05,2023-01-05,false,6.503,["Drama,  Sci-Fi & Fantasy"]
99109,Afsos,hi,11,6.5,2020-02-07,2020-02-07,false,2.916,["Drama,  Comedy"]
97944,Code M,hi,6,6.5,2020-01-15,2022-06-09,true,3.617,["Drama,  Mystery"]
60334,Baal Veer,hi,5,6.5,2012-10-08,2012-10-09,false,2.26,["Kids,  Action & Adventure,  Comedy,  Family"]
90956,The Aam Aadmi Family,hi,4,6.5,2016-11-05,2019-06-14,true,3.194,["Comedy,  Drama,  Family"]
84454,Broken But Beautiful,hi,4,6.5,2018-11-27,2021-05-29,false,2.875,[Drama]
155056,Campus Diaries,hi,4,6.5,2022-01-07,2022-01-07,true,2.727,["Comedy,  Drama"]
117211,Jeet Ki Zid,hi,2,6.5,2021-01-22,2021-01-22,false,3.48,["Action & Adventure,  Drama"]
124903,Ramyug,hi,2,6.5,2021-05-05,2021-05-06,true,1.8,["Action & Adventure,  Drama"]
227374,School of Lies,hi,2,6.5,2023-06-02,2023-06-02,false,2.77,["Drama,  Mystery"]
79226,Twisted,hi,2,6.5,2017-03-30,2020-11-11,true,6.374,[Crime]
6691,Comedy Circus,hi,2,6.5,2007-06-16,2018-09-30,true,929.0,["Comedy,  Reality"]
203788,Feels Like Home,hi,2,6.5,2022-06-10,2022-10-07,true,1.444,[Comedy]
33982,MasterChef India,hi,2,6.5,2010-10-16,2023-04-07,true,13.776,[Reality]
91290,Typewriter,hi,28,6.4,2019-07-19,2019-07-19,false,4.799,["Drama,  Mystery"]
99387,Taj Mahal 1989,hi,9,6.4,2020-02-14,2020-02-14,false,2.59,[Drama]
87031,The Final Call,hi,5,6.4,2019-03-25,2019-04-07,false,3.366,[Drama]
80813,Comicstaan,hi,15,6.333,2018-07-13,2022-07-15,true,4.665,["Comedy,  Reality"]
227934,Rafuchakkar,hi,3,6.333,2023-06-15,2023-06-22,false,1.445,[Drama]
113457,Mismatched,hi,16,6.313,2020-11-20,2022-10-14,true,9.435,["Comedy,  Drama"]
203504,Aashiqana,hi,37,6.3,2022-06-06,2023-09-09,true,15.306,["Crime,  Mystery"]
86194,Imperfect,hi,3,6.3,2018-11-01,2019-01-03,true,1.865,[Comedy]
87020,Hey Prabhu!,hi,3,6.3,2019-02-19,2021-03-25,true,2.138,[Comedy]
85278,Super Dancer,hi,3,6.3,2016-09-10,2021-10-09,true,69.992,[Reality]
64409,Bang Baaja Baaraat,hi,12,6.273,2015-11-04,2015-12-01,false,4.402,["Comedy,  Drama"]
65682,Bhabiji Ghar Par Hai!,hi,4,6.25,2015-03-02,2015-03-20,true,1.403,[Comedy]
4165,Sarabhai vs Sarabhai,hi,37,6.2,2004-11-01,2017-07-17,false,60.67,[Comedy]
86165,Four More Shots Please!,hi,22,6.2,2019-01-24,2022-10-21,true,11.216,["Drama,  Comedy"]
72739,Inside Edge,hi,22,6.2,2017-07-10,2021-12-03,false,5.666,[Drama]
153950,Yeh Kaali Kaali Ankhein,hi,14,6.2,2022-01-14,2022-01-14,false,3.992,["Crime,  Drama,  Mystery"]
13700,Indian Idol,hi,11,6.2,2004-10-28,2023-04-02,true,70.216,[Reality]
15428,"Shararat - Thoda Jaadu, Thodi Nazaakat",hi,10,6.2,2003-01-24,2006-11-17,false,2.604,["Comedy,  Family"]
15993,Ssshhhh...Koi Hai,hi,10,6.2,2001-07-27,2004-01-16,false,7.159,[Drama]
115466,Mumbai Diaries,hi,9,6.2,2021-09-09,2021-09-09,true,21.784,["Drama,  Mystery"]
213345,Indian Predator: Murder in a Courtroom,hi,6,6.2,2022-10-28,2022-10-28,false,3.116,["Crime,  Documentary"]
202237,Bambai Meri Jaan,hi,4,6.2,2023-09-14,2023-09-14,false,62.49,["Crime,  Drama"]
114185,Bhaag Beanie Bhaag,hi,4,6.2,2020-12-04,2020-12-04,false,2.752,["Comedy,  Drama"]
117736,The Legend of Hanuman,hi,4,6.2,2021-01-29,2021-08-06,true,7.072,["Animation,  Action & Adventure"]
89865,Hostages,hi,8,6.125,2019-05-30,2020-09-09,true,4.909,["Drama,  Crime"]
19457,India's Got Talent,hi,8,6.125,2009-06-27,2023-10-01,true,83.719,[Reality]
108681,JL50,hi,14,6.1,2020-09-04,2020-09-04,false,3.612,["Drama,  Sci-Fi & Fantasy"]
224333,Tooth Pari: When Love Bites,hi,8,6.1,2023-04-20,2023-04-20,false,4.259,["Comedy,  Mystery"]
119148,Bombay Begums,hi,7,6.1,2021-03-08,2021-03-08,false,2.162,[Drama]
226531,Scoop,hi,12,6.0,2023-06-02,2023-06-02,false,5.256,["Drama,  Crime"]
155846,The Great Indian Murder,hi,7,6.0,2022-02-04,2022-02-04,false,3.932,["Crime,  Mystery"]
99889,Chacha Vidhayak Hain Humare,hi,6,6.0,2018-05-18,2021-03-26,true,3.82,[Comedy]
101090,Ladies Up,hi,5,6.0,2020-03-27,2020-03-27,true,1.374,["Reality,  Comedy"]
154247,Human,hi,4,6.0,2022-01-14,2022-01-14,false,2.345,["Drama,  Mystery,  Crime"]
107694,The Gone Game,hi,3,6.0,2020-08-20,2022-07-07,true,1.092,["Mystery,  Drama"]
103225,Jestination Unknown,hi,3,6.0,2019-10-18,2019-10-18,true,1.539,[Comedy]
91797,Love Shots,hi,3,6.0,2016-03-08,2016-04-12,false,3.546,[Drama]
97688,Karkat Rogue,hi,3,6.0,2020-01-10,2020-01-10,true,1.842,["Mystery,  Drama"]
111997,Mum Bhai,hi,2,6.0,2020-11-12,2020-11-12,false,2.277,["Crime,  Action & Adventure,  Drama"]
107590,Flesh,hi,2,6.0,2020-08-21,2020-08-21,false,1.095,["Crime,  Drama,  Action & Adventure"]
86380,Kanpur Waale Khuranas,hi,2,6.0,2018-12-15,2019-02-09,false,3.322,[Comedy]
125010,Murder Meri Jaan!,hi,2,6.0,2021-05-06,2021-05-26,true,3.738,["Action & Adventure,  Crime"]
86810,Puncch Beat,hi,2,6.0,2019-02-14,2021-06-27,true,3.871,[Drama]
128529,Piyaa Albela,hi,2,6.0,2017-03-06,2017-03-07,false,1.527,["Drama,  Soap,  Family"]
104057,Agent Raghav,hi,2,6.0,2015-09-05,2016-04-10,false,13.304,["Crime,  Mystery"]
109436,Wakaalat From Home,hi,2,6.0,2020-09-10,2020-09-10,true,0.84,["Comedy,  Drama"]
116493,LUV DOWN: Love vs Lockdown,hi,2,6.0,2021-01-08,2021-01-08,true,918.0,[Drama]
209022,Dance India Dance Super Moms,hi,2,6.0,2013-01-06,2022-08-28,true,4.117,[Reality]
81192,Khan: No. 1 Crime Hunter (2018),hi,2,6.0,2018-05-24,2018-05-24,true,1.534,[Mystery]
93480,Mission Over Mars,hi,2,6.0,2019-09-10,2019-09-10,false,1.221,[Drama]
105935,Joint Venture,hi,2,6.0,2019-01-31,2019-03-07,true,932.0,[Drama]
101955,"Raja, Rasoi aur Anya Kahaniyaan",hi,2,6.0,2014-01-01,2022-11-11,true,1.803,[Documentary]
32564,Dance India Dance Li'l Masters,hi,2,6.0,2010-04-30,2022-06-19,true,9.267,["Reality,  Kids"]
7420,MTV Splitsvilla,hi,2,6.0,2008-06-20,2023-02-11,true,14.042,[Reality]
8090,Fauji,hi,2,6.0,1989-01-17,1989-04-11,false,3.733,["Action & Adventure,  Drama"]
88300,Engineering Girls,hi,2,6.0,2018-06-01,2021-08-27,true,1.438,["Drama,  Comedy"]
222231,Pop Kaun?,hi,2,6.0,2023-03-17,2023-03-17,false,3.196,[Comedy]
113851,Naxalbari,hi,1,6.0,2020-11-28,2020-11-28,false,0.99,["Action & Adventure,  Crime"]
75265,"Kya Haal, Mr. Paanchal?",hi,1,6.0,2017-08-28,2017-08-28,true,1.581,["Comedy,  Drama,  Family"]
38869,Best of Luck Nikki,hi,1,6.0,2011-04-03,2016-03-16,false,24.493,[Comedy]
88611,Poison,hi,1,6.0,2019-04-19,2020-10-16,true,4.871,["Crime,  Drama"]
98442,Virgin Bhasskar,hi,1,6.0,2019-11-19,2020-08-29,true,972.0,[Comedy]
125016,Hamara Bar Happy Hour,hi,1,6.0,2021-05-06,2021-05-13,true,1.4,[Comedy]
118208,"LSD - Love, Scandal and Doctors",hi,1,6.0,2021-02-05,2021-02-05,false,1.348,["Drama,  Mystery"]
112270,Taish,hi,1,6.0,2020-10-28,2020-10-28,false,1.739,["Crime,  Drama"]
106039,Mom and Co,hi,1,6.0,2019-02-09,2019-04-13,true,947.0,[Drama]
18424,Kya Mast Hai Life,hi,1,6.0,2009-04-27,2010-10-24,false,1.709,["Drama,  Kids,  Comedy"]
88953,Sufiyana Pyaar Mera,hi,1,6.0,2019-04-16,2019-05-02,false,3.444,["Drama,  Family"]
121729,Project 9191,hi,1,6.0,2021-03-26,2021-03-26,true,1.761,["Action & Adventure,  Mystery"]
120585,Chakravyuh - An Inspector Virkar Crime Thriller,hi,1,6.0,2021-03-12,2021-03-12,false,2.607,["Crime,  Mystery"]
32204,Mann Kee Awaaz Pratigya,hi,1,6.0,2009-12-07,2012-10-27,false,5.648,["Drama,  Soap"]
105798,Home Sweet Office,hi,1,6.0,2019-02-27,2019-03-27,false,1.4,[Drama]
102790,Riti Riwaj,hi,1,6.0,2020-03-17,2020-07-17,true,9.233,[Drama]
94711,Juzz Baatt,hi,1,6.0,2018-05-05,2018-08-05,false,7.84,["Talk,  Reality"]
105925,Locked,hi,1,6.0,2020-03-25,2020-04-01,true,0.6,[Mystery]
98738,Dadi Amma.. Dadi Amma Maan Jaao!,hi,1,6.0,2020-01-27,2020-02-21,true,4.918,["Drama,  Family"]
45141,The Suite Life of Karan & Kabir,hi,1,6.0,2012-04-08,2013-08-18,false,28.001,[Comedy]
126829,Ray,hi,18,5.944,2021-06-25,2021-06-25,false,6.841,[Drama]
15226,C.I.D.,hi,15,5.933,1998-01-21,2008-08-29,false,70.972,["Crime,  Drama,  Mystery"]
130542,Bhagya Lakshmi,hi,109,5.9,2021-08-03,2023-09-30,true,189.221,[Soap]
100729,She,hi,22,5.9,2020-03-20,2022-06-17,false,5.406,["Crime,  Drama"]
130692,The Empire,hi,8,5.9,2021-08-27,2021-08-27,false,2.097,["Drama,  Action & Adventure,  War & Politics"]
205434,Indian Predator: The Butcher of Delhi,hi,17,5.882,2022-07-20,2022-07-20,false,5.364,["Documentary,  Crime"]
18654,Queen of Jhansi,hi,7,5.857,2009-08-18,2021-03-24,false,69.535,["Drama,  War & Politics"]
8630,Taarak Mehta Ka Ooltah Chashmah,hi,28,5.8,2008-07-28,2023-10-02,true,21.195,["Comedy,  Drama,  Family"]
107451,Masaba Masaba,hi,5,5.8,2020-08-28,2022-07-29,true,1.661,["Comedy,  Drama"]
93398,Saamne Wali Khidki,hi,4,5.8,2000-01-01,2000-01-01,true,1.522,[Comedy]
216289,Pyar Ka Pehla Naam: Radha Mohan,hi,19,5.7,2022-05-02,2023-09-30,true,392.267,[Drama]
223601,IRL: In Real Love,hi,6,5.7,2023-04-06,2023-04-06,true,2.06,[Reality]
203432,Bandon Mein Tha Dum!,hi,3,5.7,2022-06-16,2022-06-16,false,965.0,[Documentary]
3986,Dekh Bhai Dekh,hi,3,5.7,1993-05-06,1993-06-24,false,2.079,[Comedy]
99148,Class of 2020,hi,3,5.7,2020-02-04,2020-02-04,true,7.273,[Drama]
153416,Tere Bina Jiya Jaye Naa,hi,3,5.7,2021-11-09,2021-11-25,true,1.351,["Drama,  Family,  Soap"]
207391,The Great Weddings of Munnes,hi,3,5.7,2022-08-04,2022-08-04,false,2.339,["Drama,  Comedy"]
208199,Duranga,hi,3,5.7,2022-08-19,2022-08-19,false,1.882,["Crime,  Drama"]
85518,Khatron Ke Khiladi,hi,3,5.7,2008-07-21,2023-10-01,true,20.634,[Reality]
14544,Koffee with Karan,hi,21,5.69,2004-11-19,2022-09-29,true,110.781,[Talk]
100732,Bhaukaal,hi,6,5.667,2020-03-06,2022-01-20,true,2.975,[Crime]
111453,Ghum Hai Kisikey Pyaar Meiin,hi,70,5.664,2020-10-05,2023-10-01,true,455.761,["Drama,  Soap,  Family"]
113361,Bicchoo Ka Khel,hi,5,5.6,2020-11-18,2020-11-18,false,2.709,["Crime,  Drama"]
102084,Hasmukh,hi,5,5.6,2020-04-17,2020-04-17,false,2.157,["Crime,  Drama,  Comedy"]
60580,Jodha & Akbar,hi,11,5.5,2013-06-18,2015-08-10,false,134.161,[Drama]
93312,ak...tion unlimited - JOSH,hi,4,5.5,2003-05-16,2003-05-16,false,1.774,[Action & Adventure]
93204,Coldd Lassi Aur Chicken Masala,hi,4,5.5,2019-09-03,2019-09-10,false,1.62,[Drama]
86681,Sa Re Ga Ma Pa L'il Champs,hi,4,5.5,2006-03-01,2023-01-22,true,1.458,["Reality,  Kids"]
83126,Sa Re Ga Ma Pa,hi,4,5.5,,2023-10-01,true,9.006,[Reality]
57372,Young Dreams,hi,2,5.5,2012-05-21,2021-08-09,false,18.259,["Drama,  Soap"]
155840,iss mod se jaate hain,hi,2,5.5,2021-12-13,2021-12-13,true,1.4,[Drama]
115520,Paurashpur,hi,2,5.5,2020-12-30,2023-07-28,true,3.476,[Drama]
94414,Hello Mini,hi,2,5.5,2019-10-01,2021-04-23,true,2.749,["Mystery,  Drama"]
99711,Kasautii Zindagii Kay,hi,2,5.5,2018-09-25,2020-10-03,false,32.085,["Drama,  Family,  Soap"]
137908,Agar Tum Saath Ho,hi,2,5.5,2016-10-16,2017-03-25,false,1.033,[Drama]
76363,India’s Next Superstars,hi,2,5.5,2018-01-13,2018-01-14,true,1.377,["Comedy,  Reality"]
137155,ek vivah aisa bhi,hi,2,5.5,2017-02-06,2017-02-06,false,0.6,[Drama]
90576,Aap Ki Adalat,hi,2,5.5,1992-01-01,1992-11-04,false,23.303,[Talk]
103553,Yeh Hai Chahatein,hi,2,5.5,2019-12-20,2019-12-20,false,1.195,[Drama]
99260,Ek Duje Ke Vaaste,hi,2,5.5,2016-02-29,2020-02-17,true,1.528,["Drama,  Family,  Soap"]
107588,Aashram,hi,10,5.4,2020-08-28,2022-06-03,true,11.611,["Drama,  Crime"]
156441,The Fame Game,hi,7,5.4,2022-02-25,2022-02-25,false,6.253,["Drama,  Crime"]
127862,Grahan,hi,5,5.4,2021-06-24,2021-06-24,false,1.781,["Drama,  Crime"]
135670,Dhindora,hi,24,5.333,2021-10-14,2021-12-02,false,2.111,["Comedy,  Drama"]
91511,Khichdi,hi,12,5.2,2002-09-10,2018-06-16,false,4.007,["Comedy,  Family"]
105218,Rasbhari,hi,6,5.2,2020-06-25,2020-06-25,true,1.545,[Drama]
157232,Bestseller,hi,4,5.2,2022-02-18,2022-02-18,false,2.764,[Drama]
114796,Tandav,hi,15,5.1,2021-01-15,2021-01-15,false,6.287,["Drama,  Crime,  Mystery"]
79273,Gandii Baat,hi,9,5.1,2018-05-03,2023-02-25,true,9.744,["Crime,  Drama"]
127332,Sunflower,hi,7,5.1,2021-06-11,2021-06-11,false,6.819,["Comedy,  Crime"]
64066,Man's World,hi,4,5.1,2015-09-29,2015-10-08,false,1.753,["Comedy,  Drama"]
93104,TVF Inmates,hi,8,5.0,2017-10-13,2017-11-10,false,2.163,["Comedy,  Drama"]
103368,"Illegal - Justice, Out of Order",hi,5,5.0,2020-05-12,2021-11-25,true,2.498,["Drama,  Mystery"]
131594,Comedy Premium League,hi,4,5.0,2021-08-20,2021-08-27,true,1.349,[Comedy]
98855,What the Love! with Karan Johar,hi,4,5.0,2020-01-30,2020-01-30,true,1.74,["Reality,  Talk"]
207467,Crash Course,hi,4,5.0,2022-08-05,2022-08-05,true,3.421,[Drama]
113631,Dark 7 White,hi,3,5.0,2020-11-24,2020-11-24,false,1.494,["Crime,  Drama,  Mystery"]
206912,NCR Days,hi,3,5.0,2022-07-19,2022-08-16,false,3.136,[Drama]
15315,Boogie Woogie,hi,3,5.0,1996-01-01,1996-01-01,true,1.826,[Reality]
221566,"Happy Family, Conditions Apply",hi,3,5.0,2023-03-10,2023-03-31,true,3.871,["Comedy,  Drama"]
75439,Ishq Mein Marjawan,hi,2,5.0,2017-09-20,2022-01-31,false,72.969,["Crime,  Mystery,  Drama"]
94891,Bhram,hi,2,5.0,2019-10-24,2019-10-24,false,1.489,[Mystery]
67638,Beintehaa,hi,2,5.0,2013-12-30,2014-11-21,false,21.08,[Drama]
82625,Home,hi,2,5.0,2018-08-29,2018-09-21,false,2.744,["Drama,  Family"]
34829,The Insiders,hi,2,5.0,2019-04-12,2019-04-12,true,2.126,["Comedy,  Drama"]
74869,Ragini MMS Returns,hi,2,5.0,2017-10-19,2019-12-22,false,5.429,["Crime,  Drama,  Mystery"]
205010,Saas Bahu Achaar Pvt. Ltd.,hi,2,5.0,2022-07-08,2022-07-08,true,1.679,["Drama,  Family"]
84770,Kaushiki,hi,2,5.0,2018-04-27,2018-07-20,true,2.431,[Mystery]
219082,Dear Ishq,hi,2,5.0,2023-01-26,2023-04-06,true,11.559,[Drama]
72952,Fear Files: Darr Ki Sachchi Tasveerein,hi,2,5.0,2012-06-30,2017-12-17,true,8.065,["Mystery,  Drama"]
100780,Jamai Raja,hi,2,5.0,,2014-08-04,false,3.807,[Drama]
155098,Unpaused: Naya Safar,hi,2,5.0,2022-01-21,2022-01-21,true,2.419,[Drama]
203736,The Broken News,hi,2,5.0,2022-06-10,2022-06-10,true,3.562,[Drama]
85015,Tujhse Hai Raabta,hi,2,5.0,2018-09-03,2018-09-06,false,3.529,["Drama,  Soap,  Family"]
220007,Lag Ja Gale,hi,2,5.0,2023-02-07,2023-02-28,true,3.527,[Drama]
85481,Ready 2 Mingle,hi,2,5.0,2018-08-11,2018-10-13,true,1.4,[Drama]
116169,Bullets,hi,1,5.0,2021-01-08,2021-01-08,false,1.681,["Action & Adventure,  Crime"]
75289,Siddhi Vinayak,hi,1,5.0,2017-10-26,2018-03-06,true,1.526,[Drama]
104692,The Casino,hi,1,5.0,2020-06-12,2020-06-12,false,2.433,["Drama,  Crime"]
238626,Takeshi's Castle India,hi,1,5.0,2023-11-01,2023-11-01,true,7.139,[Comedy]
8461,Star Bestsellers,hi,1,5.0,1999-07-17,2000-07-23,false,5.207,[Drama]
233362,School Friends,hi,1,5.0,2023-08-23,2023-08-23,true,1.827,["Comedy,  Drama"]
102492,Ghar Jamai,hi,1,5.0,1997-08-06,1997-08-06,true,2.573,["Comedy,  Family"]
101678,The Raikar Case,hi,1,5.0,2020-04-09,2020-04-09,true,1.042,[Mystery]
117189,Aapkey Kamrey Mein Koi Rehta Hai,hi,1,5.0,2021-01-22,2021-01-22,true,1.19,[Comedy]
158585,Smart Jodi,hi,1,5.0,2022-02-26,2022-06-05,true,0.6,[Reality]
72413,Love Ka Hai Intezaar,hi,1,5.0,2017-05-15,2017-05-15,false,883.0,["Drama,  Family"]
72414,Kya Qusoor Hai Amala Ka?,hi,1,5.0,2017-04-03,2017-04-03,true,6.645,[Soap]
238626,Takeshi's Castle India,hi,1,5.0,2023-11-01,2023-11-01,true,7.71,[Comedy]
203887,Banni Chow Home Delivery,hi,8,4.9,2022-05-30,2023-01-03,true,20.814,["Drama,  Family,  Soap"]
76167,Pushpavalli,hi,6,4.8,2017-12-15,2020-03-12,true,3.375,["Comedy,  Drama"]
126098,Maharani,hi,4,4.8,2021-05-28,2022-08-25,true,1.928,[Drama]
128115,Feels Like Ishq,hi,4,4.8,2021-07-23,2021-07-23,true,3.465,["Comedy,  Drama"]
33079,Just Mohabbat,hi,4,4.8,,,true,748.0,[Family]
115212,Shaurya Aur Anokhi Ki Kahani,hi,2,4.8,2020-12-21,2021-07-24,false,7.16,[Drama]
89779,Mind the Malhotras,hi,7,4.7,2019-06-07,2022-08-12,true,2.534,[Comedy]
200941,Modern Love Mumbai,hi,6,4.7,2022-05-13,2022-05-13,false,4.222,[Drama]
201063,Hush Hush,hi,3,4.7,2022-09-22,2022-09-22,true,3.819,[Drama]
196847,Guilty Minds,hi,3,4.7,2022-04-22,2022-04-22,false,4.025,["Drama,  Mystery"]
31530,Karishma Kaa Karishma,hi,7,4.6,2003-01-24,2004-04-16,false,1.458,["Drama,  Comedy"]
116479,Anupamaa,hi,24,4.5,2020-07-13,2022-07-06,true,4.696,["Drama,  Soap"]
93387,Hasna Mat,hi,4,4.5,2001-09-11,2001-09-11,false,711.0,[Comedy]
109237,Forbidden Love,hi,2,4.5,2020-09-09,2020-09-24,false,7.818,[Drama]
218978,Jaanbaaz Hindustan Ke,hi,2,4.5,2023-01-26,2023-01-26,false,1.132,["Action & Adventure,  Drama"]
214654,Country Mafia,hi,2,4.5,2022-11-18,2022-11-18,true,2.695,["Crime,  Drama"]
87363,Razia Sultan,hi,2,4.5,2015-03-02,2015-10-23,false,72.687,[Drama]
7523,Fear Factor: Khatron Ke Khiladi,hi,2,4.5,2008-07-21,2021-07-17,true,5.015,["Reality,  Action & Adventure"]
119408,Zindagi in Short,hi,2,4.5,2020-02-19,2020-02-19,true,2.736,["Comedy,  Drama"]
213636,Mukhbir: The Story of a Spy,hi,2,4.5,2022-11-11,2022-11-11,false,3.36,["Mystery,  Drama"]
75287,Agniphera,hi,2,4.5,2017-11-27,2017-12-08,true,0.6,[Drama]
223253,United Kacche,hi,2,4.5,2023-03-31,2023-03-31,false,3.873,["Drama,  Comedy"]
197130,Murder in Agonda,hi,2,4.5,2022-04-08,2022-04-29,true,2.048,["Crime,  Mystery"]
118753,Crashh,hi,2,4.5,2021-02-14,2021-02-14,false,1.564,[Drama]
73415,The Drama Company,hi,2,4.5,2017-07-16,2018-01-14,false,56.372,[Comedy]
216260,Half Pants Full Pants,hi,2,4.5,2022-12-16,2022-12-16,false,1.335,[Drama]
209326,Rajjo,hi,8,4.4,2022-08-22,2023-03-05,false,12.085,["Family,  Soap"]
39737,Swayamvar,hi,7,4.4,,,false,0.6,[Drama]
19243,Son Pari,hi,9,4.3,2000-11-23,2004-10-01,false,16.485,["Drama,  Family,  Sci-Fi & Fantasy"]
215426,Pyaar Ke Saat Vachan - Dharam Patni,hi,3,4.3,2022-11-28,2023-09-22,true,8.359,[Drama]
111805,Apna Time Bhi Aayega,hi,3,4.3,2020-10-20,2020-10-20,true,0.74,[Drama]
80540,Silsila Badalte Rishton Ka,hi,3,4.3,2018-06-04,2019-03-04,false,80.797,[Drama]
46935,Qubool Hai,hi,3,4.2,2012-10-29,2013-05-06,false,6.048,["Drama,  Family"]
82619,X.X.X: Uncensored,hi,16,4.0,2018-09-27,2020-04-10,true,26.58,[Comedy]
85004,Witch,hi,3,4.0,2018-12-15,2020-01-12,false,5.195,["Mystery,  Drama"]
93314,Kisko Milega Cash,hi,2,4.0,2008-03-03,2008-03-03,false,1.506,[Reality]
87369,Sex Drugs & Theatre,hi,2,4.0,2019-03-05,2019-03-12,true,996.0,["Crime,  Drama"]
90785,Superstar Singer,hi,2,4.0,2019-06-29,2022-09-03,true,2.327,[Reality]
85088,Main Maike Chali Jaungi Tum Dekhte Rahiyo,hi,2,4.0,2018-09-11,2018-09-11,true,1.226,["Comedy,  Drama"]
113840,Beehad Ka Baghi,hi,1,4.0,2020-11-26,2020-11-26,true,1.385,["Action & Adventure,  Crime"]
81399,Tanlines,hi,1,4.0,2015-10-27,2016-01-19,false,891.0,["Comedy,  Drama"]
14224,Sanjivani,hi,1,4.0,2002-01-16,2019-08-12,false,615.0,[Drama]
86414,Nalayaks,hi,1,4.0,2018-05-20,2019-01-24,false,0.84,[Comedy]
103508,Oye Jassie,hi,1,4.0,2013-10-13,2014-02-02,false,3.527,[Comedy]
11436,Bigg Boss,hi,44,3.967,2006-11-03,2022-12-25,true,0.6,[Reality]
71734,Vermillion in My Fate,hi,7,3.9,2014-04-15,2021-08-13,true,93.892,["Family,  Drama,  Soap"]
221949,Chashni,hi,6,3.8,2023-03-09,2023-06-07,true,1.012,[Drama]
154740,Ranjish Hi Sahi,hi,3,3.7,2022-01-13,2022-01-13,true,1.807,[Drama]
16413,Yeh Rishta Kya Kehlata Hai,hi,16,3.6,2009-01-12,2023-05-09,true,5.088,["Drama,  Family,  Soap"]
133372,Meet,hi,9,3.5,2021-08-23,2022-05-12,true,2.391,["Drama,  Soap"]
125481,The Last Hour,hi,6,3.5,2021-05-13,2021-05-13,false,2.833,["Crime,  Drama,  Mystery"]
88163,Modi: Journey of a Common Man,hi,4,3.5,2019-04-03,2019-05-23,true,1.175,[Drama]
117482,Bang Baang,hi,2,3.5,2021-01-25,2021-01-25,true,1.963,[Action & Adventure]
137336,Akkad Bakkad Rafu Chakkar,hi,2,3.5,2021-11-03,2021-11-03,true,1.792,["Crime,  Drama,  Mystery"]
78290,Family Time With Kapil Sharma,hi,2,3.5,2018-03-25,2018-04-01,false,1.778,[Comedy]
136076,Call My Agent Bollywood,hi,2,3.5,2021-10-29,2021-10-29,false,2.906,["Comedy,  Drama"]
72412,Chandra Nandini,hi,2,3.5,2016-10-10,2017-11-10,false,29.812,[Action & Adventure]
16354,Kitani Mohabbat Hai,hi,7,3.4,2009-01-19,2011-04-25,false,42.342,[Soap]
1307,Kasautii Zindagii Kay,hi,7,3.1,2001-10-29,2001-10-29,false,5.763,[Drama]
80579,Karenjit Kaur: The Untold Story of Sunny Leone,hi,6,3.0,2018-07-16,2019-04-05,false,4.718,[Drama]
124596,LOL - Hasse Toh Phasse,hi,4,3.0,2021-04-30,2021-04-30,true,1.737,["Comedy,  Reality"]
15867,Nach Baliye,hi,3,3.0,2005-06-01,2019-07-20,true,4.523,[Reality]
15398,Kutumb,hi,2,3.0,2001-10-29,2001-10-29,false,0.6,[Drama]
133028,Candy,hi,2,3.0,2021-09-08,2021-09-08,false,3.4,["Mystery,  Crime"]
227859,Social Currency,hi,2,3.0,2023-06-22,2023-06-22,true,1.699,[Reality]
40382,Diya Aur Baati Hum,hi,1,3.0,2011-08-29,2011-08-29,true,1.258,[Drama]
113312,Eena Meena Deeka,hi,1,3.0,2015-01-01,2015-01-01,true,629.0,["Animation,  Comedy,  Kids"]
243797,Hustlers: Jugaad Ka Khel,hi,1,3.0,2024-01-24,2024-01-24,true,18.668,["Drama,  Family"]
14038,Kahiin to Hoga,hi,6,2.8,2003-09-08,2003-09-08,true,1.274,[Drama]
76791,Naagin,hi,4,2.8,2015-11-01,2022-09-04,true,15.049,["Action & Adventure,  Mystery,  Sci-Fi & Fantasy"]
105022,Lalbazaar,hi,3,2.7,2020-06-19,2020-06-19,true,1.063,["Crime,  Drama"]
39423,Vikraal Aur Gabraal,hi,6,2.5,2003-07-26,2004-05-23,false,2.603,[Drama]
6060,Kyunki... Saas Bhi Kabhi Bahu Thi...,hi,7,2.3,2000-07-03,2000-07-03,false,4.16,["Drama,  Family"]
32707,"Stay Together, My Love",hi,3,2.3,2010-05-03,2020-10-20,true,1.97,["Drama,  Family"]
4903,Kahaani Ghar Ghar Kii,hi,6,2.2,2000-10-16,2000-10-16,false,1.876,[Drama]
4897,Kasamh Se,hi,3,2.0,2007-01-01,2007-01-01,false,0.96,[Drama]
105666,Weekends,hi,1,2.0,2018-09-28,2018-10-26,true,1.721,["Comedy,  Drama"]
218659,Cinema Marte Dum Tak,hi,1,2.0,2023-01-17,2023-01-17,false,1.015,[Documentary]
108379,Gabru: Hip Hop Revolution,hi,1,2.0,2018-06-01,2018-06-01,false,11.738,["Drama,  Soap"]
218872,Saavi Ki Savaari,hi,1,2.0,2023-01-22,2023-01-22,true,0.6,[Drama]
87699,Pyaar Tune Kya Kiya,hi,1,2.0,2014-06-02,2014-09-01,true,0.6,[Drama]
224782,Dancing on the Grave,hi,1,2.0,2023-04-21,2023-04-21,true,1.877,["Documentary,  Crime,  Drama"]
96201,Ishq Subhan Allah,hi,1,2.0,2018-03-14,2018-08-02,true,29.588,["Drama,  Soap,  Family"]
203870,India’s Laughter Champion,hi,1,2.0,2022-06-11,2022-08-27,false,3.748,["Comedy,  Reality"]
90982,Mighty Raju,hi,1,2.0,2015-02-18,2015-05-27,true,704.0,["Action & Adventure,  Animation"]
119767,Indian Pro Music League,hi,1,2.0,2021-02-26,2021-03-07,false,886.0,[Reality]
93358,Haiwan - The Monster,hi,1,2.0,2019-08-31,2019-08-31,false,889.0,["Mystery,  Sci-Fi & Fantasy"]
99609,Chadarangam,hi,1,2.0,2020-02-20,2020-02-20,true,935.0,[Drama]
94340,Movie Masti With Maniesh Paul,hi,1,2.0,2019-10-05,2019-10-05,true,0.6,[Reality]
7825,Banegi Apni Baat,hi,1,2.0,1993-01-01,1993-03-19,true,2.01,["Drama,  Comedy"]
211096,Main Hoon Aparjita,hi,1,2.0,2022-09-27,2022-09-27,true,1.4,[Drama]
124509,Darr Sabko Lagta Hai,hi,1,2.0,2015-10-31,2016-04-17,true,1.081,[Mystery]
130708,Couple Goals,hi,1,2.0,2021-02-13,2023-02-07,true,727.0,[Comedy]
99840,Sankat Mochan Mahabali Hanumaan,hi,1,2.0,2015-05-04,2017-08-21,false,631.0,[Drama]
94717,Lagao Boli,hi,1,2.0,2019-08-18,2019-08-18,true,882.0,[Reality]
131902,Zee Comedy Show,hi,1,2.0,2021-07-31,2021-09-04,true,0.84,[Comedy]
101657,Phone-a-Friend,hi,1,2.0,2020-04-07,2020-04-07,true,1.384,["Comedy,  Drama"]
137470,Glitter,hi,1,2.0,2021-10-29,2021-10-29,true,0.6,["Crime,  Mystery"]
130781,A Big Little Murder,hi,1,2.0,2019-01-19,2019-01-19,false,0.83,[Documentary]
98737,Mind Wars,hi,1,2.0,2020-01-26,2020-01-26,true,0.84,["Reality,  Family,  Kids"]
217278,Going Viral Pvt. Ltd.,hi,1,2.0,2017-08-25,2017-09-25,false,2.11,[Comedy]
213976,King's Man,hi,1,2.0,2022-04-05,2022-04-05,true,1.4,[Drama]
158506,Taarak Mehta Kka Chhota Chashmah,hi,1,2.0,2022-02-24,2022-02-24,true,2.817,["Comedy,  Animation"]
7689,Kyaa Hoga Nimmo Kaa,hi,3,1.7,2006-01-29,2006-01-29,true,0.6,["Drama,  Comedy"]
103806,Operation MBBS,hi,2,1.5,2020-02-22,2021-04-07,true,1.027,["Comedy,  Drama"]
86184,Singardaan,hi,2,1.5,2019-01-20,2019-01-27,true,8.676,[Drama]
105669,Firsts,hi,1,1.0,2020-01-29,2021-08-30,true,1.955,[Drama]
75234,Rishta Likhenge Hum Naya,hi,1,1.0,2017-11-07,2018-06-01,false,6.023,["Family,  Soap"]
39083,Sasural Simar Ka,hi,1,1.0,2011-04-25,2011-05-06,true,1.4,[Drama]
75232,Mere Sai,hi,1,1.0,2017-09-25,2023-07-07,false,846.0,[Drama]
204074,Tanaav,hi,1,1.0,2022-11-11,2022-11-25,false,2.677,["Crime,  Drama"]
99905,It Happened in Calcutta,hi,1,1.0,2020-02-29,2020-02-29,false,938.0,[Drama]
108695,Indiawaali Maa,hi,1,1.0,2020-08-31,2020-09-15,true,966.0,["Drama,  Family,  Soap"]
216771,Sabse Bada Kalakar,hi,1,1.0,2017-04-08,2017-07-09,false,20.765,[Reality]
115588,Karn Sangini,hi,1,1.0,2018-10-22,2018-10-22,false,1.96,[Drama]
194763,Anamika,hi,1,1.0,2022-03-10,2022-03-10,true,994.0,[Crime]
31267,Pyaar Ka Bandhan,hi,1,1.0,2009-10-07,2009-10-07,false,1.506,[Drama]
90355,Dance Deewane,hi,1,1.0,2018-06-02,2021-02-28,true,7.969,[Reality]
120333,The Married Woman,hi,1,1.0,2021-03-08,2021-03-08,false,2.839,[Drama]
123999,Kathmandu Connection,hi,1,0.5,2021-04-23,2022-12-23,true,1.512,["Drama,  Crime"]
