77419,The Reaping,it,9,10.0,2018-02-04,2018-02-04,true,1.54,["Drama,  Crime,  Mystery"]
97018,Freaks!,it,3,10.0,2011-04-08,2013-02-10,false,5.884,["Sci-Fi & Fantasy,  Comedy,  Drama"]
122973,Micromostri con Barbascura X,it,2,10.0,2021-04-03,2021-04-17,true,741.0,[Documentary]
234506,Maria Corleone,it,2,10.0,2023-09-13,2023-09-27,true,25.974,["Drama,  Crime"]
46453,Mistero,it,2,10.0,,2015-12-14,false,927.0,[Documentary]
96324,Cattivik,it,2,10.0,2008-12-01,2009-04-19,false,13.109,["Animation,  Comedy"]
217395,Måneskin On The Road - The Series,it,1,10.0,2022-08-10,2023-05-23,true,1.4,["Documentary,  Reality"]
220969,Belve,it,1,10.0,2018-03-14,2023-03-21,true,5.309,[Talk]
73184,Uno bianca,it,1,10.0,2001-02-05,2001-02-06,false,2.087,[Drama]
208281,Mai dire gol - France 98,it,1,10.0,1998-06-07,1998-07-12,false,889.0,[Talk]
218864,Le serie di RaiCultura.it,it,1,10.0,,,true,623.0,[Documentary]
41027,Non smettere di sognare,it,1,10.0,2011-03-16,2011-05-04,false,2.426,[Drama]
75221,Grand Hotel,it,1,10.0,2015-09-01,2015-10-06,false,2.34,["Crime,  Drama,  Mystery"]
41073,Codice rosso,it,1,10.0,,,false,0.6,[Drama]
86095,Caduta Libera,it,1,10.0,2015-05-04,2018-09-09,true,1.4,[Talk]
77030,Mixer,it,1,10.0,1980-04-21,1995-02-14,false,0.6,[Talk]
105845,Un posto al sole,it,1,10.0,1996-10-21,2020-07-13,true,6.98,[Soap]
74361,Dov'è Anna?,it,1,10.0,1976-01-13,1976-02-24,false,1.629,[Drama]
70732,Mai Dire mundial,it,1,10.0,1990-05-09,1990-06-06,false,0.84,[Comedy]
232549,Indagine sulla parapsicologia,it,1,10.0,1978-04-01,1978-04-29,false,0.6,[Documentary]
217680,The Philosophical Cafe,it,1,10.0,2009-01-01,2009-01-01,true,0.6,[Documentary]
78904,Storie Vere,it,1,10.0,2011-11-15,2013-05-10,false,0.6,[Talk]
118974,Puffins – The Series,it,1,10.0,2020-11-27,2020-11-27,true,3.244,["Animation,  Family,  Kids,  Comedy"]
75553,Dirty Hands,it,1,10.0,1978-11-14,1978-11-19,false,1.242,[Drama]
220289,Radio2 Speciale Sanremo con Valerio Lundini,it,1,10.0,2023-02-06,2023-02-12,false,0.6,[Comedy]
114257,Odio il mio migliore amico,it,1,10.0,2020-01-29,2020-11-04,true,0.6,[Comedy]
65461,Cascina Vianello,it,1,10.0,1996-09-17,1996-10-15,false,0.6,[Comedy]
157217,Tiki Taka - Il calcio è il nostro gioco,it,1,10.0,2013-09-16,2014-05-19,true,0.6,[Talk]
221836,Tartarino sulle Alpi,it,1,10.0,1968-09-06,1968-09-06,false,3.141,["Comedy,  Action & Adventure"]
61846,RAILWAY RELAY,it,1,10.0,,2015-01-13,true,0.6,[Music]
157643,Piacere di mangiarti,it,1,10.0,2022-02-13,2022-04-17,true,0.6,[Documentary]
211031,2016 - L'anno della trap,it,1,10.0,2022-09-16,2022-09-30,false,0.84,[Documentary]
66841,Il pianeta dei dinosauri,it,1,10.0,1993-09-12,1993-10-03,false,956.0,[Documentary]
66833,La macchina meravigliosa,it,1,10.0,1990-10-25,1990-12-13,false,0.6,[Documentary]
81732,Cinderella,it,1,10.0,2011-10-30,2011-10-31,false,6.779,["Drama,  Soap"]
72586,Mai dire pupa,it,1,10.0,2010-04-26,2010-06-07,false,0.6,[Comedy]
72585,Mai dire reality,it,1,10.0,2006-10-03,2006-11-21,false,874.0,[Comedy]
66682,Tú Sí Que Vales,it,1,10.0,2014-10-04,2021-11-27,true,6.247,["Family,  Reality"]
72795,Mai dire mondiali,it,1,10.0,1994-06-20,1994-07-17,false,1.141,[Comedy]
72591,Mai dire martedì,it,1,10.0,2007-01-23,2008-06-24,false,0.6,[Comedy]
72589,Mai dire lunedì,it,1,10.0,2005-04-11,2005-11-28,false,0.6,[Comedy]
76939,Misteri,it,1,10.0,1994-10-30,1995-02-13,true,1.374,[Talk]
129550,Stellina,it,1,10.0,2009-04-01,2009-04-01,false,1.572,["Family,  Animation,  Action & Adventure"]
73084,Turisti per caso,it,1,10.0,1993-12-04,2007-09-17,false,2.482,[Documentary]
96514,Lupo Alberto,it,1,10.0,1997-01-01,1997-01-01,false,1.746,[Animation]
158340,Avamposti - Uomini in prima linea,it,1,10.0,2022-02-07,2022-03-14,true,1.153,["Documentary,  Crime"]
77241,Falò,it,1,10.0,2001-03-09,2012-03-29,true,873.0,[Documentary]
97190,Baciamo le mani - Palermo New York 1958,it,1,10.0,2013-09-02,2013-10-11,false,2.509,[Drama]
219367,Uno bianca,it,1,10.0,2001-02-05,2001-02-06,false,0.6,[Crime]
71044,Mezz'ora in più,it,1,10.0,2005-10-09,2005-10-09,true,1.217,["War & Politics,  Talk"]
72997,Mai dire Amici,it,1,10.0,2011-02-09,2011-03-08,false,0.6,[Comedy]
72994,Mai dire candid,it,1,10.0,2007-09-13,2007-10-11,false,0.7,[Comedy]
72998,Mai dire provini,it,1,10.0,2013-03-21,2013-04-25,false,0.6,[Comedy]
208352,Mai dire 94/98/99/2000,it,1,10.0,1994-12-21,2000-12-27,false,893.0,["Talk,  Comedy"]
133536,From the Barn to the Track,it,1,10.0,2020-09-14,2022-11-28,true,1.176,["Action & Adventure,  Documentary,  Reality"]
96170,The Promised Life,it,2,9.8,2018-09-16,2020-03-08,true,3.07,[Drama]
74129,Mai dire Grande Fratello VIP,it,2,9.8,2017-09-27,2018-12-12,false,1.4,[Comedy]
66674,Stanotte a...,it,7,9.5,2015-05-28,2022-12-25,true,1.171,[Documentary]
66846,Viaggio nel cosmo,it,2,9.5,1998-01-09,1998-02-20,false,1.264,[Documentary]
79456,Italian Restaurant,it,2,9.5,1994-11-06,1994-12-24,true,4.178,[Comedy]
95113,Passato e Presente,it,2,9.5,2017-10-10,2023-03-15,true,26.356,["Documentary,  War & Politics"]
72564,Mai dire maik,it,2,9.5,2000-01-24,2001-06-08,false,1.982,[Comedy]
68254,Mai dire Story,it,1,9.5,2010-10-01,2010-12-03,false,1.558,["Talk,  Reality"]
75948,Meraviglie. La penisola dei tesori,it,5,9.4,2018-01-04,2022-01-18,true,1.557,[Documentary]
85899,Ludwig,it,5,9.4,1981-01-01,1981-01-29,false,1.812,[Drama]
42904,Rat-Man,it,3,9.3,2006-11-20,2017-10-23,false,17.452,["Animation,  Comedy"]
41607,Il peccato e la vergogna,it,3,9.3,2010-11-01,2014-03-14,true,2.323,[Drama]
128897,Gli effetti di Gomorra sulla gente,it,3,9.3,2014-07-11,2021-11-09,false,1.4,[Comedy]
79319,Nero Wolfe,it,3,9.2,1969-02-21,1971-02-23,true,3.947,["Crime,  Mystery"]
72584,Mai dire Grande Fratello & figli,it,2,9.2,2004-10-04,2006-05-09,false,0.6,[Comedy]
72587,Mai dire Grande Fratello show,it,2,9.2,2009-02-24,2009-04-28,false,0.6,[Comedy]
218764,Splendida cornice,it,2,9.2,2023-01-12,2023-09-28,true,12.746,["Comedy,  Talk"]
19401,The Odyssey,it,5,9.1,1968-03-24,1968-05-05,false,5.705,["Drama,  History,  Action & Adventure,  Sci-Fi & Fantasy"]
17816,Carabinieri - Sotto copertura,it,3,9.0,2005-05-09,2005-05-10,false,2.091,["Crime,  Comedy,  Action & Adventure"]
109491,Rodolfo Valentino - La leggenda,it,3,9.0,2014-04-17,2014-04-22,false,1.4,[Documentary]
50730,Le inchieste del commissario Maigret,it,3,9.0,1964-12-27,1972-09-16,false,2.635,["Mystery,  Drama,  Crime"]
71398,Stasera tutto è possibile,it,3,9.0,2015-09-08,2018-11-13,true,1.331,["Family,  Reality,  Talk"]
211295,Me contro Te - La famiglia reale,it,2,9.0,2022-09-30,2022-09-30,true,1.392,[Comedy]
75167,The Brothers Karamazov,it,2,9.0,1969-11-16,1969-12-28,false,1.019,[Drama]
119200,Fabrizio De André: Principe libero,it,2,9.0,2018-01-23,2018-01-24,false,1.96,[Drama]
70438,L' Edera,it,2,9.0,1992-02-18,1992-02-18,false,3.585,["Soap,  Drama"]
41582,Io e mio figlio – Nuove storie per il commissario Vivaldi,it,2,9.0,2005-01-09,2010-02-09,false,3.512,["Crime,  Drama,  Mystery"]
45107,MTV Spit,it,2,9.0,2012-03-09,2014-10-26,false,1.435,[Reality]
73211,Per un pugno di libri,it,2,9.0,1998-05-11,2020-03-14,false,9.717,[Talk]
76931,Voyager,it,2,9.0,2003-05-20,2011-01-24,true,1.4,["Documentary,  Mystery"]
118421,Naked Attraction Italia,it,2,9.0,2021-02-06,2023-01-05,true,10.786,[Reality]
41639,Tutti per Bruno,it,1,9.0,2010-01-08,2010-02-12,false,1.4,["Comedy,  Crime"]
102114,Jams,it,1,9.0,2019-03-11,2020-04-08,true,1.4,[Drama]
62370,Junior MasterChef Italia,it,1,9.0,2014-03-13,2016-05-12,false,1.483,[Reality]
86763,Michele Strogoff,it,1,9.0,1999-10-12,1999-10-14,false,634.0,["Drama,  Action & Adventure"]
66749,Matrimoni e altre follie,it,1,9.0,2016-06-01,2016-07-31,true,1.864,[Comedy]
133110,Colpo grosso,it,1,9.0,1987-11-16,1991-09-16,false,7.028,[Reality]
225104,Shake,it,1,9.0,2023-04-14,2023-06-02,true,1.14,[Drama]
118159,Freedom - Oltre il confine,it,1,9.0,2018-12-20,2021-02-26,true,5.335,[Documentary]
41194,Piloti,it,1,9.0,2007-01-08,2008-01-14,false,1.242,[Comedy]
40788,Good and Evil,it,1,9.0,2009-01-12,2009-02-23,false,0.94,["Drama,  Crime,  Action & Adventure,  Mystery"]
66325,Superquark,it,10,8.9,1995-01-27,2022-08-24,false,8.676,[Documentary]
66324,Ulisse. Il piacere della scoperta,it,9,8.889,2001-04-07,2023-09-28,true,24.333,[Documentary]
239470,Where no one looks - The Elisa Claps case,it,3,8.833,2023-11-13,2023-11-14,true,2.744,["Documentary,  Crime"]
55269,Mai dire grande fratello,it,4,8.8,2000-09-29,2012-04-02,false,5.469,[Comedy]
34901,Angel's Friends,it,10,8.7,2009-10-12,2010-03-27,false,2.645,["Animation,  Sci-Fi & Fantasy"]
72588,Mai dire domenica,it,3,8.7,2002-01-27,2004-05-02,false,1.61,[Comedy]
125801,La Regina di Palermo,it,3,8.7,2017-08-02,2017-08-30,false,1.331,["Crime,  Drama"]
88907,La Melevisione,it,3,8.667,1999-01-18,2016-09-19,true,30.628,[Kids]
229256,Noos - L'avventura della conoscenza,it,3,8.667,2023-06-29,2023-08-03,true,1.104,[Documentary]
16361,Huntik: Secrets & Seekers,it,29,8.603,2009-01-03,2011-12-11,false,35.279,["Animation,  Sci-Fi & Fantasy,  Mystery,  Action & Adventure"]
86311,The Best of Youth,it,9,8.6,2003-12-07,2003-12-15,false,4.689,[Drama]
36189,Boris,it,168,8.592,2007-04-16,2022-10-26,true,16.676,[Comedy]
41518,Squadra antimafia – Palermo oggi,it,9,8.5,2009-03-31,2016-11-11,false,6.146,["Action & Adventure,  Drama"]
89501,L'amore strappato,it,3,8.5,2019-03-30,2019-04-14,true,691.0,[Drama]
226680,GialappaShow,it,3,8.5,2023-05-21,2023-07-09,true,1.33,[Comedy]
66900,The Black Corsair,it,2,8.5,1998-01-01,1998-02-11,false,4.485,["Animation,  Action & Adventure"]
20271,Quaq Quao,it,2,8.5,1978-01-01,1978-01-01,false,735.0,[Animation]
86722,Le straordinarie avventure di Jules Verne,it,2,8.5,2013-09-14,2013-12-14,true,3.228,["Animation,  Action & Adventure"]
214021,Aspettando Viva Rai2!,it,2,8.5,2022-11-07,2022-12-02,false,2.744,["Comedy,  Talk"]
118563,Pupetta - Il Coraggio e la passione,it,2,8.5,2013-06-06,2013-06-27,true,0.6,[Drama]
40598,Amico mio,it,2,8.5,1993-12-07,1998-05-13,false,3.503,[Drama]
95926,Inspector Rex,it,12,8.417,2008-01-29,2015-11-14,false,5.362,["Action & Adventure,  Crime,  Drama,  Mystery"]
135918,Tear Along the Dotted Line,it,296,8.4,2021-11-17,2021-11-17,false,12.413,["Animation,  Comedy,  Drama"]
155787,La Sposa,it,10,8.4,2022-01-16,2022-01-30,false,3.94,["Drama,  Documentary,  Family"]
120954,Makari,it,9,8.4,2021-03-15,2022-02-21,true,1.894,["Crime,  Drama,  Comedy"]
74198,Wuthering Heights,it,5,8.4,2004-10-04,2004-10-05,false,3.493,[Drama]
60707,Sangue caldo,it,4,8.4,2011-09-09,2011-10-14,false,3.134,["Drama,  Crime"]
37290,Inspector Montalbano,it,52,8.356,1999-05-06,2020-03-16,false,21.319,["Action & Adventure,  Crime,  Mystery"]
44450,Il tredicesimo apostolo,it,3,8.333,2012-01-04,2014-02-24,false,6.433,["Sci-Fi & Fantasy,  Drama"]
41775,Elisa di Rivombrosa,it,8,8.313,2003-12-17,2006-03-02,false,6.702,[Drama]
78154,My Brilliant Friend,it,117,8.3,2018-11-18,2022-02-27,true,24.864,[Drama]
68737,Regal Academy,it,20,8.3,2016-05-21,2017-02-11,true,9.129,["Animation,  Comedy,  Family"]
136863,A Story Called Gomorrah - The Series,it,5,8.3,2021-10-24,2021-11-14,false,3.892,[Documentary]
95752,Il Conte di Montecristo,it,3,8.3,1966-11-06,1966-12-23,false,1.301,["Action & Adventure,  Drama"]
74369,Eneide,it,3,8.3,1971-12-19,1972-01-30,false,1.124,[Drama]
136658,Hearts,it,12,8.25,2021-10-17,2023-10-01,true,13.264,[Drama]
64079,Il Testimone,it,8,8.25,2007-10-08,2021-12-04,true,4.606,["Documentary,  News"]
88345,Il clan dei camorristi,it,2,8.25,2013-01-07,2013-02-25,true,3.994,[Crime]
1848,Winx Club,it,395,8.22,2004-01-28,2019-07-09,false,230.594,["Kids,  Animation,  Sci-Fi & Fantasy,  Action & Adventure"]
101048,Doc – Nelle tue mani,it,149,8.2,2020-03-26,2022-03-17,true,20.853,[Drama]
12822,The Octopus,it,39,8.2,1984-03-11,2001-01-17,false,16.313,["Drama,  Crime"]
124004,"Buongiorno, mamma!",it,12,8.2,2021-04-21,2023-03-17,false,4.585,[Drama]
60716,Nero Wolfe,it,9,8.2,2012-04-05,2012-05-24,false,4.877,["Mystery,  Crime"]
17506,Monster Allergy,it,8,8.2,2006-11-25,2017-04-01,false,19.092,["Sci-Fi & Fantasy,  Animation,  Kids,  Action & Adventure,  Comedy"]
211050,Stasera c’è Cattelan su Raidue,it,7,8.2,2022-09-20,2023-10-03,true,11.682,[Talk]
41387,Il maresciallo Rocca,it,5,8.2,1996-01-16,2008-03-04,false,5.663,["Comedy,  Drama,  Crime,  Mystery,  Action & Adventure"]
75180,L'amaro caso della Baronessa di Carini,it,2,8.2,1975-11-23,1975-12-14,false,3.198,[Drama]
85093,Inspector Nardone,it,2,8.2,2012-09-06,2012-11-15,false,0.6,[Crime]
96507,Ognuno è perfetto,it,2,8.2,2019-12-16,2019-12-23,true,5.23,[Comedy]
158255,Volare - La grande storia di Domenico Modugno,it,2,8.2,2013-02-18,2013-02-19,false,1.4,[Drama]
41597,Romanzo criminale,it,103,8.184,2008-11-09,2010-12-16,false,12.785,["Drama,  Crime,  Action & Adventure"]
63876,Pechino Express,it,6,8.167,2012-09-13,2023-05-11,true,4.959,[Reality]
65655,Red Band,it,11,8.136,2014-01-26,2016-12-01,false,3.392,[Drama]
214603,This World Can't Tear Me Down,it,161,8.106,2023-06-09,2023-06-09,false,16.322,["Animation,  Comedy,  Drama"]
112364,A Patch by Lundini,it,11,8.1,2020-09-07,2022-06-29,false,19.195,["Comedy,  Talk"]
41603,L'onore e il rispetto,it,7,8.1,2006-09-05,2017-05-19,false,10.728,["Drama,  Crime"]
77411,La linea verticale,it,7,8.1,2018-01-13,2018-03-03,true,2.077,[Drama]
17808,Mai dire gol,it,5,8.1,1990-11-18,2001-02-25,false,18.021,[Comedy]
61068,Gomorrah,it,403,8.082,2014-05-06,2021-12-17,false,47.215,["Crime,  Drama"]
62652,The Young Montalbano,it,23,8.0,2012-02-23,2015-10-19,false,4.935,["Crime,  Drama,  Mystery"]
74169,Anna Karenina,it,12,8.0,2013-12-02,2013-12-03,false,8.616,[Drama]
82386,Tutto può succedere,it,11,8.0,2015-12-27,2018-06-18,true,5.697,[Comedy]
47319,Mario,it,9,8.0,2013-02-28,2014-11-25,false,5.242,[Comedy]
137776,Zelig,it,6,8.0,1997-05-05,2021-12-09,true,3.434,["Comedy,  Talk"]
86767,Egyxos,it,6,8.0,2015-02-22,2019-05-11,false,5.641,["Animation,  Kids,  Sci-Fi & Fantasy,  Action & Adventure"]
70665,E poi c'è Cattelan,it,5,8.0,2014-03-27,2020-03-31,true,12.927,[News]
56517,In Treatment,it,4,8.0,2013-04-01,2017-05-06,false,13.027,[Drama]
65509,Inspector De Luca,it,4,8.0,2008-04-27,2008-05-11,false,1.034,[Drama]
198186,Cucine da incubo (Italia),it,4,8.0,2013-05-15,2023-05-14,true,2.792,[Reality]
46133,Scherzi a Parte,it,3,8.0,1992-02-09,2021-10-17,true,4.79,[Talk]
127244,Azzurri The Italian Dream at UEFA EURO 2020,it,3,8.0,2021-06-07,2021-06-10,false,1.202,[Documentary]
89021,While I Was Away,it,3,8.0,2019-03-28,2019-05-09,false,2.522,["Drama,  Mystery"]
113136,Un giorno in pretura,it,2,8.0,1988-01-18,2022-12-17,true,13.71,["Talk,  Reality"]
66069,Casa Siffredi,it,2,8.0,2016-03-17,2016-04-07,false,4.008,[Reality]
70780,Celebrity MasterChef Italia,it,2,8.0,2017-03-16,2018-04-05,false,3.182,[Reality]
84466,Mai dire talk,it,2,8.0,2018-11-29,2019-01-25,false,1.798,["Comedy,  Family,  Talk"]
201698,La Mala - Banditi a Milano,it,2,8.0,2022-04-17,2022-04-17,true,935.0,["Documentary,  Crime"]
103491,Voci notturne,it,1,8.0,1995-09-24,1995-10-22,false,968.0,[Mystery]
111995,Che succ3de?,it,1,8.0,2020-10-26,2022-04-15,false,8.501,[Talk]
119167,L'isola dei famosi,it,1,8.0,2003-09-19,2023-06-19,true,4.932,[Reality]
208798,Mostri senza nome - Roma,it,1,8.0,2020-09-22,2020-09-22,true,0.6,["Documentary,  Crime"]
41617,Disokkupati,it,1,8.0,1997-06-30,1997-06-30,false,5.363,[Comedy]
119127,Temptation Island,it,1,8.0,,2023-07-31,true,1.295,[Reality]
72640,Giandomenico Fracchia - Sogni proibiti di uno di noi,it,1,8.0,1975-01-01,1975-01-01,true,1.4,[Comedy]
101785,Il restauratore,it,1,8.0,2012-01-08,2014-10-26,true,1.317,[Drama]
41372,Gino il Pollo perso nella rete,it,1,8.0,2006-01-01,2006-01-01,false,2.646,["Animation,  Kids"]
41362,Questa è la mia terra,it,1,8.0,2006-04-09,2008-02-20,false,2.74,[Drama]
138938,Tel chi el telùn,it,1,8.0,1999-11-21,1999-12-05,false,1.241,[Comedy]
118950,In compagnia del lupo. Il cuore nero delle fiabe,it,1,8.0,2021-02-15,2021-03-29,true,646.0,[Documentary]
120906,Ti spedisco in convento Italia,it,1,8.0,2021-03-11,2023-04-30,true,0.6,[Reality]
88158,GazZelig - I comici dalla A allo Zelig,it,1,8.0,2009-01-03,2009-05-23,false,1.701,[Comedy]
75101,Gli anni spezzati,it,1,8.0,2013-01-07,2014-01-28,true,1.498,[Drama]
83001,Te lo do io il Brasile,it,1,8.0,1984-03-01,1984-04-05,false,672.0,["Comedy,  Documentary"]
88949,L'India vista da Rossellini,it,1,8.0,1959-01-07,1959-03-11,true,726.0,[Documentary]
121863,What a Secret,it,1,8.0,2019-01-04,2019-03-08,false,828.0,["Drama,  Mystery,  Comedy"]
69036,Drammi medicali,it,1,8.0,2009-02-17,2010-04-20,false,1.4,[Comedy]
85601,MasterChef All Stars Italia,it,1,8.0,2018-12-20,2019-01-10,false,2.474,[Reality]
115089,Assassins,it,1,8.0,2020-12-01,2020-12-01,true,1.268,["Action & Adventure,  Sci-Fi & Fantasy"]
80582,Il più grande spettacolo dopo il weekend,it,1,8.0,2011-11-14,2011-11-14,false,0.6,["Talk,  Comedy"]
90570,Fuoco Amico,it,1,8.0,2016-03-30,2016-05-18,true,742.0,[Action & Adventure]
81694,Trulli Tales,it,1,8.0,2017-10-03,2018-09-25,true,8.8,["Animation,  Family"]
224422,Junk - Armadi pieni,it,1,8.0,2023-04-04,2023-04-20,false,0.6,[Documentary]
202950,Sex Tape Italia,it,1,8.0,2022-05-13,2022-06-03,true,0.0,[Reality]
73086,Turisti per caso: l'Italia s'è desta,it,1,8.0,1996-01-04,1996-04-29,false,0.6,[Documentary]
82982,Te la do io l'America,it,1,8.0,1981-03-28,1981-05-09,false,0.6,["Comedy,  Talk,  Documentary"]
75605,Pharmakos - La Serie,it,1,8.0,2017-10-26,2017-10-26,true,0.6,[Sci-Fi & Fantasy]
109167,The Facchinettis,it,1,8.0,2020-04-11,2020-06-13,true,844.0,["Comedy,  Family,  Reality"]
108931,Avamposti – Dispacci dal confine,it,1,8.0,2020-09-05,2020-09-12,true,1.4,[Documentary]
108943,Restaurant Swap,it,1,8.0,2020-02-02,2020-02-23,true,0.6,[Reality]
89222,L'Aquila - Grandi speranze,it,1,8.0,2019-04-16,2019-05-24,true,1.509,[Drama]
68810,Kubrick - Una Storia Porno,it,1,8.0,2012-10-08,2012-11-05,false,1.436,[Comedy]
86135,Reazione a catena - L'intesa vincente,it,1,8.0,2007-07-02,2018-06-04,true,11.71,[Talk]
7637,Quelli dell'intervallo,it,1,8.0,2005-09-09,2005-10-07,false,1.731,["Family,  Kids,  Comedy"]
56431,Una Buona Stagione,it,1,8.0,2014-04-01,2014-05-06,false,1.695,[Drama]
110283,The Sea Beyond,it,75,7.94,2020-09-23,2023-03-22,true,30.474,["Drama,  Crime"]
96171,Alessandro Borghese - 4 Ristoranti,it,7,7.929,2015-03-25,2023-10-01,true,18.845,[Reality]
67639,Rocco Schiavone,it,39,7.9,2016-11-09,2023-04-19,true,11.867,["Drama,  Crime"]
32066,Geronimo Stilton,it,13,7.9,2009-09-24,2016-11-04,false,14.287,["Mystery,  Comedy,  Animation"]
82700,Baby,it,728,7.883,2018-11-30,2020-09-16,false,24.21,[Drama]
7924,Corleone,it,46,7.856,2007-10-25,2007-11-29,false,12.069,["Drama,  Crime"]
18863,L'ispettore Coliandro,it,14,7.821,2006-08-24,2021-10-13,true,8.223,[Action & Adventure]
139309,Blanca,it,25,7.8,2021-11-22,2021-12-21,true,18.714,["Drama,  Crime"]
40839,Buona la prima!,it,6,7.8,2007-04-17,2017-06-28,false,7.36,[Comedy]
13021,R.I.S. - Delitti Imperfetti,it,5,7.8,2005-01-12,2009-03-18,false,20.065,["Drama,  Crime,  Mystery"]
95655,Il Collegio,it,4,7.8,2017-01-02,2022-11-29,true,2.965,[Reality]
221259,Quelle brave ragazze,it,2,7.8,2022-05-19,2023-03-26,true,903.0,[Comedy]
66448,"Quo vadis, baby?",it,2,7.8,2008-05-15,2008-06-19,false,2.043,["Crime,  Drama"]
155724,Christian,it,19,7.789,2022-01-28,2023-04-07,true,5.448,["Drama,  Comedy,  Mystery,  Crime"]
92137,ZeroZeroZero,it,348,7.763,2020-02-14,2020-03-06,false,16.413,["Crime,  Drama"]
62699,The Young Pope,it,460,7.704,2016-10-21,2016-11-18,false,12.231,[Drama]
96346,Luna Nera,it,212,7.7,2020-01-31,2020-01-31,false,11.434,["Sci-Fi & Fantasy,  Drama"]
116179,Inspector Ricciardi,it,20,7.7,2021-01-25,2023-03-21,true,6.559,["Crime,  Mystery,  Drama"]
78064,The Hunter,it,17,7.7,2018-03-14,2021-11-10,false,8.034,["Drama,  Crime"]
73379,Maggie & Bianca Fashion Friends,it,7,7.7,2016-08-29,2017-12-02,false,23.59,["Comedy,  Kids"]
197480,Bangla The Series,it,3,7.7,2022-04-27,2022-04-27,true,1.676,["Drama,  Family,  Comedy"]
123798,Before Pintus,it,3,7.7,2021-04-19,2021-04-19,true,1.925,[Comedy]
107956,Passeggeri notturni,it,3,7.667,2020-08-25,2020-10-27,true,798.0,["Drama,  Mystery"]
88408,The New Pope,it,197,7.632,2020-01-10,2020-02-07,false,17.24,[Drama]
223589,Running for my Truth: Alex Schwazer,it,16,7.625,2023-04-13,2023-04-13,false,4.84,["Documentary,  Crime"]
66052,Emigratis,it,8,7.625,2016-04-03,2022-10-19,true,9.638,[Comedy]
138395,Un Professore,it,23,7.609,2021-11-11,2021-12-16,true,8.047,["Drama,  Comedy,  Family"]
66550,Sanremo Music Festival,it,11,7.6,1951-01-29,2023-02-11,true,35.763,["Family,  Reality"]
68350,PopPixie,it,5,7.6,2011-01-10,2011-03-22,false,22.796,["Animation,  Comedy,  Family,  Kids"]
123500,Felicissima Sera,it,5,7.6,2021-04-16,2023-04-07,true,2.104,[Comedy]
212186,Vatican Girl: The Disappearance of Emanuela Orlandi,it,72,7.597,2022-10-20,2022-10-20,false,5.774,[Documentary]
12516,La Linea,it,24,7.583,1978-03-01,1986-05-21,false,15.071,["Animation,  Comedy"]
218532,Call My Agent - Italia,it,19,7.579,2023-01-20,2023-02-03,true,7.721,[Comedy]
96065,Pezzi unici,it,8,7.563,2019-11-17,2019-12-22,true,2.346,[Drama]
63309,The Lady with the Black Veil,it,9,7.556,2015-03-17,2015-04-16,false,12.747,[Drama]
103416,The Lying Life of Adults,it,69,7.5,2023-01-04,2023-01-04,false,14.407,[Drama]
31390,Un medico in famiglia,it,15,7.5,1998-12-06,2016-11-24,false,71.442,["Comedy,  Family"]
41446,Tutti pazzi per amore,it,10,7.5,2008-12-07,2012-01-01,false,22.441,["Comedy,  Family"]
73362,The Ladies' Paradise,it,10,7.5,2015-12-08,2019-12-16,true,131.813,["Comedy,  Soap,  Drama"]
89387,44 Cats,it,8,7.5,2018-11-11,2021-04-08,true,21.793,["Animation,  Comedy,  Kids,  Action & Adventure,  Family"]
41392,R.I.S. Roma – Delitti imperfetti,it,6,7.5,2010-03-18,2012-11-28,false,11.726,["Drama,  Mystery,  Crime"]
229193,The King Who Never Was,it,6,7.5,2023-07-04,2023-07-04,false,3.528,["Documentary,  Crime"]
16322,X Factor,it,5,7.5,2008-03-10,2023-09-28,true,28.837,[Reality]
126025,Alfredino - Una storia italiana,it,4,7.5,2021-06-21,2021-06-28,false,634.0,[Drama]
75184,The Adventures of Marco & Gina,it,4,7.5,2003-06-09,2003-07-14,false,3.034,["Family,  Animation"]
41383,Caro maestro,it,3,7.5,1996-03-08,1997-04-17,false,1.535,["Talk,  Comedy,  Drama,  Family"]
96457,Gino Bartali - L'intramontabile,it,3,7.5,2006-03-26,2006-03-27,false,1.509,[Drama]
108320,Dark Polo Gang - La serie,it,2,7.5,2018-08-27,2018-09-24,true,0.6,[Documentary]
95051,VivaRaiPlay!,it,2,7.5,2019-11-04,2019-12-20,false,0.6,["Comedy,  Talk"]
230010,Stasera casa Mika,it,2,7.5,2016-11-15,2017-11-21,false,2.112,["Comedy,  Soap,  Reality"]
9703,Tommy & Oscar,it,2,7.5,2000-01-01,2000-12-23,false,10.295,["Kids,  Family,  Animation"]
43455,Moana,it,2,7.5,2009-12-01,2009-12-02,false,2.649,[Drama]
194848,Telefono giallo,it,1,7.5,1987-09-29,1992-12-08,false,1.187,["Crime,  Documentary,  Mystery,  Talk"]
113411,L'alligatore,it,1,7.5,2020-11-25,2020-12-16,false,857.0,[Crime]
195369,Il Caso Scafroglia,it,1,7.5,2002-11-04,2002-12-18,false,6.013,[Talk]
77970,Atelier Fontana - Le sorelle della moda,it,1,7.5,2011-01-01,2011-01-01,true,4.204,[Drama]
139296,Ligabue - È andata così,it,1,7.5,2021-10-12,2021-10-12,false,2.481,[Documentary]
86649,Il Generale Dei Briganti,it,1,7.5,2012-02-12,2012-02-13,false,2.196,[War & Politics]
71800,Facciamo che io ero,it,1,7.5,2017-05-18,2017-06-08,false,1.253,["Comedy,  Family"]
41563,Grandi domani,it,1,7.5,2005-01-23,2005-04-10,false,5.566,[Family]
222018,Sei donne Il mistero di Leila,it,1,7.5,2023-02-28,2023-03-21,true,1.56,[Crime]
158581,Back To School,it,1,7.5,2022-01-04,2023-05-11,true,814.0,[Reality]
41276,Le stagioni del cuore,it,1,7.5,2004-05-04,2004-07-22,false,2.203,[Drama]
134057,Everything Calls for Salvation,it,67,7.47,2022-10-14,2022-10-14,true,7.914,[Drama]
213228,The Gymnasts,it,12,7.462,2022-10-26,2022-11-09,true,15.274,["Drama,  Mystery,  Crime"]
215556,Viva Rai2!,it,10,7.45,2022-12-05,2023-06-09,true,26.622,["Comedy,  Talk"]
77826,SKAM Italy,it,58,7.431,2018-03-29,2022-09-01,true,10.649,[Drama]
70858,The Red Door,it,19,7.421,2017-02-22,2023-02-01,false,9.656,["Crime,  Mystery"]
208878,Viola Come Il Mare,it,11,7.409,2022-09-30,2022-11-04,true,17.709,["Crime,  Drama,  Mystery"]
73671,Suburra: Blood on Rome,it,154,7.4,2017-10-06,2020-10-30,false,21.999,["Crime,  Drama"]
158050,The Bad Guy,it,38,7.4,2022-12-08,2022-12-15,true,6.645,["Crime,  Drama,  Comedy"]
87829,Carlo & Malik,it,17,7.4,2018-11-19,2022-05-09,true,4.297,["Drama,  Crime"]
222108,Exterior Night,it,14,7.4,2022-11-14,2022-11-17,false,7.43,["Crime,  Drama,  War & Politics"]
80112,The Generi,it,13,7.4,2018-06-07,2018-06-07,false,1.553,[Comedy]
80473,Le Tre Rose di Eva,it,5,7.4,2012-04-04,2018-01-04,true,10.555,[Drama]
104572,Alessandro Borghese - 4 Ristoranti Estate,it,4,7.4,2017-06-01,2018-07-26,true,1.652,[Reality]
60345,Gormiti: Nature Unleashed!,it,4,7.4,2012-09-17,2013-03-11,false,1.595,["Kids,  Animation"]
68796,Mafia Only Kills in Summer,it,25,7.38,2016-11-21,2018-05-31,false,7.434,["Comedy,  Crime,  Drama"]
84775,I topi,it,7,7.357,2018-10-06,2020-04-03,true,1.7,["Comedy,  Family"]
86728,Resto Umile World Show,it,3,7.333,2011-12-02,2011-12-09,false,955.0,["Comedy,  Talk"]
62459,1992,it,50,7.32,2015-03-24,2015-04-21,false,6.933,[Drama]
119861,Zero,it,121,7.302,2021-04-21,2021-04-21,false,7.489,[Sci-Fi & Fantasy]
102229,1994,it,30,7.3,2019-10-04,2019-10-25,false,5.108,[Drama]
35212,The Life of Leonardo da Vinci,it,3,7.3,1971-10-28,1971-11-21,false,4.15,["Documentary,  Drama"]
69778,Cavalli di battaglia,it,3,7.3,2017-01-14,2017-02-04,false,3.8,[Comedy]
8007,Chi vuol essere milionario?,it,3,7.3,2000-05-22,2018-12-07,true,3.286,[Talk]
99688,1993,it,34,7.294,2017-05-16,2017-06-06,false,7.036,[Drama]
126304,Generation 56k,it,43,7.291,2021-07-01,2021-07-01,false,5.464,["Comedy,  Drama"]
158053,Prisma,it,42,7.286,2022-09-21,2022-09-21,true,10.137,[Drama]
115569,SanPa: Sins of the Savior,it,26,7.25,2020-12-30,2020-12-30,false,2.535,[Documentary]
23337,Love Bugs,it,12,7.25,2004-12-15,2007-03-19,false,97.563,[Comedy]
80883,The Black Arrow,it,2,7.25,1968-12-22,1969-02-02,false,1.827,[Action & Adventure]
6094,Fantaghirò,it,13,7.231,1991-12-22,1996-12-22,false,8.123,["Sci-Fi & Fantasy,  Action & Adventure"]
94931,Imma Tataranni,it,16,7.219,2019-09-22,2023-10-02,true,33.432,["Comedy,  Crime"]
218896,The Law According to Lidia Poët,it,77,7.2,2023-02-15,2023-02-15,true,11.289,["Drama,  Crime,  War & Politics"]
123925,Anna,it,54,7.2,2021-04-23,2021-04-23,false,7.515,["Drama,  Mystery"]
117842,Tutta colpa di Freud,it,8,7.2,2021-02-05,2021-02-05,true,4.826,[Comedy]
66586,Dov'è Mario?,it,7,7.2,2016-05-25,2016-06-15,false,2.073,[Comedy]
100576,Volevo fare la rockstar,it,7,7.2,2019-10-30,2022-04-13,true,2.802,[Comedy]
40889,Il commissario Manara,it,6,7.2,2009-01-08,2011-03-31,false,4.476,["Comedy,  Mystery,  Crime"]
217276,Meraviglie - Stelle d'Europa,it,5,7.2,2022-12-28,2023-01-11,true,0.6,[Documentary]
228701,Vasco Rossi: Living It,it,5,7.2,2023-09-27,2023-09-27,false,17.815,[Documentary]
41659,"Sei forte, maestro",it,5,7.2,2000-06-11,2001-08-05,false,12.211,[Comedy]
32206,Capri,it,4,7.2,2006-10-15,2010-04-12,false,7.19,["Drama,  Soap"]
115171,Fratelli Caputo,it,4,7.2,2020-12-23,2021-01-06,false,1.887,[Family]
202652,Solo per passione - Letizia Battaglia fotografa,it,3,7.2,2022-05-22,2022-05-23,true,1.075,[Drama]
18385,Che tempo che fa,it,3,7.2,2003-09-13,2023-02-26,true,2.197,[Talk]
134710,Dinner Club,it,18,7.194,2021-09-24,2023-02-23,true,3.684,[Comedy]
96989,The Trial,it,22,7.182,2019-11-29,2019-12-13,false,7.774,["Crime,  Drama"]
130311,Un amore e una vendetta,it,3,7.167,2011-01-01,2011-02-19,false,971.0,["Mystery,  Drama"]
120494,LOL: Last One Laughing Italy,it,80,7.15,2021-04-01,2023-03-16,true,12.285,["Comedy,  Reality"]
110979,Redemption,it,7,7.143,2020-10-05,2020-11-23,true,2.754,["Drama,  Mystery"]
96506,Liberi tutti,it,4,7.125,2019-12-14,2019-12-14,true,2.415,["Comedy,  Family"]
66327,Gourmet Wars,it,4,7.125,2012-04-12,2014-05-21,false,7.248,[Comedy]
119064,The Good Mothers,it,24,7.104,2023-04-05,2023-04-05,false,6.374,["Drama,  Crime"]
153195,The Ferragnez,it,14,7.1,2021-12-09,2023-05-25,true,2.846,[Documentary]
137924,Storia di una famiglia perbene,it,6,7.1,2021-11-03,2021-11-24,true,2.619,[Drama]
82502,Rosy Abate - La Serie,it,5,7.1,2017-11-12,2019-10-11,true,2.038,[Drama]
41280,I Cesaroni,it,35,7.086,2006-09-07,2014-11-19,false,71.438,[Comedy]
70624,Fratelli di Crozza,it,6,7.083,2017-03-03,2023-09-29,true,13.207,[Comedy]
86343,The Name of the Rose,it,73,7.082,2019-03-04,2019-03-25,false,16.049,["Drama,  Mystery,  War & Politics"]
91253,The Miracle,it,28,7.071,2018-05-08,2018-05-29,false,5.339,["Drama,  Mystery"]
225226,Pesci piccoli,it,24,7.021,2023-06-08,2023-06-08,true,2.179,[Comedy]
109456,Petra,it,25,7.0,2020-12-06,2022-10-12,true,5.772,["Crime,  Drama,  Mystery,  Comedy"]
65710,Che Dio Ci Aiuti,it,20,7.0,2011-12-15,2023-03-16,true,8.675,[Comedy]
210413,Circeo,it,14,7.0,2022-09-15,2022-09-29,false,1.843,["Drama,  Crime"]
3495,Door Into Darkness,it,10,7.0,1973-09-04,1973-09-25,false,3.421,["Mystery,  Drama"]
196069,Studio Battaglia,it,5,7.0,2022-03-15,2022-04-05,true,1.726,["Comedy,  Drama"]
99232,"Love, Inevitably",it,5,7.0,2019-07-09,2019-07-14,false,3.458,[Comedy]
80599,A Family Tale,it,4,7.0,2018-01-08,2018-02-19,true,4.062,["Comedy,  Drama"]
61726,I dieci comandamenti,it,3,7.0,2014-12-15,2014-12-16,false,1.527,["History,  Talk"]
117590,La pupa e il secchione e viceversa,it,3,7.0,2020-01-07,2022-05-03,true,3.234,[Reality]
91871,È arrivata la felicità,it,3,7.0,2015-10-08,2018-04-29,false,2.358,[Comedy]
75024,Adriano Olivetti - La forza di un sogno,it,3,7.0,2013-10-28,2013-10-29,false,2.985,["Drama,  War & Politics"]
85217,Cocco Bill,it,3,7.0,2000-12-10,2000-12-10,false,796.0,["Comedy,  Action & Adventure,  Animation,  Western"]
69026,Mariottide,it,2,7.0,2016-10-26,2016-10-26,false,3.819,[Comedy]
74925,Aldo Moro - Il Presidente,it,2,7.0,2008-05-09,2008-05-11,false,1.841,[Drama]
95436,Antonino Chef Academy,it,2,7.0,2019-11-12,2021-10-03,true,763.0,["Reality,  Family"]
86349,La Pimpa,it,2,7.0,1982-01-01,2015-06-26,true,5.998,["Animation,  Kids,  Family"]
94933,La strada di casa,it,2,7.0,2017-11-14,2019-10-22,false,2.479,[Crime]
46246,Longlasting Youth,it,2,7.0,2010-12-13,2011-01-03,false,1.773,[Drama]
133613,Domicilio coatto,it,1,7.0,2020-06-01,2020-06-22,true,703.0,["Comedy,  Crime"]
85838,Lilliput put,it,1,7.0,,,false,0.6,["Animation,  Kids,  Comedy"]
112508,Un'ora sola vi vorrei,it,1,7.0,2020-09-22,2022-02-14,true,2.283,["Reality,  Talk"]
41506,Don Tonino,it,1,7.0,1988-04-08,1990-11-08,false,2.036,["Comedy,  Mystery,  Crime"]
209004,"Via Zanardi, 33",it,1,7.0,2001-01-28,2001-05-15,false,6.366,[Comedy]
86097,The Winner Is...,it,1,7.0,2012-11-17,2017-07-13,false,2.225,[Talk]
210698,L'ispettore Sarti,it,1,7.0,1991-02-12,1994-06-07,true,623.0,[Crime]
74880,Il segreto dell'acqua,it,1,7.0,2011-09-11,2011-10-02,false,4.248,["Crime,  Drama"]
66365,La Grande Magia - The Illusionist,it,1,7.0,2013-01-11,2013-01-31,false,1.757,["Family,  Reality"]
238432,Neurovisione,it,1,7.0,2008-09-18,2010-03-28,false,1.4,[Comedy]
238432,Neurovisione,it,1,7.0,2008-09-18,2010-03-28,false,0.6,[Comedy]
75598,COMIC - The Web Series,it,1,7.0,2017-05-17,2018-05-24,true,629.0,["Sci-Fi & Fantasy,  Comedy,  Action & Adventure"]
80466,Propaganda Live,it,1,7.0,2017-09-29,2023-09-29,true,53.019,["News,  Comedy"]
95419,VivaAsiago10!,it,1,7.0,2019-11-13,2019-12-20,false,0.6,["Talk,  Comedy"]
77951,"Rebecca, la prima moglie",it,1,7.0,2008-01-01,2008-01-01,false,1.809,["Soap,  Drama,  Mystery"]
77330,Per amore del mio popolo,it,1,7.0,2014-03-18,2014-03-19,false,2.442,[Drama]
196090,Operazione N.A.S.,it,1,7.0,2018-02-11,2019-03-31,true,0.75,[Documentary]
42700,The Voice of the Moon,it,1,7.0,,,false,0.6,["Comedy,  Drama"]
93061,Avere Ventanni,it,1,7.0,2004-12-07,2007-01-01,false,4.047,[Documentary]
88829,Come fai sbagli,it,1,7.0,2016-03-20,2016-06-05,false,1.746,[Comedy]
41461,Medici miei,it,1,7.0,2008-09-02,2017-05-05,false,2.805,[Comedy]
80596,Perlasca - Un eroe italiano,it,1,7.0,2002-01-28,2002-02-04,true,2.637,[Drama]
61667,Il segno del comando,it,1,7.0,1971-05-16,1971-06-13,false,2.605,[Mystery]
194761,Patto con la morte,it,1,7.0,1982-01-07,1982-01-21,true,1.57,[Action & Adventure]
51648,Cultural Capitals of Europe,it,1,7.0,,,false,0.6,[Documentary]
86663,Cefalonia,it,1,7.0,2005-04-11,2005-04-12,false,1.267,["Drama,  War & Politics"]
71606,Bat Pat,it,1,7.0,2016-12-12,2016-12-12,true,15.59,["Action & Adventure,  Animation"]
41129,Belli dentro,it,1,7.0,2005-02-13,2012-03-27,false,4.027,[Comedy]
130106,Il sangue e la rosa,it,1,7.0,2008-09-02,2008-09-23,false,1.213,["Action & Adventure,  Soap"]
40774,Crimini,it,1,7.0,2006-12-06,2010-05-27,false,5.54,["Crime,  Mystery"]
238432,Neurovisione,it,1,7.0,2008-09-18,2010-03-28,false,0.6,[Comedy]
213339,A&F - Ale e Franz Show,it,1,7.0,2011-10-30,2012-01-01,false,873.0,[Comedy]
88434,Rai Pipol - Lo spettacolo siete noi,it,1,7.0,2019-04-12,2019-06-01,false,0.6,[Talk]
154535,Framed! A Sicilian Murder Mystery,it,70,6.957,2022-01-01,2023-03-02,true,8.211,[Comedy]
41551,Distretto di Polizia,it,11,6.955,2000-09-26,2012-01-15,false,13.652,["Action & Adventure,  Comedy,  Drama"]
63809,Camera Café,it,35,6.929,2003-10-06,2017-12-21,false,18.997,[Comedy]
5610,Ciao Darwin,it,7,6.929,1998-10-03,2019-05-24,false,22.102,["Reality,  Talk,  Comedy,  Family"]
100333,Summertime,it,408,6.9,2020-04-29,2022-05-04,false,16.006,["Drama,  Comedy"]
73648,Padre Pio: Miracle Man,it,18,6.9,2000-04-17,2000-04-19,false,6.207,[Drama]
41399,I liceali,it,5,6.9,2008-04-24,2011-07-06,false,6.871,["Comedy,  Drama"]
228865,Love Club,it,4,6.875,2023-06-20,2023-06-20,true,4.82,[Drama]
156866,The Ignorant Angels,it,24,6.854,2022-04-13,2022-04-13,false,6.1,[Drama]
47442,Crozza nel Paese delle Meraviglie,it,3,6.833,2012-10-19,2016-12-16,false,1.412,[Comedy]
98734,Bang Bang Baby,it,36,6.819,2022-04-28,2022-05-19,true,6.149,["Drama,  Crime"]
43966,Sandokan,it,32,6.8,1976-01-06,1976-02-08,false,9.85,[Action & Adventure]
66181,Thou Shalt Not Kill,it,14,6.8,2015-09-11,2019-02-09,false,8.375,["Drama,  Mystery"]
94115,Made in Italy,it,10,6.8,2019-09-04,2019-09-20,true,3.58,[Comedy]
9253,Le Iene,it,5,6.8,1997-09-22,2021-11-12,true,45.679,["News,  Comedy"]
41329,Fuoriclasse,it,5,6.8,2011-01-23,2015-05-10,false,2.462,[Comedy]
213752,Prova Prova Sa Sa,it,5,6.8,2022-11-01,2022-11-01,true,1.458,["Comedy,  Family"]
86713,Nassirya - Per non dimenticare,it,5,6.8,2007-03-12,2007-03-19,false,1.738,["Action & Adventure,  Drama,  War & Politics"]
62274,Grisù,it,5,6.8,1975-01-01,1975-01-01,false,6.918,[Animation]
96229,Bake Off Italia - Dolci in forno,it,4,6.8,2013-11-29,2023-09-29,true,22.051,[Reality]
66447,The Monster of Florence,it,3,6.8,2009-11-12,2009-12-10,false,3.108,["Drama,  Crime"]
223561,The Patriarch,it,3,6.8,2023-04-14,2023-05-19,true,2.73,["Drama,  Crime"]
66012,Top Gear Italia,it,2,6.8,2016-03-22,2016-04-26,true,1.633,["Comedy,  Documentary,  Talk"]
41520,La Figlia di Elisa Rivombrosa,it,2,6.8,2007-11-04,2007-12-23,false,2.897,[Drama]
41081,La Squadra,it,2,6.8,2000-03-03,2007-12-05,false,22.394,["Crime,  Mystery,  Drama,  Action & Adventure"]
111186,Baciato dal sole,it,2,6.8,2016-02-22,2016-03-28,true,1.026,[Drama]
126934,Ho sposato uno sbirro,it,2,6.8,2008-06-13,2011-02-17,true,0.6,[Drama]
103849,Curon,it,164,6.788,2020-06-10,2020-06-10,false,10.134,["Drama,  Mystery,  Sci-Fi & Fantasy"]
213773,Grande Fratello VIP,it,2,6.75,2016-09-19,2023-04-03,true,4.101,[Reality]
135794,Vita da Carlo,it,24,6.729,2021-11-05,2023-09-29,true,19.689,[Comedy]
131808,Luna Park,it,17,6.706,2021-09-30,2021-09-30,true,4.926,[Drama]
55630,Masterchef Italy,it,19,6.7,2011-09-21,2023-03-02,true,37.044,[Reality]
69142,I bastardi di Pizzofalcone,it,16,6.7,2017-01-09,2021-10-25,true,11.112,[Drama]
158479,Il Re,it,12,6.7,2022-03-18,2022-04-08,true,5.192,["Crime,  Drama,  Action & Adventure"]
86662,The Adventures of Pinocchio,it,8,6.7,1972-04-08,1972-05-06,false,6.635,["Comedy,  Family,  Kids"]
74569,Boss Hunt,it,5,6.7,2015-11-02,2017-11-28,false,2.773,["Crime,  Drama"]
68646,Pirates: Blood Brothers,it,3,6.7,1999-01-02,1999-01-23,false,2.625,[Action & Adventure]
132013,"Vendetta: Truth, Lies and The Mafia",it,13,6.692,2021-09-24,2021-09-24,false,3.647,[Documentary]
96172,Bruno Barbieri - 4 hotel,it,6,6.667,2018-03-27,2023-07-06,true,9.483,[Family]
72803,Temptation Island,it,3,6.667,2005-05-19,2023-07-17,true,3.272,[Reality]
66326,Anni '50,it,3,6.667,1998-10-13,1998-10-22,false,3.9,[Comedy]
114954,Cops - Una banda di poliziotti,it,3,6.667,2020-12-18,2021-12-13,true,3.64,[Comedy]
137952,All or Nothing: Juventus,it,27,6.6,2021-11-25,2021-11-25,false,3.686,[Documentary]
202306,Di4ries,it,22,6.6,2022-05-18,2023-09-14,true,19.219,["Kids,  Family,  Drama"]
139552,Don't Leave Me,it,10,6.6,2022-01-10,2022-01-31,true,8.918,["Drama,  Crime"]
71770,Maltese: The Mafia Detective,it,7,6.6,2017-05-08,2018-04-26,false,4.015,["Crime,  Drama"]
218753,Blackout - Vite sospese,it,7,6.6,2023-01-23,2023-02-06,true,1.79,["Drama,  Mystery"]
127841,Drag Race Italia,it,6,6.6,2021-11-18,2022-12-08,true,5.958,[Reality]
40438,I delitti del cuoco,it,4,6.6,2010-05-09,2010-06-06,false,1.109,[Comedy]
119927,One Captain,it,32,6.547,2021-03-19,2021-04-02,false,3.269,["Comedy,  Drama"]
69272,L'allieva,it,19,6.526,2016-09-27,2020-11-08,false,8.723,["Comedy,  Crime,  Mystery"]
215547,Sono Lillo,it,12,6.5,2023-01-05,2023-01-05,true,2.554,[Comedy]
213120,"Vincenzo Malinconico, avvocato d'insuccesso",it,12,6.5,2022-10-20,2022-11-10,true,3.898,["Comedy,  Drama"]
153719,There's No Place Like Home,it,9,6.5,2021-12-20,2023-05-26,true,4.137,[Drama]
32536,Italia's Got Talent,it,4,6.5,2009-12-12,2023-09-29,true,16.273,[Reality]
48332,Christopher Columbus,it,2,6.5,1985-03-07,1985-03-28,false,3.863,["Drama,  Action & Adventure"]
67866,Chung Kuo-Cina,it,2,6.5,1972-01-24,1972-02-07,false,1.497,[Documentary]
72551,Mai dire TV,it,2,6.5,1991-09-21,1993-07-07,true,937.0,[Comedy]
109170,Made in Sud Live  2020,it,2,6.5,,2020-09-16,true,949.0,["Reality,  Talk,  Family"]
201637,Orgoglio,it,2,6.5,2004-02-03,2004-02-03,false,1.605,[Drama]
41051,Fratelli detective,it,1,6.5,2011-05-16,2011-06-20,false,1.767,["Crime,  Comedy"]
41594,Life Bites,it,1,6.5,2007-10-15,2013-06-07,false,42.585,["Family,  Kids,  Comedy"]
244693,Lazio 1974: grande e maledetta,it,1,6.5,2024-01-05,2024-01-19,true,6.479,[Documentary]
41494,Quelli della speciale,it,1,6.5,1993-01-13,1993-03-24,false,0.6,["Action & Adventure,  Comedy,  Crime"]
211995,5 minuti prima,it,1,6.5,2022-10-06,2022-10-06,true,0.6,["Comedy,  Drama"]
40808,Il Ritorno di Sandokan,it,1,6.5,1996-10-06,1996-10-27,false,2.039,["Drama,  Action & Adventure"]
102856,Eroi per caso,it,1,6.5,2011-01-10,2011-01-11,true,1.264,["War & Politics,  Drama"]
135908,An Astrological Guide for Broken Hearts,it,41,6.476,2021-10-27,2022-03-08,false,8.217,[Comedy]
119374,Le indagini di Lolita Lobosco,it,17,6.471,2021-02-21,2023-02-12,true,4.858,["Crime,  Drama"]
98889,Sirens,it,11,6.455,2017-10-26,2018-01-11,true,6.568,["Comedy,  Sci-Fi & Fantasy"]
67424,Simba: The King Lion,it,9,6.444,1995-08-01,1995-08-15,false,16.834,["Action & Adventure,  Animation,  Kids,  Family"]
80647,Faccia d'angelo,it,6,6.417,2012-03-12,2012-03-19,false,1.234,[Drama]
156867,Alessandro Cattelan: One Simple Question,it,14,6.4,2022-03-18,2022-03-18,true,1.867,["Documentary,  Comedy"]
124900,Veleno,it,9,6.4,2021-05-25,2021-05-25,false,1.479,[Documentary]
80595,Il Grande Torino,it,3,6.333,2005-09-25,2005-09-26,true,2.209,[Drama]
40887,Carabinieri,it,10,6.3,2002-03-12,2018-03-18,false,58.843,["Crime,  Comedy,  Action & Adventure"]
87901,Il silenzio dell'acqua,it,6,6.3,2019-03-08,2020-12-16,true,6.071,["Crime,  Drama"]
62503,Treasure Island in Outer Space,it,6,6.3,1987-11-19,1987-12-16,false,5.589,["Action & Adventure,  Sci-Fi & Fantasy"]
75792,Disappeared,it,5,6.3,2017-11-20,2017-12-19,false,1.616,["Drama,  Mystery"]
77247,Heart,it,3,6.3,1984-10-04,1984-11-08,false,1.079,[Drama]
205657,Fortune Seller: A TV Scam,it,34,6.271,2022-09-21,2022-09-21,false,3.276,[Documentary]
212921,I Hate Christmas,it,37,6.257,2022-12-07,2022-12-07,true,5.477,[Comedy]
116885,Mina Settembre,it,10,6.25,2021-01-17,2022-11-06,true,3.411,[Drama]
21220,Don Matteo,it,45,6.2,2000-01-07,2022-06-02,true,60.86,["Drama,  Comedy,  Mystery,  Crime"]
86607,La compagnia del cigno,it,11,6.2,2019-01-07,2021-05-16,true,7.385,["Drama,  Family"]
214669,Summer Job,it,6,6.2,2022-12-16,2022-12-16,true,1.431,[Reality]
217774,The General's Men,it,4,6.2,2023-01-09,2023-01-17,false,2.985,["Drama,  Crime"]
73634,Padre Pio: Between Heaven and Earth,it,4,6.2,2000-11-12,2000-11-13,false,4.687,[Drama]
74873,Squadra Mobile,it,4,6.2,2015-04-20,2017-11-01,false,2.486,["Crime,  Drama"]
73433,A come Andromeda,it,4,6.2,1972-01-04,1972-02-01,false,2.561,[Sci-Fi & Fantasy]
18490,The Age of the Medici,it,4,6.2,1972-12-26,1973-01-09,false,2.915,[Drama]
113538,Vite in Fuga,it,3,6.2,2020-11-22,2020-12-28,false,1.632,[Drama]
126589,Chiamami ancora amore,it,3,6.2,2021-04-01,2021-05-06,true,1.571,["Drama,  Family"]
128259,Other Times,it,2,6.2,2013-10-13,2013-10-20,false,2.633,[Drama]
214501,The Great Game,it,4,6.125,2022-11-18,2022-12-09,true,7.703,["Drama,  Crime"]
100425,Celebrity Hunted Italy,it,26,6.1,2020-03-13,2022-11-24,true,5.801,["Reality,  Action & Adventure"]
197939,Blocco 181,it,8,6.071,2022-05-20,2022-06-10,true,7.306,["Drama,  Crime"]
100572,Beautiful to Die For,it,8,6.063,2020-03-15,2020-04-05,false,2.144,["Drama,  Crime"]
41583,I Ragazzi della 3ª C,it,8,6.0,1987-01-13,1989-05-23,false,4.125,[Comedy]
80555,Ultimo,it,7,6.0,1998-11-17,2018-12-20,false,4.85,["Drama,  Crime"]
102435,Vivi e lascia vivere,it,5,6.0,2020-04-23,2020-05-28,false,5.019,[Drama]
115087,Masantonio,it,5,6.0,2020-12-22,2021-01-13,true,2.394,["Crime,  Drama"]
240593,Non ci resta che il crimine - La serie,it,5,6.0,2023-12-01,2023-12-15,true,8.142,[Comedy]
123629,Nudes,it,4,6.0,2021-04-20,2021-04-20,false,2.847,[Drama]
156122,L’Ora: Ink Over Bullets,it,4,6.0,2022-01-19,2022-02-16,true,7.542,["Drama,  Crime"]
157289,Lea,it,3,6.0,2022-02-08,2022-03-01,true,2.068,[Drama]
69172,Nel nome del male,it,3,6.0,2009-06-02,2009-06-03,false,0.6,["Drama,  Mystery"]
97725,Sposami,it,2,6.0,2012-10-03,2012-10-31,false,2.033,[Comedy]
77984,Imperium: Nero,it,2,6.0,2004-05-23,2004-05-24,false,4.013,["Drama,  War & Politics"]
41538,Valentina,it,2,6.0,1989-09-29,1989-12-22,false,3.621,["Crime,  Mystery"]
103731,Lives of the Saints,it,2,6.0,2004-09-20,2004-09-21,false,2.257,[Drama]
111185,Io non mi arrendo,it,2,6.0,2016-02-15,2016-02-16,true,0.84,[Drama]
102539,Non voglio cambiare pianeta,it,2,6.0,2020-04-24,2020-04-24,false,733.0,["Documentary,  Reality"]
201967,Spike Team,it,2,6.0,2010-11-21,2018-05-21,false,3.004,["Animation,  Kids,  Family,  Action & Adventure"]
70278,Rai dire niùs,it,2,6.0,2017-02-13,2017-06-08,false,1.427,[Comedy]
139444,Sarah - La ragazza di Avetrana,it,2,6.0,2021-11-23,2021-11-23,false,0.6,[Documentary]
77311,Seagull Island,it,2,6.0,1982-04-01,1982-04-29,false,4.04,["Action & Adventure,  Drama,  Mystery"]
122540,La fuggitiva,it,2,6.0,2021-04-05,2021-04-26,false,1.883,["Action & Adventure,  Mystery,  Drama"]
117428,Deal with it - Stai al gioco,it,1,6.0,2019-10-14,2021-12-03,true,54.713,[Reality]
86096,The Wall,it,1,6.0,2017-11-20,2018-11-19,true,1.4,[Talk]
219919,Cake star - Pasticcerie in sfida,it,1,6.0,2018-02-02,2023-03-24,true,753.0,[Reality]
227901,L'ultimo dei Mohicani,it,1,6.0,2006-06-15,2006-12-07,false,1.4,["Animation,  Action & Adventure,  Western"]
83436,I misteri di Laura,it,1,6.0,2015-10-27,2015-12-07,false,1.438,["Drama,  Comedy,  Mystery"]
211757,4 matrimoni,it,1,6.0,,2022-10-02,true,1.292,[Reality]
74655,Lenin... The Train,it,1,6.0,1988-11-30,1988-12-01,false,2.834,[War & Politics]
80318,CentoVetrine,it,1,6.0,2001-01-08,2016-08-08,false,87.928,["Soap,  Drama"]
92456,La strana coppia,it,1,6.0,2007-04-17,2007-10-08,true,3.899,[Comedy]
86134,Mercante in fiera,it,1,6.0,2006-01-30,2006-09-25,false,1.408,[Talk]
86108,Paperissima,it,1,6.0,1990-06-01,2013-06-01,false,1.845,[Talk]
42693,Karol: A Man Who Became Pope,it,1,6.0,2005-04-18,2005-04-19,false,3.471,[Drama]
41419,Professione fantasma,it,1,6.0,1998-02-06,1998-02-25,false,905.0,["Comedy,  Crime,  Mystery"]
202811,Big Shot,it,1,6.0,2016-09-26,2016-12-19,false,0.6,["Comedy,  Action & Adventure"]
206834,Mogli a pezzi,it,1,6.0,2008-05-12,2008-05-20,true,0.92,["Comedy,  Mystery"]
69076,Little Big Show,it,1,6.0,2016-12-13,2017-03-15,true,1.796,["Kids,  Family"]
67263,I promessi sposi,it,1,6.0,1989-11-12,1989-12-10,false,4.998,[Drama]
68944,Hell's Kitchen Italy,it,1,6.0,2014-04-17,2018-12-21,false,886.0,[Reality]
120053,La Storia siamo noi,it,1,6.0,2007-08-02,2007-08-02,false,1.4,["Documentary,  News,  War & Politics"]
79373,Be happy,it,1,6.0,2018-05-07,2018-06-08,false,1.112,[Talk]
133810,La mia jungla,it,1,6.0,2020-05-01,2020-09-23,true,0.6,[Comedy]
78671,Gladiator of Pompeii,it,1,6.0,,,false,0.84,[Drama]
76501,Fuga Dalla Morte,it,1,6.0,2013-10-04,2018-05-25,false,677.0,[Mystery]
91617,My Crazy Italian Wedding,it,1,6.0,2017-10-06,2021-12-17,true,1.753,[Reality]
97192,Dove la trovi una come me?,it,1,6.0,2011-10-23,2011-10-24,false,2.167,[Comedy]
212517,Dictators' Nightmare,it,1,6.0,2022-08-29,2022-08-30,false,1.4,["Documentary,  War & Politics"]
99398,Camorriste,it,1,6.0,2017-05-24,2017-07-26,false,0.6,["Documentary,  Crime"]
86633,Sara e Marti - #LaNostraStoria,it,1,6.0,2018-02-05,2020-03-13,true,2.898,[Kids]
205995,Il delitto di Perugia - Chi ha ucciso Meredith?,it,1,6.0,2021-05-29,2021-06-05,true,928.0,[Documentary]
85742,Chi ha incastrato Peter Pan?,it,1,6.0,1999-04-02,2017-10-26,false,5.206,["Talk,  Comedy"]
136260,Come quando fuori piove,it,1,6.0,2000-10-29,2000-10-30,false,3.035,[Comedy]
155077,La Baronessa di Carini,it,1,6.0,2007-10-14,2007-10-15,false,2.334,[Drama]
155795,"Devotion, a Story of Love and Desire",it,28,5.929,2022-02-14,2022-02-14,true,10.607,[Drama]
41755,We Are Angels,it,8,5.9,1997-02-09,1997-03-16,false,3.424,["Comedy,  Action & Adventure,  Crime"]
155781,Monterossi - La serie,it,7,5.9,2022-01-17,2022-01-17,true,1.703,["Comedy,  Crime"]
34151,Enchantment,it,6,5.9,1998-06-08,2010-10-08,false,80.51,[Drama]
75846,Viso d'angelo,it,5,5.9,2011-10-28,2011-11-18,false,2.367,["Drama,  Mystery,  Crime"]
86930,Christopher Columbus,it,9,5.8,1992-11-28,1993-03-30,false,5.625,[Animation]
157102,Noi,it,8,5.8,2022-03-06,2022-04-10,true,1.867,["Drama,  Family,  Comedy"]
32562,Casa Vianello,it,5,5.8,1988-01-17,2007-05-02,false,39.175,["Comedy,  Family"]
77305,The Green Trail,it,4,5.8,1975-12-21,1976-01-04,false,1.793,["Sci-Fi & Fantasy,  Mystery"]
41438,I soliti idioti,it,3,5.8,2009-02-28,2012-06-07,false,1.622,[Comedy]
137821,Ritoccàti,it,3,5.8,2020-07-13,2023-03-24,true,1.139,[Comedy]
74795,"Orzowei, il figlio della savana",it,3,5.8,1977-01-10,1977-04-04,false,1.076,[Action & Adventure]
41628,Linda e il brigadiere,it,2,5.8,1997-04-06,2000-03-31,false,3.918,["Comedy,  Crime"]
41352,Finalmente Soli,it,2,5.8,1999-02-19,2004-05-23,false,10.268,["Comedy,  Family"]
211431,Survivors,it,15,5.767,2022-10-03,2022-11-01,false,3.819,["Drama,  Mystery"]
227290,Aracataca. Non voglio cambiare pianeta 2,it,2,5.75,2023-04-24,2023-04-24,false,0.6,["Documentary,  Reality"]
97332,Zio Gianni,it,2,5.75,2014-12-22,2016-02-09,false,7.698,[Comedy]
95704,Oltre la soglia,it,2,5.75,2019-11-06,2019-12-17,false,5.146,[Drama]
220485,Fiori sopra l'inferno - I casi di Teresa Battaglia,it,9,5.722,2023-02-13,2023-02-27,true,2.389,[Crime]
75676,Pompeii,it,7,5.714,2007-03-05,2007-03-06,false,7.605,[Drama]
96768,Salvo D'Acquisto,it,4,5.6,2003-09-21,2003-09-22,false,2.453,["War & Politics,  Drama"]
72489,Solo,it,4,5.6,2016-11-09,2018-11-02,true,2.902,["Drama,  Crime"]
118054,Dinofroz,it,4,5.5,2012-09-10,2015-12-01,false,7.486,["Action & Adventure,  Animation,  Kids"]
41423,I ragazzi del muretto,it,3,5.5,1991-03-28,1996-07-02,false,2.447,[Comedy]
127623,Love Island,it,2,5.5,2021-06-06,2021-07-04,true,3.221,[Reality]
57033,Big Man,it,2,5.5,1988-11-25,1988-12-30,false,5.911,["Action & Adventure,  Comedy,  Crime"]
45251,Ritratto di Donna Velata,it,2,5.5,1975-08-31,1975-09-14,false,2.3,[Sci-Fi & Fantasy]
40789,Benedetti dal Signore,it,2,5.5,2004-01-23,2004-02-13,false,4.084,[Comedy]
76323,Immaturi - La serie,it,2,5.5,2018-01-12,2018-03-02,false,2.02,[Comedy]
41511,Fiore e Tinelli,it,1,5.5,2007-09-10,2009-12-29,false,2.283,["Comedy,  Family,  Kids"]
5723,The Black Arrow,it,1,5.5,2006-10-12,2006-11-09,false,1.4,[Drama]
112848,Gli Orologi Del Diavolo,it,9,5.444,2020-11-09,2020-12-28,false,4.062,["Drama,  Action & Adventure"]
19597,Lucky Luke,it,17,5.441,1992-03-20,1992-05-22,false,4.463,["Western,  Comedy"]
77204,Quo Vadis?,it,4,5.4,1985-02-24,1985-03-24,false,3.033,[Drama]
157450,Fosca Innocenti,it,4,5.375,2022-02-11,2023-02-03,true,9.664,["Mystery,  Drama,  Crime"]
202300,Giustizia per tutti,it,3,5.3,2022-05-18,2022-05-31,true,1.576,["Drama,  Crime"]
99233,Come una madre,it,3,5.3,2020-02-02,2020-02-16,false,1.879,[Drama]
86081,Avanti un altro!,it,2,5.25,2011-09-05,2019-01-07,true,1.618,[Talk]
40947,Un ciclone in famiglia,it,6,5.167,2005-01-18,2008-05-22,false,6.187,["Comedy,  Family"]
77106,Acts of the Apostles,it,4,5.1,1969-04-06,1969-05-04,false,1.96,[Drama]
220692,Resta con me,it,4,5.0,2023-02-19,2023-04-03,true,1.4,["Drama,  Crime"]
65226,Professione vacanze,it,3,5.0,1987-04-16,1987-05-21,false,4.298,[Comedy]
111442,The Knights of Castelcorvo,it,2,5.0,2020-11-06,2020-11-06,true,2.926,[Mystery]
154461,Unti e Bisunti,it,2,5.0,2013-06-23,2015-11-03,false,1.96,[Documentary]
40642,Classe Di ferro,it,2,5.0,1989-10-06,1991-12-26,false,1.709,[Comedy]
247171,LOL Talent Show: Be Funny and You're in!,it,2,5.0,2024-02-22,2024-03-07,true,9.385,[Reality]
46132,Paperissima Sprint,it,2,5.0,1990-12-02,2018-10-14,true,22.054,[Talk]
105626,Ex on The Beach Italia,it,2,5.0,2018-09-26,2022-12-28,true,748.0,[Reality]
17811,Anni '60,it,2,5.0,1999-10-03,1999-10-24,false,2.456,[Comedy]
43686,Vita di Michelangelo,it,1,5.0,1964-12-13,1964-12-20,false,1.654,[Drama]
119184,Augusto - Il primo imperatore,it,1,5.0,2003-11-30,2003-12-01,true,2.234,["Drama,  War & Politics"]
62242,Il Bosco,it,1,5.0,2015-02-20,2015-03-13,false,0.84,["Action & Adventure,  Mystery,  Crime"]
77481,Verdi,it,1,5.0,1982-10-13,1982-11-12,false,2.876,[Drama]
238853,Live - Non è la D'Urso,it,1,5.0,2019-03-13,2019-06-12,true,0.6,["News,  Reality"]
66723,Federico Buffa racconta - La città del calcio: Rosario,it,1,5.0,2016-05-20,2016-06-03,true,0.6,[Documentary]
123976,The Devil's Game,it,1,5.0,1981-05-20,1981-06-24,false,4.648,["Sci-Fi & Fantasy,  Action & Adventure"]
42822,"Karol: The Pope, The Man",it,1,5.0,2006-05-10,2006-05-11,false,3.397,[Drama]
67071,Complimenti per la connessione,it,1,5.0,2016-07-11,2016-08-05,true,1.943,["Comedy,  Family"]
196039,Più forti del destino,it,1,5.0,2022-03-09,2022-03-18,true,1.646,["Drama,  Mystery"]
114126,Alisea and the Dream Prince,it,1,5.0,1996-01-02,1996-01-04,false,3.721,["Action & Adventure,  Sci-Fi & Fantasy"]
100024,The Spaghetti Family,it,1,5.0,2003-12-21,2004-01-19,false,19.575,["Animation,  Comedy"]
80536,Il sequestro Soffiantini,it,1,5.0,2002-01-30,2002-01-31,false,2.429,["Drama,  Crime"]
126268,The Quick and the Taco,it,1,5.0,2019-08-03,2020-12-26,true,888.0,["Comedy,  Western"]
134785,Luce dei tuoi occhi,it,1,5.0,2021-09-22,2023-05-17,true,3.078,["Mystery,  Drama"]
156596,Acqua in bocca,it,1,5.0,2007-12-24,2008-06-16,true,3.842,["Animation,  Kids,  Family"]
238853,Live - Non è la D'Urso,it,1,5.0,2019-03-13,2019-06-12,true,0.6,["News,  Reality"]
88860,Un'altra vita,it,2,4.8,2014-10-14,2014-10-14,true,677.0,["Drama,  Family,  Comedy"]
226387,Vivere non è un gioco da ragazzi,it,7,4.643,2023-05-15,2023-05-29,true,1.438,["Drama,  Comedy"]
69736,Rosso San Valentino,it,3,4.5,2013-04-23,2013-05-08,true,1.916,[Family]
39810,Benito: The Rise and Fall of Mussolini,it,3,4.5,1994-02-01,1994-02-15,false,2.105,[Drama]
77860,Wild Italy,it,2,4.5,2014-08-10,2021-04-04,true,1.995,[Documentary]
121469,Mental,it,2,4.5,2020-12-18,2020-12-18,true,2.331,[Drama]
58245,The Money Drop,it,2,4.5,2011-12-12,2013-06-01,false,8.089,[Talk]
41382,Provaci ancora prof,it,2,4.2,2005-11-06,2017-10-19,false,2.89,["Comedy,  Drama,  Mystery"]
41571,One Step from Heaven,it,14,4.0,2011-04-10,2023-05-08,true,20.177,["Mystery,  Action & Adventure,  Comedy,  Family"]
125727,MOSTRI E PIRATI,it,2,4.0,2008-11-15,2014-12-26,false,663.0,["Animation,  Action & Adventure,  Sci-Fi & Fantasy"]
133904,Fino all'ultimo battito,it,2,4.0,2021-09-23,2021-10-28,true,1.709,[Drama]
100571,Non mentire,it,2,4.0,2020-02-17,2020-03-23,false,2.094,[Drama]
75047,Il Commissario Zagaria,it,1,4.0,2011-09-12,2011-09-13,false,1.4,["Crime,  Comedy"]
71729,In the Land of Don Quixote,it,1,4.0,1964-01-01,1964-01-01,false,1.427,[Documentary]
111710,Le avventure di Diabetik,it,1,4.0,2007-02-15,2007-02-15,false,1.375,[Comedy]
41223,College,it,5,3.7,1990-03-06,1990-06-05,false,3.069,[Comedy]
41488,Il mammo,it,2,3.5,2004-02-22,2007-09-22,false,7.095,[Comedy]
86190,Adrian,it,7,3.4,2019-01-21,2019-12-05,false,1.917,["Animation,  Action & Adventure,  Sci-Fi & Fantasy"]
96455,Siffredi Late Night - Hard Academy,it,3,3.0,2016-04-11,2016-05-05,false,0.0,[Reality]
41348,La dottoressa Giò,it,1,3.0,1997-10-25,2019-02-03,false,1.103,[Comedy]
95806,Nella scatola nera,it,1,3.0,2019-11-25,2020-10-15,true,0.93,[Drama]
124383,Truckers in the Trattoria,it,1,3.0,2018-05-10,2020-03-15,false,884.0,[Documentary]
66877,Diabolik - La serie,it,1,3.0,,,false,1.37,["Action & Adventure,  Crime"]
66549,Terra&Acqua,it,1,2.5,2014-10-09,2014-11-27,false,1.463,[Documentary]
74168,Anna Karenina,it,1,2.5,1974-11-10,1974-12-15,false,0.6,[Drama]
41772,Nonno Felice,it,2,2.25,1993-01-03,1995-10-08,false,10.798,["Comedy,  Family"]
86822,Back To The Island,it,9,2.1,2017-09-24,2019-12-06,false,4.348,["Family,  Crime,  Drama,  Mystery"]
221015,Sento Ancora la Vertigine,it,1,2.0,2023-02-20,2023-02-20,false,1.205,[Documentary]
238774,Il Bello Delle Donne...Alcuni Anni Dopo,it,1,2.0,2017-01-13,2017-03-03,true,0.6,["Comedy,  Drama"]
41445,Love me Licia,it,1,2.0,1986-10-06,1986-12-24,false,16.894,[Family]
96464,Paolo VI - Il Papa nella tempesta,it,1,2.0,2008-11-30,2008-12-01,true,2.395,[Drama]
135922,Seconda Guerra: Nuove Rivelazioni,it,1,2.0,2019-01-01,2019-02-05,true,892.0,["Documentary,  War & Politics"]
209863,Summer & Todd,it,1,2.0,2021-09-01,2021-10-23,true,3.842,["Animation,  Kids"]
238774,Il Bello Delle Donne...Alcuni Anni Dopo,it,1,2.0,2017-01-13,2017-03-03,true,631.0,["Comedy,  Drama"]
104545,Ghost Town,it,1,1.0,2017-11-12,2018-07-01,false,0.6,[Documentary]
68583,Untraditional,it,1,1.0,2016-11-03,2016-12-14,true,1.379,["Comedy,  Documentary,  Reality"]
155338,Ulisse. Il mio nome è Nessuno,it,1,0.0,2012-07-14,2012-08-08,true,2.284,["Animation,  Action & Adventure,  Kids,  Family,  Sci-Fi & Fantasy"]
76486,Ferrari,it,1,0.0,2003-02-16,2003-02-17,false,3.991,[Drama]
158587,The Band,it,1,0.0,2008-10-01,2009-10-28,false,0.6,[Comedy]
